1,1,1,ACTIVA,1,LOTE 1B,0,4.56071485,-72.77597285,2061958.3705,5024840.32432,
2,1,2,ACTIVA,1,LOTE 1B,0,4.56077498,-72.77604834,2061965.0109,5024831.95237,
3,1,3,ACTIVA,1,LOTE 1B,0,4.56082842,-72.77611514,2061970.9134,5024824.54356,
4,1,4,ACTIVA,1,LOTE 1B,0,4.56087985,-72.77618327,2061976.5945,5024816.98667,
5,1,5,ACTIVA,1,LOTE 1B,0,4.56094064,-72.77626010,2061983.3086,5024808.46656,
6,1,6,ACTIVA,1,LOTE 1B,0,4.56099475,-72.77632690,2061989.2850,5024801.05773,
7,1,7,ACTIVA,1,LOTE 1B,0,4.56105420,-72.77639036,2061995.8520,5024794.01906,
8,2,1,ACTIVA,1,LOTE 1B,0,4.56074915,-72.77588547,2061962.1626,5024850.01218,
9,2,2,ACTIVA,1,LOTE 1B,0,4.56080878,-72.77596069,2061968.7487,5024841.66915,
10,2,3,ACTIVA,1,LOTE 1B,0,4.56086565,-72.77603317,2061975.0307,5024833.63136,
11,2,4,ACTIVA,1,LOTE 1B,0,4.56091886,-72.77610105,2061980.9075,5024826.10230,
12,2,5,ACTIVA,1,LOTE 1B,1,4.56097757,-72.77617444,2061987.3922,5024817.96273,
13,2,6,ACTIVA,1,LOTE 1B,0,4.56102986,-72.77624324,2061993.1676,5024810.33199,
14,2,7,ACTIVA,1,LOTE 1B,0,4.56108766,-72.77631205,2061999.5511,5024802.70105,
15,2,8,ACTIVA,1,LOTE 1B,0,4.56113811,-72.77638544,2062005.1236,5024794.56178,
16,3,1,ACTIVA,1,LOTE 1B,0,4.56077898,-72.77580251,2061965.4622,5024859.20992,
17,3,2,ACTIVA,1,LOTE 1B,0,4.56083844,-72.77587599,2061972.0288,5024851.06020,
18,3,3,ACTIVA,1,LOTE 1B,0,4.56089655,-72.77595014,2061978.4478,5024842.83645,
19,3,4,ACTIVA,1,LOTE 1B,0,4.56094933,-72.77601961,2061984.2765,5024835.13138,
20,3,5,ACTIVA,1,LOTE 1B,0,4.56100343,-72.77608708,2061990.2528,5024827.64848,
21,3,6,ACTIVA,1,LOTE 1B,0,4.56106724,-72.77616054,2061997.3007,5024819.50157,
22,3,7,ACTIVA,1,LOTE 1B,0,4.56111934,-72.77623129,2062003.0541,5024811.65435,
23,3,8,ACTIVA,1,LOTE 1B,0,4.56117397,-72.77629923,2062009.0887,5024804.11871,
24,3,9,ACTIVA,1,LOTE 1B,0,4.56124121,-72.77637278,2062016.5162,5024795.96128,
25,3,10,ERRADICADA,0,LOTE 1B,0,4.56129095,-72.77644493,2062022.0089,5024787.95980,
26,3,11,ACTIVA,1,LOTE 1B,0,4.56134068,-72.77651498,2062027.5016,5024780.19132,
27,3,12,ACTIVA,1,LOTE 1B,0,4.56140162,-72.77658642,2062034.2326,5024772.26712,
28,3,13,ACTIVA,1,LOTE 1B,0,4.56145345,-72.77665857,2062039.9574,5024764.26557,
29,3,14,ACTIVA,1,LOTE 1B,0,4.56150949,-72.77672581,2062046.1468,5024756.80754,
30,3,15,ACTIVA,1,LOTE 1B,0,4.56156483,-72.77679936,2062052.2586,5024748.65054,
31,3,16,ACTIVA,1,LOTE 1B,0,4.56162296,-72.77686871,2062058.6801,5024740.95944,
32,3,17,ACTIVA,1,LOTE 1B,0,4.56167830,-72.77693735,2062064.7920,5024733.34611,
33,3,18,ACTIVA,1,LOTE 1B,0,4.56173084,-72.77700950,2062070.5943,5024725.34454,
34,3,19,ACTIVA,1,LOTE 1B,0,4.56179528,-72.77708375,2062077.7122,5024717.10956,
35,3,20,ACTIVA,1,LOTE 1B,0,4.56184711,-72.77715379,2062083.4371,5024709.34102,
36,3,21,ACTIVA,1,LOTE 1B,0,4.56189614,-72.77721824,2062088.8526,5024702.19392,
37,4,1,ACTIVA,1,LOTE 1B,0,4.56081664,-72.77572133,2061969.6263,5024868.20994,
38,4,2,ACTIVA,1,LOTE 1B,0,4.56086836,-72.77578905,2061975.3380,5024860.69926,
39,4,3,ACTIVA,1,LOTE 1B,0,4.56093300,-72.77586724,2061982.4778,5024852.02768,
40,4,4,ACTIVA,1,LOTE 1B,0,4.56098656,-72.77593680,2061988.3935,5024844.31215,
41,4,5,ACTIVA,1,LOTE 1B,0,4.56103950,-72.77600452,2061994.2412,5024836.80143,
42,4,6,ACTIVA,1,LOTE 1B,0,4.56109922,-72.77608456,2062000.8368,5024827.92523,
43,4,7,ACTIVA,1,LOTE 1B,0,4.56115278,-72.77615043,2062006.7526,5024820.61928,
44,4,8,ACTIVA,1,LOTE 1B,0,4.56120696,-72.77622000,2062012.7363,5024812.90374,
45,4,9,ACTIVA,1,LOTE 1B,1,4.56126360,-72.77629264,2062018.9920,5024804.84680,
46,4,10,ERRADICADA,0,LOTE 1B,0,4.56132615,-72.77636972,2062025.9006,5024796.29817,
47,4,11,ACTIVA,1,LOTE 1B,0,4.56137224,-72.77642921,2062030.9922,5024789.69968,
48,4,12,ACTIVA,1,LOTE 1B,0,4.56142819,-72.77649816,2062037.1719,5024782.05234,
49,4,13,ERRADICADA,0,LOTE 1B,0,4.56149077,-72.77657768,2062044.0831,5024773.23339,
50,4,14,ACTIVA,1,LOTE 1B,0,4.56154741,-72.77665771,2062050.3385,5024764.35731,
51,4,15,ACTIVA,1,LOTE 1B,0,4.56159912,-72.77670881,2062056.0508,5024758.68974,
52,4,16,ACTIVA,1,LOTE 1B,0,4.56165699,-72.77678823,2062062.4423,5024749.88187,
53,4,17,ACTIVA,1,LOTE 1B,0,4.56171178,-72.77685780,2062068.4941,5024742.16632,
54,4,18,ACTIVA,1,LOTE 1B,0,4.56176780,-72.77692552,2062074.6819,5024734.65551,
55,4,19,ERRADICADA,0,LOTE 1B,0,4.56182752,-72.77700678,2062081.2775,5024725.64280,
56,4,20,ACTIVA,1,LOTE 1B,0,4.56187923,-72.77706650,2062086.9894,5024719.01956,
57,4,21,ACTIVA,1,LOTE 1B,0,4.56193489,-72.77713212,2062093.1366,5024711.74086,
58,4,22,ACTIVA,1,LOTE 1B,1,4.56198965,-72.77720265,2062099.1856,5024703.91883,
59,4,23,ACTIVA,1,LOTE 1B,1,4.56204853,-72.77727704,2062105.6888,5024695.66796,
60,4,24,ACTIVA,1,LOTE 1B,0,4.56209779,-72.77734846,2062111.1283,5024687.74782,
61,4,25,ACTIVA,1,LOTE 1B,0,4.56215258,-72.77741864,2062117.1800,5024679.96401,
62,4,26,ACTIVA,1,LOTE 1B,0,4.56221599,-72.77749190,2062124.1840,5024671.83860,
63,4,27,ACTIVA,1,LOTE 1B,0,4.56227139,-72.77755901,2062130.3039,5024664.39609,
64,4,28,ACTIVA,1,LOTE 1B,0,4.56232496,-72.77762673,2062136.2196,5024656.88538,
65,4,29,ACTIVA,1,LOTE 1B,0,4.56238529,-72.77770737,2062142.8832,5024647.94092,
66,4,30,ACTIVA,1,LOTE 1B,0,4.56244070,-72.77777325,2062149.0031,5024640.63494,
67,4,31,ERRADICADA,0,LOTE 1B,0,4.56250164,-72.77785082,2062155.7349,5024632.03178,
68,4,32,ACTIVA,1,LOTE 1B,0,4.56256136,-72.77790992,2062162.3312,5024625.47654,
69,5,1,ACTIVA,1,LOTE 1B,0,4.56085412,-72.77563608,2061973.7705,5024877.66167,
70,5,2,ACTIVA,1,LOTE 1B,0,4.56090377,-72.77570936,2061979.2535,5024869.53397,
71,5,3,ACTIVA,1,LOTE 1B,0,4.56096523,-72.77578383,2061986.0424,5024861.27480,
72,5,4,ACTIVA,1,LOTE 1B,0,4.56101646,-72.77585396,2061991.6996,5024853.49655,
73,5,5,ACTIVA,1,LOTE 1B,0,4.56107753,-72.77592213,2061998.4452,5024845.93641,
74,5,6,ACTIVA,1,LOTE 1B,0,4.56112835,-72.77599226,2062004.0589,5024838.15817,
75,5,7,ACTIVA,1,LOTE 1B,0,4.56118548,-72.77607264,2062010.3687,5024829.24383,
76,5,8,ACTIVA,1,LOTE 1B,0,4.56123946,-72.77613528,2062016.3309,5024822.29557,
77,5,9,ACTIVA,1,LOTE 1B,0,4.56129384,-72.77620305,2062022.3365,5024814.77935,
78,5,10,ACTIVA,1,LOTE 1B,0,4.56135656,-72.77627725,2062029.2642,5024806.55018,
79,5,11,ACTIVA,1,LOTE 1B,0,4.56140519,-72.77635236,2062034.6355,5024798.22046,
80,5,12,ACTIVA,1,LOTE 1B,0,4.56146245,-72.77641761,2062040.9595,5024790.98266,
81,5,13,ACTIVA,1,LOTE 1B,0,4.56152463,-72.77648964,2062047.8274,5024782.99379,
82,5,14,ACTIVA,1,LOTE 1B,0,4.56157819,-72.77655736,2062053.7432,5024775.48307,
83,5,15,ACTIVA,1,LOTE 1B,0,4.56162744,-72.77662816,2062059.1827,5024767.63117,
84,5,16,ACTIVA,1,LOTE 1B,0,4.56169146,-72.77670573,2062066.2545,5024759.02789,
85,5,17,ACTIVA,1,LOTE 1B,0,4.56174626,-72.77677284,2062072.3063,5024751.58538,
86,5,18,ACTIVA,1,LOTE 1B,0,4.56179674,-72.77683871,2062077.8820,5024744.27955,
87,5,19,ACTIVA,1,LOTE 1B,1,4.56185215,-72.77691012,2062084.0018,5024736.35919,
88,5,20,ACTIVA,1,LOTE 1B,0,4.56191063,-72.77698339,2062090.4615,5024728.23394,
89,5,21,ACTIVA,1,LOTE 1B,0,4.56196542,-72.77705603,2062096.5132,5024720.17708,
90,5,22,ERRADICADA,0,LOTE 1B,0,4.56202391,-72.77713175,2062102.9729,5024711.77878,
91,5,23,ACTIVA,1,LOTE 1B,0,4.56208055,-72.77719763,2062109.2288,5024704.47274,
92,5,24,ACTIVA,1,LOTE 1B,0,4.56213472,-72.77726535,2062115.2126,5024696.96201,
93,5,25,ACTIVA,1,LOTE 1B,0,4.56219025,-72.77732864,2062121.3453,5024689.94186,
94,5,26,ACTIVA,1,LOTE 1B,0,4.56224970,-72.77740793,2062127.9119,5024681.14846,
95,5,27,ACTIVA,1,LOTE 1B,0,4.56230407,-72.77747806,2062133.9173,5024673.37013,
96,5,28,ACTIVA,1,LOTE 1B,0,4.56235697,-72.77754238,2062139.7598,5024666.23626,
97,5,29,ERRADICADA,0,LOTE 1B,0,4.56241730,-72.77761380,2062146.4237,5024658.31574,
98,5,30,ACTIVA,1,LOTE 1B,0,4.56247209,-72.77768644,2062152.4753,5024650.25889,
99,5,31,ACTIVA,1,LOTE 1B,0,4.56252812,-72.77775170,2062158.6633,5024643.02115,
100,5,32,ERRADICADA,0,LOTE 1B,0,4.56258845,-72.77783050,2062165.3269,5024634.28148,
101,5,33,ACTIVA,1,LOTE 1B,0,4.56264386,-72.77790069,2062171.4467,5024626.49766,
102,5,34,ACTIVA,1,LOTE 1B,0,4.56269680,-72.77796656,2062177.2945,5024619.19177,
103,5,35,ACTIVA,1,LOTE 1B,0,4.56275221,-72.77803674,2062183.4143,5024611.40795,
104,5,36,ACTIVA,1,LOTE 1B,0,4.56281316,-72.77811123,2062190.1461,5024603.14611,
105,5,37,ACTIVA,1,LOTE 1B,0,4.56286487,-72.77817895,2062195.8578,5024595.63547,
106,5,38,ACTIVA,1,LOTE 1B,0,4.56291720,-72.77824790,2062201.6375,5024587.98829,
107,5,39,ACTIVA,1,LOTE 1B,0,4.56298122,-72.77832178,2062208.7095,5024579.79461,
108,5,40,ACTIVA,1,LOTE 1B,0,4.56303663,-72.77839443,2062214.8292,5024571.73775,
109,6,1,ACTIVA,1,LOTE 1B,0,4.56088328,-72.77555860,2061976.9948,5024886.25151,
110,6,2,ACTIVA,1,LOTE 1B,0,4.56094178,-72.77562719,2061983.4566,5024878.64426,
111,6,3,ACTIVA,1,LOTE 1B,1,4.56099605,-72.77570372,2061989.4500,5024870.15585,
112,6,4,ERRADICADA,0,LOTE 1B,0,4.56105092,-72.77577538,2061995.5104,5024862.20874,
113,6,5,ACTIVA,1,LOTE 1B,0,4.56110385,-72.77583735,2062001.3572,5024855.33537,
114,6,6,ACTIVA,1,LOTE 1B,0,4.56115937,-72.77590772,2062007.4890,5024847.53139,
115,6,7,ACTIVA,1,LOTE 1B,0,4.56122070,-72.77598260,2062014.2626,5024839.22616,
116,6,8,ACTIVA,1,LOTE 1B,0,4.56127299,-72.77605490,2062020.0377,5024831.20756,
117,6,9,ACTIVA,1,LOTE 1B,1,4.56132979,-72.77612397,2062026.3123,5024823.54670,
118,6,10,ACTIVA,1,LOTE 1B,0,4.56138854,-72.77619821,2062032.8006,5024815.31315,
119,6,11,ACTIVA,1,LOTE 1B,0,4.56144212,-72.77627116,2062038.7183,5024807.22293,
120,6,12,ACTIVA,1,LOTE 1B,0,4.56149312,-72.77633571,2062044.3510,5024800.06332,
121,6,13,ACTIVA,1,LOTE 1B,0,4.56155767,-72.77641124,2062051.4813,5024791.68641,
122,6,14,ACTIVA,1,LOTE 1B,0,4.56160996,-72.77647967,2062057.2565,5024784.09729,
123,6,15,ACTIVA,1,LOTE 1B,0,4.56166096,-72.77654745,2062062.8891,5024776.57979,
124,6,16,ACTIVA,1,LOTE 1B,0,4.56171845,-72.77661366,2062069.2395,5024769.23654,
125,6,17,ACTIVA,1,LOTE 1B,0,4.56177998,-72.77669031,2062076.0354,5024760.73448,
126,6,18,ACTIVA,1,LOTE 1B,0,4.56182940,-72.77675789,2062081.4941,5024753.23941,
127,6,19,ACTIVA,1,LOTE 1B,0,4.56188488,-72.77682850,2062087.6215,5024745.40861,
128,6,20,ACTIVA,1,LOTE 1B,0,4.56194439,-72.77690012,2062094.1946,5024737.46582,
129,6,21,ERRADICADA,0,LOTE 1B,0,4.56200245,-72.77697092,2062100.6073,5024729.61257,
130,6,22,ACTIVA,1,LOTE 1B,0,4.56205732,-72.77703741,2062106.6679,5024722.23810,
131,6,23,ERRADICADA,0,LOTE 1B,0,4.56211542,-72.77711553,2062113.0848,5024713.57511,
132,6,24,ACTIVA,1,LOTE 1B,0,4.56216771,-72.77717943,2062118.8602,5024706.48705,
133,6,25,ACTIVA,1,LOTE 1B,0,4.56222379,-72.77724810,2062125.0545,5024698.87097,
134,6,26,ACTIVA,1,LOTE 1B,0,4.56228431,-72.77732779,2062131.7388,5024690.03343,
135,6,27,ACTIVA,1,LOTE 1B,0,4.56233777,-72.77739436,2062137.6434,5024682.65007,
136,6,28,ACTIVA,1,LOTE 1B,0,4.56239224,-72.77746396,2062143.6593,5024674.93116,
137,6,29,ACTIVA,1,LOTE 1B,0,4.56244658,-72.77752996,2062149.6620,5024667.61040,
138,6,30,ACTIVA,1,LOTE 1B,0,4.56250339,-72.77760291,2062155.9364,5024659.52009,
139,6,31,ACTIVA,1,LOTE 1B,0,4.56256020,-72.77767457,2062162.2108,5024651.57295,
140,6,32,ACTIVA,1,LOTE 1B,0,4.56261184,-72.77774364,2062167.9147,5024643.91229,
141,6,33,ACTIVA,1,LOTE 1B,0,4.56267510,-72.77782046,2062174.9023,5024635.39229,
142,6,34,ACTIVA,1,LOTE 1B,0,4.56273062,-72.77788372,2062181.0344,5024628.37571,
143,6,35,ACTIVA,1,LOTE 1B,0,4.56278356,-72.77795279,2062186.8809,5024620.71502,
144,6,36,ACTIVA,1,LOTE 1B,0,4.56284682,-72.77802574,2062193.8686,5024612.62450,
145,6,37,ACTIVA,1,LOTE 1B,0,4.56289782,-72.77809804,2062199.5011,5024604.60597,
146,6,38,ACTIVA,1,LOTE 1B,0,4.56295535,-72.77816241,2062205.8557,5024597.46621,
147,6,39,ACTIVA,1,LOTE 1B,0,4.56301608,-72.77824133,2062212.5635,5024588.71440,
148,6,40,ACTIVA,1,LOTE 1B,0,4.56307062,-72.77830702,2062218.5871,5024581.42872,
149,6,41,ACTIVA,1,LOTE 1B,0,4.56312309,-72.77837642,2062224.3823,5024573.73083,
150,6,42,ACTIVA,1,LOTE 1B,0,4.56318217,-72.77845038,2062230.9078,5024565.52880,
151,6,43,ERRADICADA,0,LOTE 1B,0,4.56323794,-72.77852557,2062237.0680,5024557.18945,
152,6,44,ACTIVA,1,LOTE 1B,0,4.56329124,-72.77858878,2062242.9547,5024550.17868,
153,6,45,ACTIVA,1,LOTE 1B,0,4.56334825,-72.77865365,2062249.2522,5024542.98455,
154,7,1,ACTIVA,1,LOTE 1B,0,4.56091955,-72.77547244,2061981.0051,5024895.80398,
155,7,2,ACTIVA,1,LOTE 1B,0,4.56097460,-72.77554253,2061987.0859,5024888.02966,
156,7,3,ACTIVA,1,LOTE 1B,0,4.56102983,-72.77560847,2061993.1855,5024880.71608,
157,7,4,ACTIVA,1,LOTE 1B,0,4.56108670,-72.77568745,2061999.4675,5024871.95764,
158,7,5,ACTIVA,1,LOTE 1B,0,4.56114123,-72.77575749,2062005.4901,5024864.18959,
159,7,6,ACTIVA,1,LOTE 1B,0,4.56119529,-72.77582518,2062011.4608,5024856.68217,
160,7,7,ACTIVA,1,LOTE 1B,0,4.56126016,-72.77590509,2062018.6257,5024847.81920,
161,7,8,ACTIVA,1,LOTE 1B,0,4.56130905,-72.77596723,2062024.0253,5024840.92765,
162,7,9,ACTIVA,1,LOTE 1B,0,4.56136340,-72.77603406,2062030.0285,5024833.51470,
163,7,10,ERRADICADA,0,LOTE 1B,0,4.56141481,-72.77611412,2062035.7067,5024824.63591,
164,7,11,ACTIVA,1,LOTE 1B,0,4.56147945,-72.77618390,2062042.8460,5024816.89684,
165,7,12,ACTIVA,1,LOTE 1B,0,4.56153160,-72.77624780,2062048.6059,5024809.80973,
166,7,13,ACTIVA,1,LOTE 1B,0,4.56158301,-72.77632198,2062054.2842,5024801.58247,
167,7,14,ACTIVA,1,LOTE 1B,0,4.56164471,-72.77639690,2062061.0987,5024793.27342,
168,7,15,ACTIVA,1,LOTE 1B,0,4.56170273,-72.77646667,2062067.5076,5024785.53459,
169,7,16,ACTIVA,1,LOTE 1B,0,4.56175415,-72.77653131,2062073.1863,5024778.36606,
170,7,17,ACTIVA,1,LOTE 1B,0,4.56181511,-72.77660329,2062079.9198,5024770.38280,
171,7,18,ACTIVA,1,LOTE 1B,0,4.56186432,-72.77667160,2062085.3549,5024762.80715,
172,7,19,ACTIVA,1,LOTE 1B,0,4.56192087,-72.77674284,2062091.6014,5024754.90549,
173,7,20,ACTIVA,1,LOTE 1B,0,4.56198110,-72.77681776,2062098.2536,5024746.59650,
174,7,21,ACTIVA,1,LOTE 1B,0,4.56203545,-72.77688753,2062104.2567,5024738.85779,
175,7,22,ACTIVA,1,LOTE 1B,0,4.56208980,-72.77695658,2062110.2599,5024731.20053,
176,7,23,ACTIVA,1,LOTE 1B,0,4.56214812,-72.77702950,2062116.7012,5024723.11313,
177,7,24,ACTIVA,1,LOTE 1B,0,4.56220077,-72.77709907,2062122.5160,5024715.39729,
178,7,25,ACTIVA,1,LOTE 1B,0,4.56225906,-72.77716441,2062128.9543,5024708.15035,
179,7,26,ACTIVA,1,LOTE 1B,0,4.56231359,-72.77723633,2062134.9769,5024700.17384,
180,7,27,ACTIVA,1,LOTE 1B,0,4.56237470,-72.77730684,2062141.7266,5024692.35347,
181,7,28,ACTIVA,1,LOTE 1B,0,4.56242499,-72.77737359,2062147.2819,5024684.95045,
182,7,29,ACTIVA,1,LOTE 1B,0,4.56247614,-72.77744648,2062152.9311,5024676.86656,
183,7,30,ACTIVA,1,LOTE 1B,0,4.56254004,-72.77752286,2062159.9890,5024668.39458,
184,7,31,ACTIVA,1,LOTE 1B,0,4.56259366,-72.77758970,2062165.9111,5024660.98167,
185,7,32,ACTIVA,1,LOTE 1B,0,4.56265095,-72.77765727,2062172.2389,5024653.48720,
186,7,33,ACTIVA,1,LOTE 1B,0,4.56271044,-72.77773586,2062178.8099,5024644.77105,
187,7,34,ACTIVA,1,LOTE 1B,0,4.56276626,-72.77780050,2062184.9755,5024637.60239,
188,7,35,ACTIVA,1,LOTE 1B,0,4.56282135,-72.77786954,2062191.0598,5024629.94512,
189,7,36,ACTIVA,1,LOTE 1B,0,4.56287717,-72.77793858,2062197.2253,5024622.28782,
190,7,37,ACTIVA,1,LOTE 1B,0,4.56293152,-72.77801497,2062203.2282,5024613.81618,
191,7,38,ACTIVA,1,LOTE 1B,0,4.56298587,-72.77808034,2062209.2315,5024606.56613,
192,7,39,ACTIVA,1,LOTE 1B,0,4.56304243,-72.77815158,2062215.4781,5024598.66450,
193,7,40,ACTIVA,1,LOTE 1B,0,4.56310486,-72.77822429,2062222.3738,5024590.59978,
194,7,41,ACTIVA,1,LOTE 1B,0,4.56315848,-72.77829040,2062228.2959,5024583.26832,
195,7,42,ACTIVA,1,LOTE 1B,0,4.56321650,-72.77836385,2062234.7048,5024575.12232,
196,7,43,ERRADICADA,0,LOTE 1B,0,4.56328052,-72.77844676,2062241.7755,5024565.92716,
197,7,44,ACTIVA,1,LOTE 1B,0,4.56332659,-72.77850551,2062246.8635,5024559.41037,
198,7,45,ACTIVA,1,LOTE 1B,0,4.56338111,-72.77857320,2062252.8862,5024551.90298,
199,7,46,ACTIVA,1,LOTE 1B,0,4.56343799,-72.77864324,2062259.1686,5024544.13490,
200,7,47,ACTIVA,1,LOTE 1B,0,4.56349561,-72.77871713,2062265.5319,5024535.94005,
201,7,48,ACTIVA,1,LOTE 1B,0,4.56354702,-72.77878617,2062271.2105,5024528.28292,
202,7,52,ACTIVA,1,LOTE 1B,0,4.56383462,-72.77914249,2062302.9763,5024488.76479,
203,7,53,ACTIVA,1,LOTE 1B,0,4.56388926,-72.77920628,2062309.0120,5024481.68974,
204,7,54,ACTIVA,1,LOTE 1B,0,4.56394512,-72.77927454,2062315.1809,5024474.11891,
205,8,1,ACTIVA,1,LOTE 1B,0,4.56095223,-72.77539159,2061984.6193,5024904.76679,
206,8,2,ACTIVA,1,LOTE 1B,0,4.56100720,-72.77546074,2061990.6901,5024897.09763,
207,8,3,ACTIVA,1,LOTE 1B,0,4.56106127,-72.77552989,2061996.6629,5024889.42850,
208,8,4,ACTIVA,1,LOTE 1B,0,4.56112485,-72.77560386,2062003.6857,5024881.22430,
209,8,5,ACTIVA,1,LOTE 1B,0,4.56117989,-72.77567365,2062009.7643,5024873.48437,
210,8,6,ACTIVA,1,LOTE 1B,0,4.56122889,-72.77574334,2062015.1759,5024865.75471,
211,8,7,ACTIVA,1,LOTE 1B,0,4.56128645,-72.77581092,2062021.5337,5024858.26020,
212,8,8,ACTIVA,1,LOTE 1B,0,4.56134319,-72.77588627,2062027.8002,5024849.90290,
213,8,9,ACTIVA,1,LOTE 1B,0,4.56139460,-72.77595187,2062033.4793,5024842.62706,
214,8,10,ACTIVA,1,LOTE 1B,0,4.56144780,-72.77602191,2062039.3541,5024834.85967,
215,8,11,ACTIVA,1,LOTE 1B,0,4.56151024,-72.77609937,2062046.2511,5024826.26872,
216,8,12,ACTIVA,1,LOTE 1B,0,4.56156958,-72.77616469,2062052.8057,5024819.02333,
217,8,13,ACTIVA,1,LOTE 1B,0,4.56161745,-72.77623550,2062058.0928,5024811.17012,
218,8,14,ACTIVA,1,LOTE 1B,0,4.56168128,-72.77630731,2062065.1431,5024803.20577,
219,8,15,ACTIVA,1,LOTE 1B,0,4.56173215,-72.77638062,2062070.7607,5024795.07599,
220,8,16,ACTIVA,1,LOTE 1B,0,4.56178500,-72.77644943,2062076.5989,5024787.44378,
221,8,17,ACTIVA,1,LOTE 1B,0,4.56184634,-72.77652573,2062083.3735,5024778.98189,
222,8,18,ACTIVA,1,LOTE 1B,0,4.56189621,-72.77659155,2062088.8812,5024771.68154,
223,8,19,ACTIVA,1,LOTE 1B,0,4.56195380,-72.77665753,2062095.2429,5024764.36365,
224,8,20,ACTIVA,1,LOTE 1B,0,4.56200912,-72.77672766,2062101.3531,5024756.58622,
225,8,21,ACTIVA,1,LOTE 1B,0,4.56206678,-72.77680635,2062107.7213,5024747.85836,
226,8,22,ACTIVA,1,LOTE 1B,0,4.56212288,-72.77687648,2062113.9175,5024740.08091,
227,8,23,ACTIVA,1,LOTE 1B,0,4.56217795,-72.77694062,2062120.0004,5024732.96700,
228,8,24,ACTIVA,1,LOTE 1B,0,4.56223879,-72.77701392,2062126.7200,5024724.83689,
229,8,25,ACTIVA,1,LOTE 1B,0,4.56229514,-72.77708224,2062132.9439,5024717.25987,
230,8,26,ERRADICADA,0,LOTE 1B,0,4.56234501,-72.77715105,2062138.4515,5024709.62777,
231,8,27,ACTIVA,1,LOTE 1B,0,4.56240335,-72.77722735,2062144.8955,5024701.16599,
232,8,28,ACTIVA,1,LOTE 1B,0,4.56245721,-72.77729268,2062150.8440,5024693.92081,
233,8,29,ACTIVA,1,LOTE 1B,0,4.56251007,-72.77736448,2062156.6821,5024685.95686,
234,8,30,ACTIVA,1,LOTE 1B,0,4.56257140,-72.77743380,2062163.4569,5024678.26909,
235,8,31,ACTIVA,1,LOTE 1B,0,4.56263074,-72.77750561,2062170.0113,5024670.30492,
236,8,32,ACTIVA,1,LOTE 1B,0,4.56268709,-72.77757093,2062176.2353,5024663.05966,
237,8,33,ACTIVA,1,LOTE 1B,1,4.56274095,-72.77764673,2062182.1835,5024654.65333,
238,8,34,ACTIVA,1,LOTE 1B,0,4.56280029,-72.77771704,2062188.7379,5024646.85505,
239,8,35,ACTIVA,1,LOTE 1B,0,4.56284816,-72.77778685,2062194.0250,5024639.11244,
240,8,36,ACTIVA,1,LOTE 1B,0,4.56290451,-72.77785367,2062200.2490,5024631.70131,
241,8,37,ACTIVA,1,LOTE 1B,0,4.56296634,-72.77792598,2062207.0789,5024623.68177,
242,8,38,ACTIVA,1,LOTE 1B,0,4.56302070,-72.77799430,2062213.0824,5024616.10483,
243,8,39,ACTIVA,1,LOTE 1B,0,4.56307555,-72.77806411,2062219.1409,5024608.36199,
244,8,40,ACTIVA,1,LOTE 1B,0,4.56313190,-72.77813791,2062225.3646,5024600.17676,
245,8,41,ACTIVA,1,LOTE 1B,0,4.56318925,-72.77821321,2062231.6985,5024591.82563,
246,8,42,ACTIVA,1,LOTE 1B,0,4.56324510,-72.77827904,2062237.8674,5024584.52510,
247,8,43,ACTIVA,1,LOTE 1B,0,4.56330566,-72.77835300,2062244.5560,5024576.32246,
248,8,44,ACTIVA,1,LOTE 1B,0,4.56336020,-72.77841845,2062250.5803,5024569.06345,
249,8,45,ACTIVA,1,LOTE 1B,0,4.56341552,-72.77848623,2062256.6905,5024561.54523,
250,8,46,ACTIVA,1,LOTE 1B,0,4.56347629,-72.77856025,2062263.4033,5024553.33567,
251,8,47,ACTIVA,1,LOTE 1B,0,4.56353317,-72.77862804,2062269.6857,5024545.81740,
252,8,48,ERRADICADA,0,LOTE 1B,0,4.56358786,-72.77870830,2062275.7256,5024536.91689,
253,8,53,ACTIVA,1,LOTE 1B,0,4.56386787,-72.77905648,2062306.6534,5024498.29978,
254,8,54,ACTIVA,1,LOTE 1B,0,4.56392509,-72.77912466,2062312.9736,5024490.73831,
255,8,55,ACTIVA,1,LOTE 1B,0,4.56397496,-72.77919216,2062318.4812,5024483.25269,
256,8,56,ACTIVA,1,LOTE 1B,0,4.56403340,-72.77926774,2062324.9356,5024474.87043,
257,8,57,ACTIVA,1,LOTE 1B,0,4.56409105,-72.77933630,2062331.3041,5024467.26575,
258,8,58,ACTIVA,1,LOTE 1B,0,4.56414404,-72.77940565,2062337.1561,5024459.57484,
259,8,59,ACTIVA,1,LOTE 1B,1,4.56420793,-72.77947733,2062344.2133,5024451.62438,
260,8,60,ACTIVA,1,LOTE 1B,0,4.56426091,-72.77954979,2062350.0651,5024443.58789,
261,8,61,ACTIVA,1,LOTE 1B,0,4.56431312,-72.77961213,2062355.8312,5024436.67456,
262,8,62,ERRADICADA,0,LOTE 1B,0,4.56437330,-72.77968854,2062362.4788,5024428.19933,
263,8,63,ACTIVA,1,LOTE 1B,0,4.56442827,-72.77976035,2062368.5496,5024420.23534,
264,8,64,ACTIVA,1,LOTE 1B,0,4.56448235,-72.77982596,2062374.5226,5024412.95948,
265,9,1,ACTIVA,1,LOTE 1B,0,4.56098925,-72.77530826,2061988.7127,5024914.00555,
266,9,2,ACTIVA,1,LOTE 1B,0,4.56104429,-72.77537691,2061994.7914,5024906.39144,
267,9,3,ACTIVA,1,LOTE 1B,0,4.56109819,-72.77544670,2062000.7446,5024898.65154,
268,9,4,ACTIVA,1,LOTE 1B,0,4.56115209,-72.77551932,2062006.6978,5024890.59709,
269,9,5,ACTIVA,1,LOTE 1B,0,4.56121166,-72.77558400,2062013.2781,5024883.42319,
270,9,6,ACTIVA,1,LOTE 1B,0,4.56126386,-72.77565833,2062019.0431,5024875.18007,
271,9,7,ACTIVA,1,LOTE 1B,0,4.56131719,-72.77572812,2062024.9336,5024867.44020,
272,9,8,ACTIVA,1,LOTE 1B,0,4.56137677,-72.77580244,2062031.5136,5024859.19682,
273,9,9,ERRADICADA,0,LOTE 1B,0,4.56142897,-72.77587109,2062037.2788,5024851.58281,
274,9,10,ACTIVA,1,LOTE 1B,0,4.56148740,-72.77593861,2062043.7336,5024844.09441,
275,9,11,ACTIVA,1,LOTE 1B,0,4.56154811,-72.77601294,2062050.4390,5024835.85100,
276,9,12,ERRADICADA,0,LOTE 1B,0,4.56159804,-72.77608329,2062055.9534,5024828.04834,
277,9,13,ACTIVA,1,LOTE 1B,0,4.56165024,-72.77615024,2062061.7186,5024820.62307,
278,9,14,ACTIVA,1,LOTE 1B,0,4.56171265,-72.77622684,2062068.6120,5024812.12796,
279,9,15,ACTIVA,1,LOTE 1B,0,4.56176598,-72.77629662,2062074.5025,5024804.38809,
280,9,16,ACTIVA,1,LOTE 1B,0,4.56181988,-72.77636357,2062080.4559,5024796.96277,
281,9,17,ACTIVA,1,LOTE 1B,0,4.56187265,-72.77643109,2062086.2838,5024789.47457,
282,9,18,ACTIVA,1,LOTE 1B,0,4.56193393,-72.77650598,2062093.0518,5024781.16824,
283,9,19,ACTIVA,1,LOTE 1B,0,4.56198612,-72.77657690,2062098.8170,5024773.30259,
284,9,20,ACTIVA,1,LOTE 1B,0,4.56204400,-72.77664556,2062105.2091,5024765.68840,
285,9,21,ACTIVA,1,LOTE 1B,0,4.56210470,-72.77671818,2062111.9145,5024757.63374,
286,9,22,ACTIVA,1,LOTE 1B,0,4.56215577,-72.77678683,2062117.5543,5024750.01978,
287,9,23,ACTIVA,1,LOTE 1B,0,4.56220910,-72.77685378,2062123.4450,5024742.59448,
288,9,24,ACTIVA,1,LOTE 1B,0,4.56227435,-72.77692924,2062130.6519,5024734.22511,
289,9,25,ACTIVA,1,LOTE 1B,0,4.56232825,-72.77699789,2062136.6051,5024726.61106,
290,9,26,ERRADICADA,0,LOTE 1B,0,4.56238555,-72.77707846,2062142.9342,5024717.67577,
291,9,27,ACTIVA,1,LOTE 1B,1,4.56244286,-72.77713974,2062149.2638,5024710.87944,
292,9,28,ACTIVA,1,LOTE 1B,0,4.56249676,-72.77721066,2062155.2170,5024703.01376,
293,9,29,ACTIVA,1,LOTE 1B,0,4.56254669,-72.77727704,2062160.7316,5024695.65149,
294,9,30,ACTIVA,1,LOTE 1B,0,4.56260342,-72.77734456,2062166.9984,5024688.16317,
295,9,31,ACTIVA,1,LOTE 1B,0,4.56266300,-72.77741945,2062173.5783,5024679.85691,
296,9,32,ACTIVA,1,LOTE 1B,0,4.56271747,-72.77749094,2062179.5942,5024671.92830,
297,9,33,ACTIVA,1,LOTE 1B,0,4.56276739,-72.77755732,2062185.1087,5024664.56604,
298,9,34,ACTIVA,1,LOTE 1B,0,4.56282981,-72.77763448,2062192.0021,5024656.00804,
299,9,35,ACTIVA,1,LOTE 1B,0,4.56288427,-72.77770030,2062198.0182,5024648.70854,
300,9,36,ACTIVA,1,LOTE 1B,0,4.56293988,-72.77776952,2062204.1595,5024641.03153,
301,9,37,ACTIVA,1,LOTE 1B,0,4.56300796,-72.77784328,2062211.6799,5024632.85082,
302,9,38,ACTIVA,1,LOTE 1B,0,4.56305448,-72.77791476,2062216.8181,5024624.92248,
303,9,39,ACTIVA,1,LOTE 1B,0,4.56310952,-72.77798171,2062222.8969,5024617.49714,
304,9,40,ACTIVA,1,LOTE 1B,0,4.56317136,-72.77805491,2062229.7277,5024609.37955,
305,9,41,ACTIVA,1,LOTE 1B,0,4.56322640,-72.77812412,2062235.8063,5024601.70257,
306,9,42,ACTIVA,1,LOTE 1B,0,4.56328087,-72.77819391,2062241.8223,5024593.96270,
307,9,43,ACTIVA,1,LOTE 1B,0,4.56333930,-72.77826086,2062248.2771,5024586.53725,
308,9,44,ACTIVA,1,LOTE 1B,0,4.56339604,-72.77833348,2062254.5438,5024578.48275,
309,9,45,ACTIVA,1,LOTE 1B,0,4.56344499,-72.77840935,2062259.9501,5024570.06867,
310,9,46,ACTIVA,1,LOTE 1B,0,4.56350128,-72.77847145,2062266.1670,5024563.18181,
311,9,47,ACTIVA,1,LOTE 1B,0,4.56356342,-72.77855022,2062273.0302,5024554.44518,
312,9,48,ACTIVA,1,LOTE 1B,0,4.56361845,-72.77861717,2062279.1089,5024547.01985,
313,9,49,ACTIVA,1,LOTE 1B,0,4.56367519,-72.77868526,2062285.3757,5024539.46864,
314,9,54,ACTIVA,1,LOTE 1B,0,4.56395470,-72.77904200,2062316.2479,5024499.90335,
315,9,55,ACTIVA,1,LOTE 1B,0,4.56400906,-72.77910732,2062322.2515,5024492.65818,
316,9,56,ACTIVA,1,LOTE 1B,1,4.56406590,-72.77917813,2062328.5304,5024484.80471,
317,9,57,ACTIVA,1,LOTE 1B,0,4.56412325,-72.77925193,2062334.8644,5024476.61947,
318,9,58,ACTIVA,1,LOTE 1B,0,4.56417860,-72.77932125,2062340.9780,5024468.93193,
319,9,59,ACTIVA,1,LOTE 1B,0,4.56423395,-72.77938807,2062347.0918,5024461.52086,
320,9,60,ACTIVA,1,LOTE 1B,0,4.56429330,-72.77946786,2062353.6459,5024452.67205,
321,9,61,ACTIVA,1,LOTE 1B,0,4.56434974,-72.77953265,2062359.8803,5024445.48556,
322,9,62,ACTIVA,1,LOTE 1B,0,4.56441129,-72.77960356,2062366.6792,5024437.62158,
323,9,63,ACTIVA,1,LOTE 1B,0,4.56446505,-72.77967524,2062372.6172,5024429.67146,
324,9,64,ACTIVA,1,LOTE 1B,0,4.56452038,-72.77974459,2062378.7275,5024421.98047,
325,9,65,ACTIVA,1,LOTE 1B,0,4.56457024,-72.77981237,2062384.2351,5024414.46246,
326,9,66,ACTIVA,1,LOTE 1B,0,4.56463491,-72.77988795,2062391.3783,5024406.08001,
327,9,67,ACTIVA,1,LOTE 1B,0,4.56468868,-72.77995808,2062397.3163,5024398.30268,
328,9,68,ERRADICADA,0,LOTE 1B,0,4.56474166,-72.78002742,2062403.1682,5024390.61178,
329,9,69,ERRADICADA,0,LOTE 1B,0,4.56480010,-72.78010300,2062409.6227,5024382.22954,
330,9,70,ACTIVA,1,LOTE 1B,0,4.56485308,-72.78017079,2062415.4747,5024374.71143,
331,9,71,ACTIVA,1,LOTE 1B,0,4.56490840,-72.78023546,2062421.5851,5024367.53882,
332,9,72,ACTIVA,1,LOTE 1B,0,4.56496550,-72.78030163,2062427.8917,5024360.20028,
333,9,73,ACTIVA,1,LOTE 1B,0,4.56502185,-72.78038092,2062434.1153,5024351.40687,
334,10,1,ACTIVA,1,LOTE 1B,0,4.56108052,-72.77529905,2061998.7970,5024915.02394,
335,10,2,ACTIVA,1,LOTE 1B,0,4.56113096,-72.77536155,2062004.3685,5024908.09156,
336,10,3,ACTIVA,1,LOTE 1B,0,4.56118798,-72.77543502,2062010.6665,5024899.94306,
337,10,4,ACTIVA,1,LOTE 1B,0,4.56124445,-72.77550849,2062016.9040,5024891.79458,
338,10,5,ACTIVA,1,LOTE 1B,0,4.56129481,-72.77557466,2062022.4656,5024884.45610,
339,10,6,ACTIVA,1,LOTE 1B,0,4.56135060,-72.77564414,2062028.6281,5024876.75023,
340,10,7,ACTIVA,1,LOTE 1B,0,4.56140979,-72.77572189,2062035.1656,5024868.12756,
341,10,8,ACTIVA,1,LOTE 1B,0,4.56146432,-72.77578922,2062041.1879,5024860.65995,
342,10,9,ACTIVA,1,LOTE 1B,0,4.56151805,-72.77585776,2062047.1226,5024853.05873,
343,10,10,ERRADICADA,0,LOTE 1B,0,4.56157398,-72.77593287,2062053.2994,5024844.72789,
344,10,11,ACTIVA,1,LOTE 1B,0,4.56163100,-72.77600196,2062059.5976,5024837.06576,
345,10,12,ACTIVA,1,LOTE 1B,0,4.56168761,-72.77607231,2062065.8503,5024829.26305,
346,10,13,ACTIVA,1,LOTE 1B,0,4.56174072,-72.77613913,2062071.7169,5024821.85184,
347,10,14,ACTIVA,1,LOTE 1B,0,4.56180498,-72.77621281,2062078.8139,5024813.68030,
348,10,15,ACTIVA,1,LOTE 1B,0,4.56185638,-72.77628220,2062084.4911,5024805.98417,
349,10,16,ACTIVA,1,LOTE 1B,0,4.56190843,-72.77635231,2062090.2403,5024798.20822,
350,10,17,ACTIVA,1,LOTE 1B,0,4.56196436,-72.77642414,2062096.4172,5024790.24216,
351,10,18,ACTIVA,1,LOTE 1B,0,4.56202631,-72.77649377,2062103.2606,5024782.51908,
352,10,19,ACTIVA,1,LOTE 1B,0,4.56207840,-72.77656231,2062109.0136,5024774.91792,
353,10,20,ACTIVA,1,LOTE 1B,0,4.56213981,-72.77663907,2062115.7962,5024766.40452,
354,10,21,ACTIVA,1,LOTE 1B,0,4.56219025,-72.77670651,2062121.3675,5024758.92501,
355,10,22,ACTIVA,1,LOTE 1B,0,4.56224618,-72.77677121,2062127.5447,5024751.74929,
356,10,23,ACTIVA,1,LOTE 1B,0,4.56230594,-72.77684742,2062134.1455,5024743.29674,
357,10,24,ACTIVA,1,LOTE 1B,0,4.56235913,-72.77691815,2062140.0196,5024735.45237,
358,10,25,ACTIVA,1,LOTE 1B,0,4.56241341,-72.77698668,2062146.0149,5024727.85115,
359,10,26,ERRADICADA,0,LOTE 1B,0,4.56247136,-72.77706160,2062152.4153,5024719.54187,
360,10,27,ERRADICADA,0,LOTE 1B,0,4.56252812,-72.77713085,2062158.6855,5024711.86194,
361,10,28,ACTIVA,1,LOTE 1B,0,4.56258177,-72.77719822,2062164.6111,5024704.38962,
362,10,29,ACTIVA,1,LOTE 1B,0,4.56263667,-72.77726809,2062170.6745,5024696.64058,
363,10,30,ACTIVA,1,LOTE 1B,0,4.56269459,-72.77733596,2062177.0715,5024689.11278,
364,10,31,ACTIVA,1,LOTE 1B,0,4.56275088,-72.77740543,2062183.2894,5024681.40797,
365,10,32,ACTIVA,1,LOTE 1B,0,4.56280238,-72.77747570,2062188.9778,5024673.61478,
366,10,33,ACTIVA,1,LOTE 1B,0,4.56286786,-72.77755196,2062196.2100,5024665.15707,
367,10,34,ACTIVA,1,LOTE 1B,0,4.56292096,-72.77761824,2062202.0750,5024657.80652,
368,10,35,ACTIVA,1,LOTE 1B,0,4.56297406,-72.77768731,2062207.9399,5024650.14608,
369,10,36,ACTIVA,1,LOTE 1B,0,4.56302996,-72.77775997,2062214.1135,5024642.08713,
370,10,37,ACTIVA,1,LOTE 1B,0,4.56308865,-72.77783463,2062220.5958,5024633.80673,
371,10,38,ACTIVA,1,LOTE 1B,0,4.56314373,-72.77790495,2062226.6793,5024626.00824,
372,10,39,ACTIVA,1,LOTE 1B,0,4.56319929,-72.77796928,2062232.8162,5024618.87308,
373,10,40,ACTIVA,1,LOTE 1B,0,4.56325777,-72.77804336,2062239.2758,5024610.65703,
374,10,41,ACTIVA,1,LOTE 1B,0,4.56331041,-72.77811159,2062245.0894,5024603.08965,
375,10,42,ACTIVA,1,LOTE 1B,0,4.56336402,-72.77818080,2062251.0106,5024595.41416,
376,10,43,ERRADICADA,0,LOTE 1B,0,4.56342332,-72.77825811,2062257.5606,5024586.83926,
377,10,44,ACTIVA,1,LOTE 1B,0,4.56348009,-72.77832673,2062263.8308,5024579.22852,
378,10,45,ACTIVA,1,LOTE 1B,0,4.56353374,-72.77839348,2062269.7565,5024571.82539,
379,10,46,ACTIVA,1,LOTE 1B,0,4.56359675,-72.77846959,2062276.7157,5024563.38438,
380,10,47,ACTIVA,1,LOTE 1B,0,4.56365164,-72.77853260,2062282.7794,5024556.39625,
381,10,48,ACTIVA,1,LOTE 1B,0,4.56370713,-72.77860286,2062288.9074,5024548.60398,
382,10,54,ACTIVA,1,LOTE 1B,0,4.56403726,-72.77902498,2062325.3704,5024501.78752,
383,10,55,ACTIVA,1,LOTE 1B,0,4.56409361,-72.77909504,2062331.5945,5024494.01738,
384,10,56,ACTIVA,1,LOTE 1B,0,4.56415940,-72.77917113,2062338.8619,5024485.57819,
385,10,57,ERRADICADA,0,LOTE 1B,0,4.56422002,-72.77925191,2062345.5568,5024476.61903,
386,10,58,ERRADICADA,0,LOTE 1B,0,4.56427333,-72.77932045,2062351.4445,5024469.01788,
387,10,59,ACTIVA,1,LOTE 1B,0,4.56432706,-72.77938460,2062357.3794,5024461.90307,
388,10,60,ACTIVA,1,LOTE 1B,0,4.56438164,-72.77945283,2062363.4084,5024454.33565,
389,10,61,ACTIVA,1,LOTE 1B,0,4.56443720,-72.77952008,2062369.5451,5024446.87628,
390,10,62,ACTIVA,1,LOTE 1B,0,4.56449764,-72.77959319,2062376.2202,5024438.76827,
391,10,63,ACTIVA,1,LOTE 1B,0,4.56455093,-72.77965917,2062382.1066,5024431.45068,
392,10,64,ACTIVA,1,LOTE 1B,0,4.56460306,-72.77973569,2062387.8634,5024422.96395,
393,10,65,ACTIVA,1,LOTE 1B,1,4.56465882,-72.77980552,2062394.0224,5024415.21984,
394,10,66,ACTIVA,1,LOTE 1B,0,4.56471844,-72.77987365,2062400.6080,5024407.66252,
395,10,67,ACTIVA,1,LOTE 1B,0,4.56477451,-72.77993966,2062406.8014,5024400.34142,
396,10,68,ACTIVA,1,LOTE 1B,0,4.56482775,-72.78000709,2062412.6811,5024392.86302,
397,10,69,ACTIVA,1,LOTE 1B,0,4.56488919,-72.78008504,2062419.4672,5024384.21858,
398,10,70,ACTIVA,1,LOTE 1B,0,4.56494353,-72.78015047,2062425.4695,5024376.96149,
399,10,71,ACTIVA,1,LOTE 1B,0,4.56499898,-72.78022367,2062431.5941,5024368.84357,
400,10,72,ACTIVA,1,LOTE 1B,0,4.56505998,-72.78029797,2062438.3314,5024360.60249,
401,11,1,ACTIVA,1,LOTE 1B,0,4.56110704,-72.77520764,2062001.7314,5024925.15886,
402,11,2,ACTIVA,1,LOTE 1B,0,4.56116655,-72.77528077,2062008.3041,5024917.04740,
403,11,3,ACTIVA,1,LOTE 1B,0,4.56121834,-72.77534891,2062014.0237,5024909.49027,
404,11,4,ACTIVA,1,LOTE 1B,0,4.56127742,-72.77542333,2062020.5494,5024901.23716,
405,11,5,ACTIVA,1,LOTE 1B,0,4.56133065,-72.77549217,2062026.4290,5024893.60128,
406,11,6,ACTIVA,1,LOTE 1B,0,4.56138744,-72.77556244,2062032.7006,5024885.80788,
407,11,7,ACTIVA,1,LOTE 1B,1,4.56144280,-72.77563058,2062038.8155,5024878.25063,
408,11,8,ACTIVA,1,LOTE 1B,0,4.56150313,-72.77570866,2062045.4791,5024869.59139,
409,11,9,ACTIVA,1,LOTE 1B,0,4.56155654,-72.77577644,2062051.3783,5024862.07356,
410,11,10,ACTIVA,1,LOTE 1B,0,4.56160867,-72.77584409,2062057.1354,5024854.57053,
411,11,11,ACTIVA,1,LOTE 1B,0,4.56166966,-72.77591840,2062063.8726,5024846.32938,
412,11,12,ACTIVA,1,LOTE 1B,0,4.56172310,-72.77598515,2062069.7753,5024838.92622,
413,11,13,ACTIVA,1,LOTE 1B,0,4.56177613,-72.77605592,2062075.6318,5024831.07731,
414,11,14,ACTIVA,1,LOTE 1B,0,4.56183380,-72.77613355,2062082.0013,5024822.46736,
415,11,15,ACTIVA,1,LOTE 1B,0,4.56188792,-72.77620020,2062087.9786,5024815.07583,
416,11,16,ACTIVA,1,LOTE 1B,0,4.56194359,-72.77626774,2062094.1283,5024807.58410,
417,11,17,ACTIVA,1,LOTE 1B,0,4.56200459,-72.77634316,2062100.8654,5024799.21998,
418,11,18,ACTIVA,1,LOTE 1B,0,4.56205889,-72.77641134,2062106.8627,5024791.65786,
419,11,19,ACTIVA,1,LOTE 1B,0,4.56211212,-72.77647735,2062112.7424,5024784.33680,
420,11,20,ERRADICADA,0,LOTE 1B,0,4.56216762,-72.77655166,2062118.8718,5024776.09584,
421,11,21,ERRADICADA,0,LOTE 1B,0,4.56221753,-72.77661709,2062124.3839,5024768.83885,
422,11,22,ERRADICADA,0,LOTE 1B,0,4.56227741,-72.77669583,2062130.9984,5024760.10586,
423,11,23,ACTIVA,1,LOTE 1B,0,4.56232954,-72.77675905,2062136.7557,5024753.09473,
424,11,24,ACTIVA,1,LOTE 1B,0,4.56238943,-72.77683779,2062143.3702,5024744.36174,
425,11,25,ACTIVA,1,LOTE 1B,0,4.56244488,-72.77690544,2062149.4949,5024736.85862,
426,11,26,ACTIVA,1,LOTE 1B,0,4.56249682,-72.77697207,2062155.2325,5024729.46875,
427,11,27,ACTIVA,1,LOTE 1B,0,4.56255503,-72.77704447,2062161.6610,5024721.43922,
428,11,28,ACTIVA,1,LOTE 1B,0,4.56261749,-72.77711544,2062168.5600,5024713.56695,
429,11,29,ACTIVA,1,LOTE 1B,0,4.56266779,-72.77717826,2062174.1164,5024706.60016,
430,11,30,ACTIVA,1,LOTE 1B,0,4.56272324,-72.77725811,2062180.2407,5024697.74436,
431,11,31,ACTIVA,1,LOTE 1B,0,4.56278424,-72.77732243,2062186.9782,5024690.60997,
432,11,32,ACTIVA,1,LOTE 1B,0,4.56283858,-72.77739230,2062192.9804,5024682.86095,
433,11,33,ACTIVA,1,LOTE 1B,1,4.56289182,-72.77746439,2062198.8599,5024674.86602,
434,11,34,ACTIVA,1,LOTE 1B,0,4.56295281,-72.77753648,2062205.5972,5024666.87084,
435,11,35,ACTIVA,1,LOTE 1B,0,4.56300494,-72.77760302,2062211.3543,5024659.49081,
436,11,36,ACTIVA,1,LOTE 1B,0,4.56306039,-72.77767289,2062217.4790,5024651.74176,
437,11,37,ACTIVA,1,LOTE 1B,0,4.56312361,-72.77774830,2062224.4612,5024643.37759,
438,11,38,ACTIVA,1,LOTE 1B,0,4.56318017,-72.77781595,2062230.7085,5024635.87444,
439,11,39,ACTIVA,1,LOTE 1B,0,4.56323007,-72.77788915,2062236.2204,5024627.75667,
440,11,40,ACTIVA,1,LOTE 1B,0,4.56329218,-72.77796013,2062243.0803,5024619.88443,
441,11,41,ACTIVA,1,LOTE 1B,0,4.56334763,-72.77802778,2062249.2050,5024612.38132,
442,11,42,ACTIVA,1,LOTE 1B,0,4.56340530,-72.77810098,2062255.5746,5024604.26329,
443,11,43,ACTIVA,1,LOTE 1B,0,4.56346519,-72.77817306,2062262.1894,5024596.26815,
444,11,44,ACTIVA,1,LOTE 1B,0,4.56351953,-72.77823628,2062268.1918,5024589.25697,
445,11,45,ACTIVA,1,LOTE 1B,0,4.56357165,-72.77830836,2062273.9487,5024581.26210,
446,11,46,ACTIVA,1,LOTE 1B,1,4.56363487,-72.77838045,2062280.9311,5024573.26686,
447,11,47,ACTIVA,1,LOTE 1B,0,4.56368810,-72.77844921,2062286.8108,5024565.64086,
448,11,48,ACTIVA,1,LOTE 1B,0,4.56373801,-72.77851908,2062292.3227,5024557.89202,
449,11,49,ACTIVA,1,LOTE 1B,0,4.56379218,-72.77858895,2062298.3053,5024550.14302,
450,11,50,ERRADICADA,0,LOTE 1B,0,4.56384586,-72.77866242,2062304.2350,5024541.99439,
451,11,54,ACTIVA,1,LOTE 1B,0,4.56407516,-72.77893940,2062329.5609,5024511.27469,
452,11,55,ACTIVA,1,LOTE 1B,0,4.56413061,-72.77901149,2062335.6855,5024503.27972,
453,11,56,ACTIVA,1,LOTE 1B,0,4.56419160,-72.77908469,2062342.4228,5024495.16160,
454,11,57,ACTIVA,1,LOTE 1B,0,4.56424373,-72.77915788,2062348.1797,5024487.04377,
455,11,58,ACTIVA,1,LOTE 1B,0,4.56430029,-72.77921999,2062354.4272,5024480.15550,
456,11,59,ACTIVA,1,LOTE 1B,0,4.56435716,-72.77929731,2062360.7085,5024471.58007,
457,11,60,ACTIVA,1,LOTE 1B,0,4.56441820,-72.77936474,2062367.4509,5024464.10139,
458,11,61,ACTIVA,1,LOTE 1B,0,4.56446860,-72.77943501,2062373.0168,5024456.30827,
459,11,62,ACTIVA,1,LOTE 1B,0,4.56452467,-72.77950173,2062379.2102,5024448.90846,
460,11,63,ACTIVA,1,LOTE 1B,0,4.56458997,-72.77957768,2062386.4228,5024440.48523,
461,11,64,ACTIVA,1,LOTE 1B,0,4.56464036,-72.77964369,2062391.9889,5024433.16432,
462,11,65,ACTIVA,1,LOTE 1B,0,4.56469289,-72.77970899,2062397.7902,5024425.92204,
463,11,66,ACTIVA,1,LOTE 1B,0,4.56475203,-72.77978703,2062404.3220,5024417.26607,
464,11,67,ACTIVA,1,LOTE 1B,0,4.56480745,-72.77985744,2062410.4432,5024409.45705,
465,11,68,ACTIVA,1,LOTE 1B,0,4.56485969,-72.77992740,2062416.2130,5024401.69850,
466,11,69,ACTIVA,1,LOTE 1B,0,4.56492192,-72.78000553,2062423.0867,5024393.03298,
467,11,70,ACTIVA,1,LOTE 1B,0,4.56497507,-72.78006867,2062428.9572,5024386.02994,
468,11,71,ACTIVA,1,LOTE 1B,0,4.56502958,-72.78013863,2062434.9779,5024378.27132,
469,11,72,ACTIVA,1,LOTE 1B,1,4.56509045,-72.78020859,2062441.7014,5024370.51249,
470,12,1,ACTIVA,1,LOTE 1B,0,4.56114567,-72.77512510,2062006.0024,5024934.30923,
471,12,2,ACTIVA,1,LOTE 1B,0,4.56119736,-72.77519436,2062011.7108,5024926.62808,
472,12,3,ACTIVA,1,LOTE 1B,0,4.56125473,-72.77526155,2062018.0475,5024919.17597,
473,12,4,ACTIVA,1,LOTE 1B,1,4.56130381,-72.77533619,2062023.4687,5024910.89799,
474,12,5,ACTIVA,1,LOTE 1B,0,4.56136450,-72.77540751,2062030.1723,5024902.98822,
475,12,6,ACTIVA,1,LOTE 1B,0,4.56141644,-72.77547862,2062035.9081,5024895.10075,
476,12,7,ACTIVA,1,LOTE 1B,0,4.56147232,-72.77554581,2062042.0803,5024887.64870,
477,12,8,ACTIVA,1,LOTE 1B,0,4.56153331,-72.77562127,2062048.8165,5024879.27953,
478,12,9,ACTIVA,1,LOTE 1B,0,4.56158699,-72.77569011,2062054.7462,5024871.64489,
479,12,10,ACTIVA,1,LOTE 1B,0,4.56164352,-72.77575795,2062060.9901,5024864.12118,
480,12,11,ACTIVA,1,LOTE 1B,0,4.56170248,-72.77583547,2062067.5014,5024855.52285,
481,12,12,ACTIVA,1,LOTE 1B,0,4.56175255,-72.77590170,2062073.0314,5024848.17846,
482,12,13,ACTIVA,1,LOTE 1B,0,4.56180585,-72.77597276,2062078.9183,5024840.29669,
483,12,14,ACTIVA,1,LOTE 1B,0,4.56186722,-72.77604706,2062085.6973,5024832.05646,
484,12,15,ACTIVA,1,LOTE 1B,0,4.56191971,-72.77611813,2062091.4950,5024824.17472,
485,12,16,ACTIVA,1,LOTE 1B,0,4.56197521,-72.77618464,2062097.6247,5024816.79791,
486,12,17,ACTIVA,1,LOTE 1B,0,4.56203413,-72.77625803,2062104.1325,5024808.65806,
487,12,18,ACTIVA,1,LOTE 1B,0,4.56208892,-72.77632677,2062110.1836,5024801.03413,
488,12,19,ACTIVA,1,LOTE 1B,0,4.56214215,-72.77639706,2062116.0634,5024793.23834,
489,12,20,ACTIVA,1,LOTE 1B,0,4.56219435,-72.77646373,2062121.8290,5024785.84373,
490,12,21,ACTIVA,1,LOTE 1B,0,4.56225638,-72.77653609,2062128.6795,5024777.81840,
491,12,22,ACTIVA,1,LOTE 1B,0,4.56231065,-72.77660432,2062134.6735,5024770.25180,
492,12,23,ACTIVA,1,LOTE 1B,0,4.56236491,-72.77667047,2062140.6676,5024762.91444,
493,12,24,ACTIVA,1,LOTE 1B,0,4.56242526,-72.77674803,2062147.3324,5024754.31250,
494,12,25,ACTIVA,1,LOTE 1B,0,4.56248098,-72.77681748,2062153.4870,5024746.60975,
495,12,26,ACTIVA,1,LOTE 1B,0,4.56253912,-72.77688451,2062159.9094,5024739.17555,
496,12,27,ACTIVA,1,LOTE 1B,0,4.56259727,-72.77696123,2062166.3314,5024730.66682,
497,12,28,ACTIVA,1,LOTE 1B,0,4.56265461,-72.77702907,2062172.6645,5024723.14311,
498,12,29,ERRADICADA,0,LOTE 1B,0,4.56271844,-72.77710256,2062179.7149,5024714.99236,
499,12,30,ACTIVA,1,LOTE 1B,0,4.56276495,-72.77716665,2062184.8524,5024707.88451,
500,12,31,ACTIVA,1,LOTE 1B,0,4.56282077,-72.77724056,2062191.0176,5024699.68747,
501,12,32,ACTIVA,1,LOTE 1B,0,4.56287242,-72.77730858,2062196.7219,5024692.14312,
502,12,33,ACTIVA,1,LOTE 1B,0,4.56292285,-72.77737858,2062202.2919,5024684.37946,
503,12,34,ACTIVA,1,LOTE 1B,0,4.56298570,-72.77745229,2062209.2342,5024676.20443,
504,12,35,ACTIVA,1,LOTE 1B,0,4.56303808,-72.77752580,2062215.0187,5024668.05210,
505,12,36,ACTIVA,1,LOTE 1B,0,4.56309372,-72.77759160,2062221.1642,5024660.75399,
506,12,37,ACTIVA,1,LOTE 1B,0,4.56315130,-72.77766160,2062227.5243,5024652.99010,
507,12,38,ACTIVA,1,LOTE 1B,0,4.56321119,-72.77772982,2062234.1392,5024645.42435,
508,12,39,ACTIVA,1,LOTE 1B,0,4.56326411,-72.77780097,2062239.9847,5024637.53281,
509,12,40,ACTIVA,1,LOTE 1B,0,4.56332527,-72.77787801,2062246.7396,5024628.98895,
510,12,41,ACTIVA,1,LOTE 1B,0,4.56337761,-72.77794387,2062252.5203,5024621.68428,
511,12,42,ACTIVA,1,LOTE 1B,0,4.56343641,-72.77801091,2062259.0156,5024614.24898,
512,12,43,ACTIVA,1,LOTE 1B,0,4.56349169,-72.77808383,2062265.1209,5024606.16176,
513,12,44,ACTIVA,1,LOTE 1B,0,4.56354739,-72.77815563,2062271.2733,5024598.19798,
514,12,45,ACTIVA,1,LOTE 1B,0,4.56360226,-72.77822388,2062277.3332,5024590.62893,
515,12,46,ACTIVA,1,LOTE 1B,0,4.56365645,-72.77829146,2062283.3191,5024583.13409,
516,12,47,ACTIVA,1,LOTE 1B,0,4.56371667,-72.77836840,2062289.9701,5024574.60042,
517,12,48,ACTIVA,1,LOTE 1B,0,4.56377354,-72.77843464,2062296.2518,5024567.25387,
518,12,49,ACTIVA,1,LOTE 1B,0,4.56382640,-72.77850489,2062302.0898,5024559.46233,
519,12,50,ACTIVA,1,LOTE 1B,0,4.56388595,-72.77858251,2062308.6668,5024550.85450,
520,12,54,ACTIVA,1,LOTE 1B,0,4.56410741,-72.77886151,2062333.1278,5024519.91058,
521,12,55,ACTIVA,1,LOTE 1B,0,4.56416094,-72.77892909,2062339.0398,5024512.41578,
522,12,56,ACTIVA,1,LOTE 1B,1,4.56422116,-72.77900402,2062345.6908,5024504.10468,
523,12,57,ACTIVA,1,LOTE 1B,0,4.56427736,-72.77907361,2062351.8985,5024496.38723,
524,12,58,ACTIVA,1,LOTE 1B,0,4.56432821,-72.77914052,2062357.5148,5024488.96671,
525,12,59,ACTIVA,1,LOTE 1B,0,4.56438441,-72.77920943,2062363.7225,5024481.32344,
526,12,60,ACTIVA,1,LOTE 1B,0,4.56444730,-72.77928504,2062370.6692,5024472.93807,
527,12,61,ACTIVA,1,LOTE 1B,0,4.56450008,-72.77935312,2062376.4981,5024465.38766,
528,12,62,ACTIVA,1,LOTE 1B,0,4.56455444,-72.77942211,2062382.5024,5024457.73519,
529,12,63,ACTIVA,1,LOTE 1B,0,4.56461717,-72.77949739,2062389.4307,5024449.38692,
530,12,64,ACTIVA,1,LOTE 1B,0,4.56467153,-72.77956011,2062395.4353,5024442.42996,
531,12,65,ACTIVA,1,LOTE 1B,0,4.56472694,-72.77963329,2062401.5551,5024434.31378,
532,12,66,ACTIVA,1,LOTE 1B,0,4.56478757,-72.77971170,2062408.2522,5024425.61784,
533,12,67,ACTIVA,1,LOTE 1B,0,4.56483984,-72.77977756,2062414.0257,5024418.31320,
534,12,68,ACTIVA,1,LOTE 1B,0,4.56489421,-72.77984552,2062420.0301,5024410.77665,
535,12,69,ACTIVA,1,LOTE 1B,0,4.56495275,-72.77992079,2062426.4963,5024402.42853,
536,12,70,ACTIVA,1,LOTE 1B,0,4.56501234,-72.77998769,2062433.0784,5024395.00773,
537,12,71,ACTIVA,1,LOTE 1B,0,4.56506357,-72.78005565,2062438.7362,5024387.47129,
538,12,72,ACTIVA,1,LOTE 1B,0,4.56511614,-72.78012042,2062444.5432,5024380.28739,
539,13,1,ACTIVA,1,LOTE 1B,0,4.56117618,-72.77503974,2062009.3764,5024943.77361,
540,13,2,ACTIVA,1,LOTE 1B,0,4.56123305,-72.77511668,2062015.6577,5024935.23999,
541,13,3,ACTIVA,1,LOTE 1B,0,4.56128725,-72.77518292,2062021.6437,5024927.89348,
542,13,4,ACTIVA,1,LOTE 1B,0,4.56134077,-72.77525317,2062027.5556,5024920.10186,
543,13,5,ACTIVA,1,LOTE 1B,0,4.56139631,-72.77532543,2062033.6892,5024912.08761,
544,13,6,ACTIVA,1,LOTE 1B,0,4.56145452,-72.77539301,2062040.1186,5024904.59259,
545,13,7,ACTIVA,1,LOTE 1B,0,4.56150938,-72.77546326,2062046.1784,5024896.80093,
546,13,8,ACTIVA,1,LOTE 1B,0,4.56156625,-72.77553753,2062052.4598,5024888.56407,
547,13,9,ACTIVA,1,LOTE 1B,0,4.56161844,-72.77560778,2062058.2238,5024880.77251,
548,13,10,ACTIVA,1,LOTE 1B,0,4.56167264,-72.77567871,2062064.2096,5024872.90669,
549,13,11,ACTIVA,1,LOTE 1B,0,4.56173177,-72.77575473,2062070.7404,5024864.47501,
550,13,12,ACTIVA,1,LOTE 1B,0,4.56178822,-72.77581955,2062076.9760,5024857.28609,
551,13,13,ACTIVA,1,LOTE 1B,0,4.56184363,-72.77588855,2062083.0958,5024849.63352,
552,13,14,ERRADICADA,0,LOTE 1B,0,4.56189695,-72.77596173,2062088.9845,5024841.51735,
553,13,15,ACTIVA,1,LOTE 1B,0,4.56195444,-72.77602968,2062095.3354,5024833.98063,
554,13,16,ACTIVA,1,LOTE 1B,0,4.56200985,-72.77610077,2062101.4552,5024826.09623,
555,13,17,ERRADICADA,0,LOTE 1B,0,4.56206631,-72.77617604,2062107.6904,5024817.74812,
556,13,18,ACTIVA,1,LOTE 1B,0,4.56212276,-72.77624504,2062113.9257,5024810.09552,
557,13,19,ACTIVA,1,LOTE 1B,0,4.56217712,-72.77631404,2062119.9301,5024802.44299,
558,13,20,ACTIVA,1,LOTE 1B,0,4.56223148,-72.77638304,2062125.9344,5024794.79047,
559,13,21,ACTIVA,1,LOTE 1B,0,4.56229421,-72.77645308,2062132.8629,5024787.02174,
560,13,22,ACTIVA,1,LOTE 1B,0,4.56234439,-72.77652208,2062138.4052,5024779.36937,
561,13,23,ACTIVA,1,LOTE 1B,0,4.56239875,-72.77659108,2062144.4095,5024771.71685,
562,13,24,ACTIVA,1,LOTE 1B,1,4.56246044,-72.77666008,2062151.2225,5024764.06408,
563,13,25,ACTIVA,1,LOTE 1B,0,4.56251689,-72.77673117,2062157.4578,5024756.17965,
564,13,26,ACTIVA,1,LOTE 1B,0,4.56257021,-72.77680226,2062163.3465,5024748.29533,
565,13,27,ACTIVA,1,LOTE 1B,0,4.56262143,-72.77687334,2062169.0043,5024740.41109,
566,13,28,ERRADICADA,0,LOTE 1B,0,4.56268428,-72.77695263,2062175.9462,5024731.61764,
567,13,29,ACTIVA,1,LOTE 1B,0,4.56273580,-72.77701686,2062181.6366,5024724.49382,
568,13,30,ACTIVA,1,LOTE 1B,0,4.56279067,-72.77708645,2062187.6964,5024716.77637,
569,13,31,ACTIVA,1,LOTE 1B,0,4.56285561,-72.77715561,2062194.8697,5024709.10495,
570,13,32,ACTIVA,1,LOTE 1B,0,4.56290893,-72.77722461,2062200.7585,5024701.45248,
571,13,33,ACTIVA,1,LOTE 1B,0,4.56296120,-72.77729361,2062206.5319,5024693.80004,
572,13,34,ACTIVA,1,LOTE 1B,0,4.56302183,-72.77737306,2062213.2290,5024684.98813,
573,13,35,ACTIVA,1,LOTE 1B,0,4.56307306,-72.77744520,2062218.8867,5024676.98798,
574,13,36,ACTIVA,1,LOTE 1B,0,4.56312951,-72.77750897,2062225.1222,5024669.91500,
575,13,37,ACTIVA,1,LOTE 1B,1,4.56318283,-72.77757797,2062231.0111,5024662.26253,
576,13,38,ACTIVA,1,LOTE 1B,0,4.56324765,-72.77765010,2062238.1705,5024654.26192,
577,13,39,ACTIVA,1,LOTE 1B,0,4.56329574,-72.77772015,2062243.4817,5024646.49371,
578,13,40,ACTIVA,1,LOTE 1B,0,4.56335470,-72.77778965,2062249.9943,5024638.78541,
579,13,41,ACTIVA,1,LOTE 1B,0,4.56341157,-72.77786191,2062256.2758,5024630.77116,
580,13,42,ACTIVA,1,LOTE 1B,0,4.56346577,-72.77793484,2062262.2616,5024622.68282,
581,13,43,ACTIVA,1,LOTE 1B,0,4.56352130,-72.77799974,2062268.3954,5024615.48468,
582,13,44,ERRADICADA,0,LOTE 1B,0,4.56358152,-72.77807401,2062275.0465,5024607.24776,
583,13,45,ACTIVA,1,LOTE 1B,0,4.56363839,-72.77814292,2062281.3281,5024599.60445,
584,13,46,ACTIVA,1,LOTE 1B,0,4.56369258,-72.77820916,2062287.3141,5024592.25799,
585,13,47,ACTIVA,1,LOTE 1B,0,4.56375280,-72.77828276,2062293.9652,5024584.09526,
586,13,48,ACTIVA,1,LOTE 1B,0,4.56380566,-72.77835502,2062299.8031,5024576.08116,
587,13,49,ACTIVA,1,LOTE 1B,0,4.56385718,-72.77842594,2062305.4932,5024568.21547,
588,13,50,ERRADICADA,0,LOTE 1B,0,4.56391940,-72.77849753,2062312.3661,5024560.27524,
589,13,51,ACTIVA,1,LOTE 1B,0,4.56397494,-72.77856377,2062318.5000,5024552.92874,
590,13,52,ACTIVA,1,LOTE 1B,0,4.56403248,-72.77862666,2062324.8557,5024545.95311,
591,13,53,ACTIVA,1,LOTE 1B,0,4.56408734,-72.77870495,2062330.9152,5024537.27125,
592,13,54,ERRADICADA,0,LOTE 1B,0,4.56414672,-72.77878335,2062337.4737,5024528.57533,
593,13,55,ACTIVA,1,LOTE 1B,0,4.56420004,-72.77884922,2062343.3627,5024521.27064,
594,13,56,ACTIVA,1,LOTE 1B,0,4.56425440,-72.77892031,2062349.3670,5024513.38633,
595,13,57,ACTIVA,1,LOTE 1B,0,4.56431295,-72.77899244,2062355.8333,5024505.38595,
596,13,58,ACTIVA,1,LOTE 1B,0,4.56436626,-72.77905935,2062361.7223,5024497.96534,
597,13,59,ACTIVA,1,LOTE 1B,0,4.56441958,-72.77912521,2062367.6112,5024490.66066,
598,13,60,ACTIVA,1,LOTE 1B,0,4.56448231,-72.77920257,2062374.5394,5024482.08055,
599,13,61,ACTIVA,1,LOTE 1B,0,4.56453667,-72.77926844,2062380.5439,5024474.77583,
600,13,62,ACTIVA,1,LOTE 1B,0,4.56459103,-72.77933325,2062386.5485,5024467.58703,
601,13,63,ACTIVA,1,LOTE 1B,0,4.56465062,-72.77941166,2062393.1301,5024458.89112,
602,13,64,ACTIVA,1,LOTE 1B,0,4.56470185,-72.77948066,2062398.7879,5024451.23875,
603,13,65,ACTIVA,1,LOTE 1B,0,4.56475830,-72.77954548,2062405.0235,5024444.04989,
604,13,66,ACTIVA,1,LOTE 1B,0,4.56481597,-72.77961623,2062411.3928,5024436.20256,
605,13,67,ACTIVA,1,LOTE 1B,0,4.56487886,-72.77969184,2062418.3396,5024427.81720,
606,13,68,ACTIVA,1,LOTE 1B,0,4.56493172,-72.77976008,2062424.1776,5024420.24825,
607,13,69,ACTIVA,1,LOTE 1B,0,4.56498516,-72.77983193,2062430.0803,5024412.28052,
608,13,70,ACTIVA,1,LOTE 1B,0,4.56504161,-72.77990615,2062436.3155,5024404.04839,
609,13,71,ACTIVA,1,LOTE 1B,0,4.56509389,-72.77997620,2062442.0888,5024396.28008,
610,13,72,ACTIVA,1,LOTE 1B,0,4.56515452,-72.78004310,2062448.7864,5024388.85925,
611,14,1,ACTIVA,1,LOTE 1B,0,4.56120639,-72.77495587,2062012.7176,5024953.07116,
612,14,2,ACTIVA,1,LOTE 1B,0,4.56126653,-72.77503048,2062019.3601,5024944.79692,
613,14,3,ACTIVA,1,LOTE 1B,0,4.56131906,-72.77509823,2062025.1617,5024937.28264,
614,14,4,ACTIVA,1,LOTE 1B,0,4.56137463,-72.77516751,2062031.2996,5024929.59943,
615,14,5,ACTIVA,1,LOTE 1B,0,4.56143173,-72.77524363,2062037.6056,5024921.15649,
616,14,6,ACTIVA,1,LOTE 1B,0,4.56148502,-72.77531595,2062043.4911,5024913.13572,
617,14,7,ACTIVA,1,LOTE 1B,0,4.56154287,-72.77537914,2062049.8817,5024906.12772,
618,14,8,ACTIVA,1,LOTE 1B,0,4.56160149,-72.77545831,2062056.3558,5024897.34708,
619,14,9,ACTIVA,1,LOTE 1B,0,4.56165706,-72.77552378,2062062.4939,5024890.08593,
620,14,10,ACTIVA,1,LOTE 1B,0,4.56170883,-72.77559229,2062068.2113,5024882.48727,
621,14,11,ACTIVA,1,LOTE 1B,0,4.56176212,-72.77566080,2062074.0970,5024874.88856,
622,14,12,ACTIVA,1,LOTE 1B,0,4.56182226,-72.77573845,2062080.7393,5024866.27670,
623,14,13,ACTIVA,1,LOTE 1B,0,4.56187478,-72.77580849,2062086.5408,5024858.50919,
624,14,14,ACTIVA,1,LOTE 1B,0,4.56192959,-72.77587624,2062092.5948,5024850.99484,
625,14,15,ACTIVA,1,LOTE 1B,0,4.56199454,-72.77594723,2062099.7683,5024843.12141,
626,14,16,ACTIVA,1,LOTE 1B,0,4.56204607,-72.77601631,2062105.4595,5024835.45945,
627,14,17,ACTIVA,1,LOTE 1B,0,4.56209859,-72.77608635,2062111.2610,5024827.69196,
628,14,18,ACTIVA,1,LOTE 1B,0,4.56215721,-72.77616476,2062117.7351,5024818.99575,
629,14,19,ERRADICADA,0,LOTE 1B,0,4.56221058,-72.77624237,2062123.6290,5024810.38874,
630,14,20,ERRADICADA,0,LOTE 1B,0,4.56226819,-72.77630927,2062129.9928,5024802.96795,
631,14,21,ERRADICADA,0,LOTE 1B,0,4.56232209,-72.77637804,2062135.9458,5024795.34120,
632,14,22,ERRADICADA,0,LOTE 1B,0,4.56238156,-72.77645238,2062142.5147,5024787.09603,
633,14,23,ACTIVA,1,LOTE 1B,0,4.56243546,-72.77651186,2062148.4681,5024780.49967,
634,14,24,ACTIVA,1,LOTE 1B,0,4.56248698,-72.77657408,2062154.1584,5024773.59841,
635,14,25,ACTIVA,1,LOTE 1B,0,4.56254883,-72.77665615,2062160.9899,5024764.49587,
636,14,26,ACTIVA,1,LOTE 1B,0,4.56259879,-72.77672039,2062166.5078,5024757.37210,
637,14,27,ACTIVA,1,LOTE 1B,0,4.56265588,-72.77678819,2062172.8140,5024749.85241,
638,14,28,ACTIVA,1,LOTE 1B,0,4.56271655,-72.77686550,2062179.5143,5024741.27748,
639,14,29,ACTIVA,1,LOTE 1B,0,4.56276888,-72.77693330,2062185.2948,5024733.75796,
640,14,30,ERRADICADA,0,LOTE 1B,0,4.56282255,-72.77700367,2062191.2225,5024725.95351,
641,14,31,ACTIVA,1,LOTE 1B,0,4.56288269,-72.77707751,2062197.8650,5024717.76372,
642,14,32,ACTIVA,1,LOTE 1B,0,4.56293979,-72.77714222,2062204.1714,5024710.58695,
643,14,33,ACTIVA,1,LOTE 1B,0,4.56299460,-72.77721378,2062210.2252,5024702.65058,
644,14,34,ACTIVA,1,LOTE 1B,0,4.56304865,-72.77728382,2062216.1949,5024694.88305,
645,14,35,ACTIVA,1,LOTE 1B,0,4.56311026,-72.77735556,2062223.0005,5024686.92534,
646,14,36,ACTIVA,1,LOTE 1B,0,4.56316379,-72.77742574,2062228.9124,5024679.14200,
647,14,37,ACTIVA,1,LOTE 1B,0,4.56321732,-72.77749235,2062234.8244,5024671.75434,
648,14,38,ACTIVA,1,LOTE 1B,0,4.56327798,-72.77756967,2062241.5247,5024663.17942,
649,14,39,ACTIVA,1,LOTE 1B,0,4.56333388,-72.77763866,2062247.6995,5024655.52790,
650,14,40,ACTIVA,1,LOTE 1B,0,4.56338027,-72.77770408,2062252.8230,5024648.27237,
651,14,41,ACTIVA,1,LOTE 1B,0,4.56344213,-72.77777783,2062259.6548,5024640.09309,
652,14,42,ACTIVA,1,LOTE 1B,0,4.56350160,-72.77784563,2062266.2239,5024632.57334,
653,14,43,ERRADICADA,0,LOTE 1B,0,4.56355632,-72.77792294,2062272.2670,5024623.99863,
654,14,44,ACTIVA,1,LOTE 1B,0,4.56360865,-72.77798717,2062278.0477,5024616.87480,
655,14,45,ACTIVA,1,LOTE 1B,0,4.56366813,-72.77805735,2062284.6168,5024609.09127,
656,14,46,ACTIVA,1,LOTE 1B,0,4.56372403,-72.77812634,2062290.7916,5024601.43975,
657,14,47,ACTIVA,1,LOTE 1B,1,4.56377754,-72.77819651,2062296.7018,5024593.65791,
658,14,48,ACTIVA,1,LOTE 1B,0,4.56383942,-72.77827008,2062303.5361,5024585.49847,
659,14,49,ACTIVA,1,LOTE 1B,0,4.56389213,-72.77833816,2062309.3579,5024577.94709,
660,14,50,ACTIVA,1,LOTE 1B,0,4.56394846,-72.77840363,2062315.5802,5024570.68596,
661,14,51,ACTIVA,1,LOTE 1B,0,4.56400784,-72.77848585,2062322.1383,5024561.56772,
662,14,52,ACTIVA,1,LOTE 1B,0,4.56406417,-72.77855284,2062328.3605,5024554.13777,
663,14,53,ACTIVA,1,LOTE 1B,0,4.56411137,-72.77861755,2062333.5734,5024546.96137,
664,14,54,ACTIVA,1,LOTE 1B,0,4.56417379,-72.77869443,2062340.4682,5024538.43389,
665,14,55,ERRADICADA,0,LOTE 1B,0,4.56422334,-72.77876508,2062345.9400,5024530.59902,
666,14,56,ACTIVA,1,LOTE 1B,0,4.56428326,-72.77883134,2062352.5592,5024523.24998,
667,14,57,ACTIVA,1,LOTE 1B,0,4.56434855,-72.77890783,2062359.7703,5024514.76631,
668,14,58,ACTIVA,1,LOTE 1B,0,4.56440068,-72.77897214,2062365.5283,5024507.63363,
669,14,59,ERRADICADA,0,LOTE 1B,0,4.56445281,-72.77904181,2062371.2861,5024499.90672,
670,14,60,ACTIVA,1,LOTE 1B,1,4.56450723,-72.77910932,2062377.2963,5024492.41945,
671,14,61,ACTIVA,1,LOTE 1B,0,4.56457117,-72.77918316,2062384.3594,5024484.22957,
672,14,62,ACTIVA,1,LOTE 1B,0,4.56462142,-72.77925244,2062389.9086,5024476.54661,
673,14,63,ACTIVA,1,LOTE 1B,0,4.56467699,-72.77932171,2062396.0466,5024468.86347,
674,14,64,ERRADICADA,0,LOTE 1B,0,4.56473637,-72.77939860,2062402.6050,5024460.33612,
675,14,65,ERRADICADA,0,LOTE 1B,0,4.56479042,-72.77946483,2062408.5749,5024452.99067,
676,14,66,ACTIVA,1,LOTE 1B,0,4.56484903,-72.77953487,2062415.0493,5024445.22303,
677,14,67,ACTIVA,1,LOTE 1B,0,4.56490537,-72.77960947,2062421.2713,5024436.94900,
678,14,68,ACTIVA,1,LOTE 1B,0,4.56496170,-72.77967722,2062427.4934,5024429.43467,
679,14,69,ACTIVA,1,LOTE 1B,0,4.56501423,-72.77974802,2062433.2950,5024421.58282,
680,14,70,ACTIVA,1,LOTE 1B,0,4.56507741,-72.77982415,2062440.2739,5024413.13975,
681,14,71,ACTIVA,1,LOTE 1B,0,4.56512994,-72.77988886,2062446.0756,5024405.96318,
682,14,72,ACTIVA,1,LOTE 1B,0,4.56518475,-72.77995737,2062452.1295,5024398.36449,
683,15,1,ACTIVA,1,LOTE 1B,0,4.56123684,-72.77487442,2062016.0850,5024962.10196,
684,15,2,ACTIVA,1,LOTE 1B,0,4.56130460,-72.77495131,2062023.5686,5024953.57423,
685,15,3,ACTIVA,1,LOTE 1B,0,4.56135332,-72.77502058,2062028.9495,5024945.89126,
686,15,4,ACTIVA,1,LOTE 1B,0,4.56140813,-72.77508681,2062035.0035,5024938.54572,
687,15,5,ACTIVA,1,LOTE 1B,1,4.56146142,-72.77515304,2062040.8892,5024931.20023,
688,15,6,ACTIVA,1,LOTE 1B,0,4.56152384,-72.77522917,2062047.7840,5024922.75710,
689,15,7,ACTIVA,1,LOTE 1B,0,4.56157561,-72.77529616,2062053.5015,5024915.32725,
690,15,8,ACTIVA,1,LOTE 1B,0,4.56163056,-72.77536677,2062059.5711,5024907.49635,
691,15,9,ACTIVA,1,LOTE 1B,0,4.56168884,-72.77544527,2062066.0084,5024898.78959,
692,15,10,ACTIVA,1,LOTE 1B,0,4.56174118,-72.77551426,2062071.7889,5024891.13815,
693,15,11,ACTIVA,1,LOTE 1B,0,4.56179590,-72.77558087,2062077.8323,5024883.75042,
694,15,12,ERRADICADA,0,LOTE 1B,0,4.56184585,-72.77565581,2062083.3498,5024875.43962,
695,15,13,ACTIVA,1,LOTE 1B,0,4.56190771,-72.77572480,2062090.1817,5024867.78786,
696,15,14,ERRADICADA,0,LOTE 1B,0,4.56196361,-72.77580211,2062096.3562,5024859.21307,
697,15,15,ERRADICADA,0,LOTE 1B,0,4.56201476,-72.77587229,2062102.0052,5024851.42979,
698,15,16,ACTIVA,1,LOTE 1B,0,4.56207304,-72.77594009,2062108.4429,5024843.91005,
699,15,17,ACTIVA,1,LOTE 1B,0,4.56212752,-72.77600489,2062114.4601,5024836.72280,
700,15,18,ACTIVA,1,LOTE 1B,0,4.56218614,-72.77607645,2062120.9345,5024828.78628,
701,15,19,ACTIVA,1,LOTE 1B,0,4.56224552,-72.77615182,2062127.4929,5024820.42768,
702,15,20,ACTIVA,1,LOTE 1B,0,4.56230337,-72.77621957,2062133.8832,5024812.91323,
703,15,21,ACTIVA,1,LOTE 1B,0,4.56235133,-72.77628732,2062139.1801,5024805.39912,
704,15,22,ACTIVA,1,LOTE 1B,0,4.56241452,-72.77636573,2062146.1589,5024796.70276,
705,15,23,ERRADICADA,0,LOTE 1B,0,4.56246706,-72.77643751,2062151.9617,5024788.74172,
706,15,24,ERRADICADA,0,LOTE 1B,0,4.56251352,-72.77650256,2062157.0934,5024781.52739,
707,15,25,ERRADICADA,0,LOTE 1B,0,4.56257485,-72.77657133,2062163.8679,5024773.90039,
708,15,26,ERRADICADA,0,LOTE 1B,0,4.56263618,-72.77664753,2062170.6421,5024765.44908,
709,15,27,ACTIVA,1,LOTE 1B,0,4.56269038,-72.77670611,2062176.6283,5024758.95164,
710,15,28,ACTIVA,1,LOTE 1B,0,4.56274866,-72.77678224,2062183.0657,5024750.50868,
711,15,29,ACTIVA,1,LOTE 1B,0,4.56280219,-72.77685004,2062188.9777,5024742.98912,
712,15,30,ACTIVA,1,LOTE 1B,0,4.56285572,-72.77691665,2062194.8897,5024735.60145,
713,15,31,ACTIVA,1,LOTE 1B,0,4.56290805,-72.77698445,2062200.6703,5024728.08193,
714,15,32,ACTIVA,1,LOTE 1B,0,4.56296991,-72.77706058,2062207.5020,5024719.63885,
715,15,33,ACTIVA,1,LOTE 1B,0,4.56302819,-72.77712956,2062213.9396,5024711.98724,
716,15,34,ACTIVA,1,LOTE 1B,0,4.56308053,-72.77719855,2062219.7202,5024704.33583,
717,15,35,ACTIVA,1,LOTE 1B,0,4.56314357,-72.77727349,2062226.6833,5024696.02461,
718,15,36,ACTIVA,1,LOTE 1B,0,4.56319709,-72.77734091,2062232.5953,5024688.54726,
719,15,37,ACTIVA,1,LOTE 1B,0,4.56324886,-72.77741095,2062238.3127,5024680.77981,
720,15,38,ACTIVA,1,LOTE 1B,0,4.56331433,-72.77748555,2062245.5440,5024672.50544,
721,15,39,ACTIVA,1,LOTE 1B,0,4.56336762,-72.77755330,2062251.4297,5024664.99117,
722,15,40,ACTIVA,1,LOTE 1B,0,4.56342014,-72.77761725,2062257.2315,5024657.89898,
723,15,41,ACTIVA,1,LOTE 1B,0,4.56348028,-72.77769490,2062263.8739,5024649.28715,
724,15,42,ACTIVA,1,LOTE 1B,0,4.56353357,-72.77776265,2062269.7596,5024641.77289,
725,15,43,ACTIVA,1,LOTE 1B,0,4.56358686,-72.77783269,2062275.6452,5024634.00539,
726,15,44,ACTIVA,1,LOTE 1B,0,4.56364909,-72.77790391,2062282.5191,5024626.10571,
727,15,45,ACTIVA,1,LOTE 1B,0,4.56370738,-72.77797528,2062288.9567,5024618.19033,
728,15,46,ACTIVA,1,LOTE 1B,0,4.56375615,-72.77803951,2062294.3431,5024611.06662,
729,15,47,ACTIVA,1,LOTE 1B,0,4.56381205,-72.77811207,2062300.5178,5024603.01943,
730,15,48,ACTIVA,1,LOTE 1B,0,4.56387866,-72.77818701,2062307.8753,5024594.70811,
731,15,49,ACTIVA,1,LOTE 1B,0,4.56392743,-72.77825837,2062313.2615,5024586.79306,
732,15,50,ACTIVA,1,LOTE 1B,0,4.56398334,-72.77832261,2062319.4364,5024579.66911,
733,15,51,ACTIVA,1,LOTE 1B,0,4.56404281,-72.77839754,2062326.0053,5024571.35803,
734,15,52,ACTIVA,1,LOTE 1B,0,4.56410109,-72.77846653,2062332.4430,5024563.70644,
735,15,53,ACTIVA,1,LOTE 1B,0,4.56414510,-72.77853076,2062337.3037,5024556.58290,
736,15,54,ACTIVA,1,LOTE 1B,0,4.56421171,-72.77861403,2062344.6609,5024547.34835,
737,15,55,ERRADICADA,0,LOTE 1B,0,4.56426591,-72.77868606,2062350.6464,5024539.35927,
738,15,56,ACTIVA,1,LOTE 1B,0,4.56431920,-72.77874620,2062356.5323,5024532.68911,
739,15,57,ACTIVA,1,LOTE 1B,1,4.56437632,-72.77881575,2062362.8419,5024524.97553,
740,15,58,ACTIVA,1,LOTE 1B,0,4.56443186,-72.77888980,2062368.9764,5024516.76230,
741,15,59,ACTIVA,1,LOTE 1B,0,4.56448896,-72.77895859,2062375.2827,5024509.13313,
742,15,60,ACTIVA,1,LOTE 1B,0,4.56454225,-72.77902711,2062381.1684,5024501.53447,
743,15,61,ACTIVA,1,LOTE 1B,0,4.56460619,-72.77910171,2062388.2315,5024493.26018,
744,15,62,ACTIVA,1,LOTE 1B,0,4.56465720,-72.77917327,2062393.8647,5024485.32397,
745,15,63,ACTIVA,1,LOTE 1B,0,4.56471390,-72.77923681,2062400.1281,5024478.27706,
746,15,64,ACTIVA,1,LOTE 1B,0,4.56477280,-72.77931736,2062406.6333,5024469.34342,
747,15,65,ACTIVA,1,LOTE 1B,0,4.56482477,-72.77938405,2062412.3732,5024461.94665,
748,15,66,ACTIVA,1,LOTE 1B,0,4.56488107,-72.77945248,2062418.5917,5024454.35766,
749,15,67,ACTIVA,1,LOTE 1B,0,4.56494603,-72.77952783,2062425.7669,5024446.00006,
750,15,68,ACTIVA,1,LOTE 1B,0,4.56499776,-72.77959380,2062431.4801,5024438.68397,
751,15,69,ERRADICADA,0,LOTE 1B,0,4.56505083,-72.77967248,2062437.3421,5024429.95799,
752,15,70,ACTIVA,1,LOTE 1B,0,4.56510886,-72.77973224,2062443.7523,5024423.32933,
753,15,71,ACTIVA,1,LOTE 1B,0,4.56516257,-72.77980673,2062449.6834,5024415.06816,
754,15,72,ACTIVA,1,LOTE 1B,0,4.56521800,-72.77987429,2062455.8061,5024407.57524,
755,16,1,ACTIVA,1,LOTE 1B,0,4.56127356,-72.77479087,2062020.1453,5024971.36476,
756,16,2,ACTIVA,1,LOTE 1B,0,4.56132900,-72.77485930,2062026.2679,5024963.77572,
757,16,3,ACTIVA,1,LOTE 1B,0,4.56138876,-72.77493205,2062032.8690,5024955.70633,
758,16,4,ACTIVA,1,LOTE 1B,0,4.56144333,-72.77500654,2062038.8957,5024947.44504,
759,16,5,ACTIVA,1,LOTE 1B,0,4.56149616,-72.77507150,2062044.7314,5024940.24025,
760,16,6,ACTIVA,1,LOTE 1B,0,4.56155160,-72.77514946,2062050.8538,5024931.59478,
761,16,7,ACTIVA,1,LOTE 1B,0,4.56160703,-72.77521701,2062056.9765,5024924.10178,
762,16,8,ACTIVA,1,LOTE 1B,0,4.56165900,-72.77528457,2062062.7164,5024916.60891,
763,16,9,ACTIVA,1,LOTE 1B,0,4.56172223,-72.77536166,2062069.7001,5024908.05921,
764,16,10,ACTIVA,1,LOTE 1B,0,4.56177766,-72.77543095,2062075.8227,5024900.37414,
765,16,11,ACTIVA,1,LOTE 1B,0,4.56182876,-72.77549591,2062081.4670,5024893.16941,
766,16,12,ACTIVA,1,LOTE 1B,0,4.56188593,-72.77557127,2062087.7808,5024884.81201,
767,16,13,ACTIVA,1,LOTE 1B,0,4.56194223,-72.77564316,2062093.9991,5024876.83879,
768,16,14,ACTIVA,1,LOTE 1B,0,4.56199506,-72.77571072,2062099.8347,5024869.34589,
769,16,15,ACTIVA,1,LOTE 1B,0,4.56205310,-72.77578174,2062106.2444,5024861.46866,
770,16,16,ACTIVA,1,LOTE 1B,0,4.56211113,-72.77585363,2062112.6541,5024853.49538,
771,16,17,ACTIVA,1,LOTE 1B,0,4.56216829,-72.77592206,2062118.9682,5024845.90630,
772,16,18,ACTIVA,1,LOTE 1B,0,4.56222113,-72.77599308,2062124.8037,5024838.02925,
773,16,19,ACTIVA,1,LOTE 1B,0,4.56228176,-72.77606757,2062131.5004,5024829.76777,
774,16,20,ACTIVA,1,LOTE 1B,0,4.56233373,-72.77613686,2062137.2402,5024822.08283,
775,16,21,ACTIVA,1,LOTE 1B,0,4.56239003,-72.77620182,2062143.4587,5024814.87794,
776,16,22,ACTIVA,1,LOTE 1B,0,4.56245066,-72.77628151,2062150.1552,5024806.04023,
777,16,23,ACTIVA,1,LOTE 1B,0,4.56250176,-72.77634820,2062155.7995,5024798.64344,
778,16,24,ACTIVA,1,LOTE 1B,0,4.56255546,-72.77641923,2062161.7307,5024790.76637,
779,16,25,ACTIVA,1,LOTE 1B,0,4.56261176,-72.77649285,2062167.9489,5024782.60109,
780,16,26,ACTIVA,1,LOTE 1B,0,4.56266806,-72.77655954,2062174.1673,5024775.20412,
781,16,27,ERRADICADA,0,LOTE 1B,0,4.56272363,-72.77663408,2062180.3047,5024766.93728,
782,16,28,ERRADICADA,0,LOTE 1B,0,4.56277685,-72.77670208,2062186.1824,5024759.39572,
783,16,29,ERRADICADA,0,LOTE 1B,0,4.56283203,-72.77677008,2062192.2779,5024751.85410,
784,16,30,ACTIVA,1,LOTE 1B,0,4.56289116,-72.77683808,2062198.8089,5024744.31235,
785,16,31,ACTIVA,1,LOTE 1B,0,4.56294536,-72.77690410,2062204.7956,5024736.98930,
786,16,32,ACTIVA,1,LOTE 1B,0,4.56300745,-72.77697900,2062211.6531,5024728.68255,
787,16,33,ACTIVA,1,LOTE 1B,0,4.56306264,-72.77704700,2062217.7486,5024721.14093,
788,16,34,ACTIVA,1,LOTE 1B,0,4.56311782,-72.77711795,2062223.8439,5024713.27150,
789,16,35,ACTIVA,1,LOTE 1B,0,4.56317202,-72.77719187,2062229.8303,5024705.07429,
790,16,36,ACTIVA,1,LOTE 1B,0,4.56323017,-72.77725986,2062236.2525,5024697.53258,
791,16,37,ACTIVA,1,LOTE 1B,0,4.56327944,-72.77732885,2062241.6946,5024689.88189,
792,16,38,ACTIVA,1,LOTE 1B,0,4.56333759,-72.77739783,2062248.1167,5024682.23091,
793,16,39,ACTIVA,1,LOTE 1B,0,4.56339770,-72.77747371,2062254.7564,5024673.81496,
794,16,40,ACTIVA,1,LOTE 1B,0,4.56345092,-72.77754073,2062260.6341,5024666.38269,
795,16,41,ACTIVA,1,LOTE 1B,0,4.56350512,-72.77760675,2062266.6208,5024659.05966,
796,16,42,ACTIVA,1,LOTE 1B,0,4.56356523,-72.77768461,2062273.2604,5024650.42517,
797,16,43,ACTIVA,1,LOTE 1B,0,4.56362535,-72.77774866,2062279.9005,5024643.32048,
798,16,44,ERRADICADA,0,LOTE 1B,0,4.56368250,-72.77782258,2062286.2136,5024635.12318,
799,16,45,ACTIVA,1,LOTE 1B,0,4.56374163,-72.77789550,2062292.7445,5024627.03509,
800,16,46,ACTIVA,1,LOTE 1B,0,4.56379091,-72.77796350,2062298.1866,5024619.49369,
801,16,47,ACTIVA,1,LOTE 1B,0,4.56384905,-72.77803347,2062304.6087,5024611.73345,
802,16,48,ACTIVA,1,LOTE 1B,0,4.56390424,-72.77810935,2062310.7039,5024603.31768,
803,16,49,ERRADICADA,0,LOTE 1B,0,4.56396284,-72.77818338,2062317.1762,5024595.10722,
804,16,50,ACTIVA,1,LOTE 1B,0,4.56401778,-72.77824617,2062323.2448,5024588.14307,
805,16,51,ACTIVA,1,LOTE 1B,0,4.56406936,-72.77831457,2062328.9415,5024580.55741,
806,16,52,ACTIVA,1,LOTE 1B,0,4.56412766,-72.77838745,2062335.3814,5024572.47420,
807,16,53,ACTIVA,1,LOTE 1B,0,4.56417872,-72.77845592,2062341.0208,5024564.88000,
808,16,54,ACTIVA,1,LOTE 1B,0,4.56423521,-72.77852206,2062347.2604,5024557.54501,
809,16,55,ACTIVA,1,LOTE 1B,0,4.56429721,-72.77859554,2062354.1086,5024549.39505,
810,16,56,ACTIVA,1,LOTE 1B,0,4.56435095,-72.77866627,2062360.0435,5024541.55092,
811,16,57,ACTIVA,1,LOTE 1B,0,4.56440330,-72.77873286,2062365.8263,5024534.16515,
812,16,58,ACTIVA,1,LOTE 1B,0,4.56447220,-72.77880956,2062373.4356,5024525.65849,
813,16,59,ACTIVA,1,LOTE 1B,0,4.56451904,-72.77887570,2062378.6095,5024518.32383,
814,16,60,ACTIVA,1,LOTE 1B,0,4.56457567,-72.77894395,2062384.8648,5024510.75332,
815,16,61,ACTIVA,1,LOTE 1B,0,4.56463882,-72.77901787,2062391.8399,5024502.55559,
816,16,62,ACTIVA,1,LOTE 1B,0,4.56469264,-72.77908819,2062397.7844,5024494.75602,
817,16,63,ERRADICADA,0,LOTE 1B,0,4.56475382,-72.77916264,2062404.5416,5024486.49868,
818,16,64,ACTIVA,1,LOTE 1B,0,4.56480800,-72.77923262,2062410.5255,5024478.73749,
819,16,65,ACTIVA,1,LOTE 1B,0,4.56485917,-72.77929884,2062416.1769,5024471.39356,
820,16,66,ACTIVA,1,LOTE 1B,0,4.56491861,-72.77937108,2062422.7427,5024463.38189,
821,16,67,ACTIVA,1,LOTE 1B,0,4.56497434,-72.77943861,2062428.8982,5024455.89181,
822,16,68,ACTIVA,1,LOTE 1B,0,4.56503195,-72.77950915,2062435.2614,5024448.06793,
823,16,69,ACTIVA,1,LOTE 1B,0,4.56507756,-72.77958044,2062440.2987,5024440.16185,
824,16,70,ACTIVA,1,LOTE 1B,0,4.56513776,-72.77964979,2062446.9477,5024432.47055,
825,16,71,ACTIVA,1,LOTE 1B,0,4.56519603,-72.77972251,2062453.3838,5024424.40552,
826,16,72,ACTIVA,1,LOTE 1B,0,4.56525238,-72.77979186,2062459.6072,5024416.71435,
827,17,1,ACTIVA,1,LOTE 1B,0,4.56130762,-72.77470415,2062023.9116,5024980.97977,
828,17,2,ACTIVA,1,LOTE 1B,0,4.56136392,-72.77477483,2062030.1293,5024973.14021,
829,17,3,ACTIVA,1,LOTE 1B,0,4.56142106,-72.77485229,2062036.4402,5024964.54971,
830,17,4,ACTIVA,1,LOTE 1B,0,4.56147582,-72.77492250,2062042.4884,5024956.76300,
831,17,5,ACTIVA,1,LOTE 1B,0,4.56152740,-72.77499128,2062048.1858,5024949.13480,
832,17,6,ACTIVA,1,LOTE 1B,0,4.56158891,-72.77506402,2062054.9792,5024941.06627,
833,17,7,ACTIVA,1,LOTE 1B,0,4.56164314,-72.77513214,2062060.9690,5024933.51131,
834,17,8,ACTIVA,1,LOTE 1B,0,4.56169538,-72.77520092,2062066.7395,5024925.88309,
835,17,9,ACTIVA,1,LOTE 1B,0,4.56175358,-72.77527235,2062073.1676,5024917.96134,
836,17,10,ACTIVA,1,LOTE 1B,0,4.56181319,-72.77534388,2062079.7509,5024910.02748,
837,17,11,ACTIVA,1,LOTE 1B,0,4.56186435,-72.77541537,2062085.4022,5024902.09946,
838,17,12,ACTIVA,1,LOTE 1B,0,4.56191778,-72.77548610,2062091.3029,5024894.25479,
839,17,13,ACTIVA,1,LOTE 1B,0,4.56197572,-72.77555758,2062097.7024,5024886.32653,
840,17,14,ACTIVA,1,LOTE 1B,0,4.56203215,-72.77562831,2062103.9356,5024878.48177,
841,17,15,ACTIVA,1,LOTE 1B,0,4.56208558,-72.77569453,2062109.8365,5024871.13771,
842,17,16,ERRADICADA,0,LOTE 1B,0,4.56214084,-72.77576564,2062115.9398,5024863.25127,
843,17,17,ACTIVA,1,LOTE 1B,0,4.56219727,-72.77584089,2062122.1729,5024854.90590,
844,17,18,ACTIVA,1,LOTE 1B,0,4.56225253,-72.77591260,2062128.2762,5024846.95167,
845,17,19,ACTIVA,1,LOTE 1B,0,4.56231367,-72.77598903,2062135.0289,5024838.47578,
846,17,20,ACTIVA,1,LOTE 1B,0,4.56237010,-72.77605369,2062141.2624,5024831.30371,
847,17,21,ACTIVA,1,LOTE 1B,0,4.56242419,-72.77612306,2062147.2359,5024823.61025,
848,17,22,ERRADICADA,0,LOTE 1B,0,4.56248297,-72.77620654,2062153.7286,5024814.35225,
849,17,23,ACTIVA,1,LOTE 1B,0,4.56253471,-72.77626885,2062159.4425,5024807.44107,
850,17,24,ACTIVA,1,LOTE 1B,0,4.56259232,-72.77632881,2062165.8060,5024800.79043,
851,17,25,ACTIVA,1,LOTE 1B,0,4.56265346,-72.77639465,2062172.5591,5024793.48784,
852,17,26,ACTIVA,1,LOTE 1B,0,4.56270260,-72.77647484,2062177.9866,5024784.59519,
853,17,27,ACTIVA,1,LOTE 1B,0,4.56276205,-72.77654331,2062184.5525,5024777.00064,
854,17,28,ACTIVA,1,LOTE 1B,0,4.56281397,-72.77661254,2062190.2870,5024769.32291,
855,17,29,ACTIVA,1,LOTE 1B,0,4.56287115,-72.77669004,2062196.6031,5024760.72723,
856,17,30,ACTIVA,1,LOTE 1B,0,4.56292975,-72.77675795,2062203.0755,5024753.19529,
857,17,31,ACTIVA,1,LOTE 1B,0,4.56298266,-72.77682262,2062208.9193,5024746.02335,
858,17,32,ACTIVA,1,LOTE 1B,0,4.56304145,-72.77689551,2062215.4123,5024737.93865,
859,17,33,ACTIVA,1,LOTE 1B,0,4.56309670,-72.77696488,2062221.5157,5024730.24517,
860,17,34,ACTIVA,1,LOTE 1B,0,4.56315079,-72.77702837,2062227.4894,5024723.20356,
861,17,35,ACTIVA,1,LOTE 1B,0,4.56320252,-72.77710127,2062233.2030,5024715.11911,
862,17,36,ACTIVA,1,LOTE 1B,0,4.56326483,-72.77717769,2062240.0856,5024706.64320,
863,17,37,ACTIVA,1,LOTE 1B,0,4.56331657,-72.77724941,2062245.7992,5024698.68911,
864,17,38,ACTIVA,1,LOTE 1B,0,4.56337535,-72.77731877,2062252.2923,5024690.99552,
865,17,39,ACTIVA,1,LOTE 1B,0,4.56343414,-72.77739049,2062258.7854,5024683.04120,
866,17,40,ACTIVA,1,LOTE 1B,0,4.56348587,-72.77745398,2062264.4993,5024675.99967,
867,17,41,ACTIVA,1,LOTE 1B,0,4.56354583,-72.77751865,2062271.1225,5024668.82751,
868,17,42,ACTIVA,1,LOTE 1B,0,4.56360579,-72.77759625,2062277.7453,5024660.22132,
869,17,43,ACTIVA,1,LOTE 1B,0,4.56366223,-72.77766326,2062283.9787,5024652.78854,
870,17,44,ACTIVA,1,LOTE 1B,0,4.56371043,-72.77773381,2062289.3026,5024644.96495,
871,17,45,ACTIVA,1,LOTE 1B,0,4.56377510,-72.77780905,2062296.4451,5024636.61934,
872,17,46,ACTIVA,1,LOTE 1B,0,4.56382801,-72.77787842,2062302.2887,5024628.92595,
873,17,47,ACTIVA,1,LOTE 1B,0,4.56387871,-72.77794675,2062307.8889,5024621.34770,
874,17,48,ACTIVA,1,LOTE 1B,0,4.56393624,-72.77801415,2062314.2436,5024613.87289,
875,17,49,ACTIVA,1,LOTE 1B,0,4.56399542,-72.77808976,2062320.7796,5024605.48671,
876,17,50,ACTIVA,1,LOTE 1B,0,4.56404802,-72.77815770,2062326.5894,5024597.95132,
877,17,51,ACTIVA,1,LOTE 1B,0,4.56410829,-72.77822510,2062333.2468,5024590.47643,
878,17,52,ACTIVA,1,LOTE 1B,0,4.56416692,-72.77830181,2062339.7222,5024581.96876,
879,17,53,ACTIVA,1,LOTE 1B,0,4.56421843,-72.77837030,2062345.4109,5024574.37265,
880,17,54,ACTIVA,1,LOTE 1B,0,4.56427212,-72.77843550,2062351.3418,5024567.14100,
881,17,55,ACTIVA,1,LOTE 1B,0,4.56433020,-72.77851276,2062357.7567,5024558.57260,
882,17,56,ACTIVA,1,LOTE 1B,0,4.56438366,-72.77857940,2062363.6611,5024551.18148,
883,17,57,ACTIVA,1,LOTE 1B,0,4.56444274,-72.77864704,2062370.1861,5024543.68006,
884,17,58,ACTIVA,1,LOTE 1B,0,4.56450181,-72.77872580,2062376.7107,5024534.94455,
885,17,59,ERRADICADA,0,LOTE 1B,0,4.56455169,-72.77878977,2062382.2200,5024527.85016,
886,17,60,ACTIVA,1,LOTE 1B,0,4.56460916,-72.77886478,2062388.5677,5024519.53155,
887,17,61,ACTIVA,1,LOTE 1B,0,4.56466535,-72.77893195,2062394.7735,5024512.08138,
888,17,62,ACTIVA,1,LOTE 1B,0,4.56472644,-72.77900489,2062401.5217,5024503.99163,
889,17,63,ACTIVA,1,LOTE 1B,0,4.56478442,-72.77907347,2062407.9256,5024496.38587,
890,17,64,ACTIVA,1,LOTE 1B,0,4.56483305,-72.77913955,2062413.2963,5024489.05693,
891,17,65,ACTIVA,1,LOTE 1B,0,4.56489477,-72.77921810,2062420.1131,5024480.34504,
892,17,66,ACTIVA,1,LOTE 1B,0,4.56494776,-72.77928605,2062425.9660,5024472.80857,
893,17,67,ACTIVA,1,LOTE 1B,0,4.56500449,-72.77935338,2062432.2321,5024465.34111,
894,17,68,ACTIVA,1,LOTE 1B,0,4.56506683,-72.77943193,2062439.1179,5024456.62920,
895,17,69,ACTIVA,1,LOTE 1B,0,4.56511733,-72.77950113,2062444.6951,5024448.95457,
896,17,70,ACTIVA,1,LOTE 1B,0,4.56517281,-72.77956534,2062450.8236,5024441.83278,
897,17,71,ACTIVA,1,LOTE 1B,0,4.56523328,-72.77963517,2062457.5030,5024434.08869,
898,17,72,ACTIVA,1,LOTE 1B,0,4.56529251,-72.77970873,2062464.0445,5024425.92990,
899,18,1,ACTIVA,1,LOTE 1B,0,4.56133912,-72.77462454,2062027.3949,5024989.80564,
900,18,2,ACTIVA,1,LOTE 1B,0,4.56139659,-72.77469760,2062033.7426,5024981.70297,
901,18,3,ACTIVA,1,LOTE 1B,0,4.56145601,-72.77476773,2062040.3057,5024973.92427,
902,18,4,ACTIVA,1,LOTE 1B,0,4.56150862,-72.77483884,2062046.1153,5024966.03780,
903,18,5,ACTIVA,1,LOTE 1B,0,4.56156414,-72.77490313,2062052.2481,5024958.90729,
904,18,6,ACTIVA,1,LOTE 1B,0,4.56162161,-72.77497716,2062058.5957,5024950.69663,
905,18,7,ACTIVA,1,LOTE 1B,0,4.56167226,-72.77505022,2062064.1900,5024942.59421,
906,18,8,ACTIVA,1,LOTE 1B,0,4.56172876,-72.77512035,2062070.4302,5024934.81561,
907,18,9,ACTIVA,1,LOTE 1B,0,4.56178039,-72.77518854,2062076.1323,5024927.25321,
908,18,10,ACTIVA,1,LOTE 1B,0,4.56184370,-72.77526647,2062083.1257,5024918.61031,
909,18,11,ACTIVA,1,LOTE 1B,0,4.56189923,-72.77532978,2062089.2585,5024911.58782,
910,18,12,ACTIVA,1,LOTE 1B,0,4.56195183,-72.77539992,2062095.0682,5024903.80936,
911,18,13,ACTIVA,1,LOTE 1B,0,4.56201027,-72.77547103,2062101.5236,5024895.92270,
912,18,14,ACTIVA,1,LOTE 1B,0,4.56206385,-72.77553921,2062107.4409,5024888.36023,
913,18,15,ACTIVA,1,LOTE 1B,0,4.56212132,-72.77560935,2062113.7888,5024880.58161,
914,18,16,ACTIVA,1,LOTE 1B,0,4.56217879,-72.77568825,2062120.1363,5024871.83091,
915,18,17,ACTIVA,1,LOTE 1B,0,4.56223256,-72.77575356,2062126.0750,5024864.58770,
916,18,18,ACTIVA,1,LOTE 1B,0,4.56229410,-72.77582178,2062132.8719,5024857.02087,
917,18,19,ACTIVA,1,LOTE 1B,1,4.56234232,-72.77589202,2062138.1979,5024849.23119,
918,18,20,ACTIVA,1,LOTE 1B,0,4.56240095,-72.77596599,2062144.6734,5024841.02725,
919,18,21,ACTIVA,1,LOTE 1B,0,4.56246012,-72.77603722,2062151.2096,5024833.12707,
920,18,22,ACTIVA,1,LOTE 1B,0,4.56251108,-72.77610352,2062156.8377,5024825.77397,
921,18,23,ACTIVA,1,LOTE 1B,0,4.56257081,-72.77617968,2062163.4343,5024817.32698,
922,18,24,ACTIVA,1,LOTE 1B,0,4.56262779,-72.77624762,2062169.7284,5024809.79141,
923,18,25,ERRADICADA,0,LOTE 1B,0,4.56268128,-72.77632267,2062175.6361,5024801.46818,
924,18,26,ACTIVA,1,LOTE 1B,0,4.56274223,-72.77639432,2062182.3682,5024793.52129,
925,18,27,ACTIVA,1,LOTE 1B,0,4.56279440,-72.77646121,2062188.1305,5024786.10313,
926,18,28,ACTIVA,1,LOTE 1B,0,4.56285059,-72.77653077,2062194.3361,5024778.38818,
927,18,29,ERRADICADA,0,LOTE 1B,0,4.56290702,-72.77661321,2062200.5689,5024769.24556,
928,18,30,ACTIVA,1,LOTE 1B,0,4.56296333,-72.77667278,2062206.7885,5024762.63787,
929,18,31,ACTIVA,1,LOTE 1B,0,4.56301641,-72.77673871,2062212.6513,5024755.32647,
930,18,32,ACTIVA,1,LOTE 1B,0,4.56307291,-72.77680805,2062218.8924,5024747.63524,
931,18,33,ACTIVA,1,LOTE 1B,0,4.56313113,-72.77688254,2062225.3225,5024739.37438,
932,18,34,ACTIVA,1,LOTE 1B,0,4.56317966,-72.77695081,2062230.6827,5024731.80209,
933,18,35,ACTIVA,1,LOTE 1B,0,4.56323852,-72.77702171,2062237.1839,5024723.93872,
934,18,36,ACTIVA,1,LOTE 1B,0,4.56329605,-72.77708860,2062243.5374,5024716.52039,
935,18,37,ACTIVA,1,LOTE 1B,0,4.56335223,-72.77716084,2062249.7429,5024708.50879,
936,18,38,ACTIVA,1,LOTE 1B,0,4.56340841,-72.77722906,2062255.9485,5024700.94217,
937,18,39,ACTIVA,1,LOTE 1B,0,4.56346861,-72.77730531,2062262.5973,5024692.48546,
938,18,40,ACTIVA,1,LOTE 1B,0,4.56352212,-72.77737353,2062268.5073,5024684.91893,
939,18,41,ACTIVA,1,LOTE 1B,0,4.56357563,-72.77744443,2062274.4173,5024677.05576,
940,18,42,ACTIVA,1,LOTE 1B,0,4.56363449,-72.77751801,2062280.9184,5024668.89575,
941,18,43,ACTIVA,1,LOTE 1B,0,4.56369201,-72.77758355,2062287.2719,5024661.62575,
942,18,44,ACTIVA,1,LOTE 1B,0,4.56374284,-72.77765579,2062292.8862,5024653.61434,
943,18,45,ACTIVA,1,LOTE 1B,0,4.56379892,-72.77772327,2062299.0800,5024646.13080,
944,18,46,ACTIVA,1,LOTE 1B,0,4.56386142,-72.77779347,2062305.9833,5024638.34445,
945,18,47,ACTIVA,1,LOTE 1B,0,4.56391022,-72.77786538,2062311.3729,5024630.36872,
946,18,48,ACTIVA,1,LOTE 1B,0,4.56396501,-72.77793730,2062317.4247,5024622.39278,
947,18,49,ACTIVA,1,LOTE 1B,0,4.56402323,-72.77800836,2062323.8549,5024614.51165,
948,18,50,ACTIVA,1,LOTE 1B,0,4.56408230,-72.77807856,2062330.3798,5024606.72543,
949,18,51,ACTIVA,1,LOTE 1B,0,4.56413624,-72.77814705,2062336.3371,5024599.12924,
950,18,52,ACTIVA,1,LOTE 1B,0,4.56419617,-72.77821726,2062342.9566,5024591.34299,
951,18,53,ACTIVA,1,LOTE 1B,0,4.56425524,-72.77828660,2062349.4814,5024583.65170,
952,18,54,ACTIVA,1,LOTE 1B,0,4.56430319,-72.77835852,2062354.7765,5024575.67600,
953,18,55,ACTIVA,1,LOTE 1B,0,4.56436483,-72.77843044,2062361.5851,5024567.69983,
954,18,56,ACTIVA,1,LOTE 1B,0,4.56442048,-72.77849807,2062367.7316,5024560.19852,
955,18,57,ACTIVA,1,LOTE 1B,0,4.56447613,-72.77856571,2062373.8782,5024552.69721,
956,18,58,ACTIVA,1,LOTE 1B,1,4.56453020,-72.77863933,2062379.8505,5024544.53145,
957,18,59,ACTIVA,1,LOTE 1B,0,4.56459211,-72.77871056,2062386.6894,5024536.63123,
958,18,60,ACTIVA,1,LOTE 1B,0,4.56464472,-72.77877906,2062392.4991,5024529.03509,
959,18,61,ACTIVA,1,LOTE 1B,0,4.56469896,-72.77884974,2062398.4904,5024521.19589,
960,18,62,ERRADICADA,0,LOTE 1B,0,4.56475180,-72.77891929,2062404.3266,5024513.48204,
961,18,63,ACTIVA,1,LOTE 1B,0,4.56481088,-72.77899206,2062410.8514,5024505.41104,
962,18,64,ACTIVA,1,LOTE 1B,0,4.56486738,-72.77906055,2062417.0926,5024497.81478,
963,18,65,ACTIVA,1,LOTE 1B,0,4.56492560,-72.77913932,2062423.5225,5024489.07931,
964,18,66,ACTIVA,1,LOTE 1B,0,4.56497953,-72.77920524,2062429.4800,5024481.76793,
965,18,67,ERRADICADA,0,LOTE 1B,0,4.56503508,-72.77927844,2062435.6145,5024473.64959,
966,18,68,ACTIVA,1,LOTE 1B,0,4.56509840,-72.77934507,2062442.6092,5024466.26005,
967,18,69,ACTIVA,1,LOTE 1B,0,4.56514936,-72.77941410,2062448.2373,5024458.60323,
968,18,70,ACTIVA,1,LOTE 1B,0,4.56520196,-72.77948040,2062454.0471,5024451.25013,
969,18,71,ACTIVA,1,LOTE 1B,0,4.56525511,-72.77955054,2062459.9174,5024443.47172,
970,18,72,ACTIVA,1,LOTE 1B,0,4.56532031,-72.77962451,2062467.1194,5024435.26763,
971,19,1,ACTIVA,1,LOTE 1B,0,4.56142913,-72.77461120,2062037.3403,5024991.28132,
972,19,2,ACTIVA,1,LOTE 1B,0,4.56148478,-72.77467969,2062043.4868,5024983.68501,
973,19,3,ACTIVA,1,LOTE 1B,0,4.56154471,-72.77475246,2062050.1061,5024975.61391,
974,19,4,ACTIVA,1,LOTE 1B,0,4.56160036,-72.77482267,2062056.2525,5024967.82775,
975,19,5,ACTIVA,1,LOTE 1B,0,4.56165172,-72.77489715,2062061.9258,5024959.56709,
976,19,6,ACTIVA,1,LOTE 1B,0,4.56171251,-72.77497078,2062068.6397,5024951.40103,
977,19,7,ACTIVA,1,LOTE 1B,0,4.56176473,-72.77503670,2062074.4079,5024944.08964,
978,19,8,ACTIVA,1,LOTE 1B,0,4.56181781,-72.77510519,2062080.2706,5024936.49343,
979,19,9,ACTIVA,1,LOTE 1B,0,4.56188117,-72.77517797,2062087.2684,5024928.42222,
980,19,10,ACTIVA,1,LOTE 1B,0,4.56193254,-72.77524902,2062092.9418,5024920.54128,
981,19,11,ACTIVA,1,LOTE 1B,0,4.56198452,-72.77531724,2062098.6834,5024912.97549,
982,19,12,ACTIVA,1,LOTE 1B,1,4.56204425,-72.77539121,2062105.2800,5024904.77151,
983,19,13,ACTIVA,1,LOTE 1B,0,4.56210034,-72.77546392,2062111.4755,5024896.70815,
984,19,14,ACTIVA,1,LOTE 1B,0,4.56215171,-72.77553155,2062117.1491,5024889.20693,
985,19,15,ACTIVA,1,LOTE 1B,0,4.56220650,-72.77560347,2062123.2008,5024881.23095,
986,19,16,ACTIVA,1,LOTE 1B,0,4.56226814,-72.77567538,2062130.0094,5024873.25474,
987,19,17,ACTIVA,1,LOTE 1B,0,4.56232294,-72.77574216,2062136.0614,5024865.84834,
988,19,18,ACTIVA,1,LOTE 1B,0,4.56237773,-72.77581236,2062142.1132,5024858.06222,
989,19,19,ACTIVA,1,LOTE 1B,0,4.56243509,-72.77588342,2062148.4488,5024850.18109,
990,19,20,ACTIVA,1,LOTE 1B,0,4.56248732,-72.77595448,2062154.2168,5024842.30014,
991,19,21,ACTIVA,1,LOTE 1B,0,4.56254382,-72.77602725,2062160.4578,5024834.22918,
992,19,22,ERRADICADA,0,LOTE 1B,0,4.56259776,-72.77609735,2062166.4150,5024826.45496,
993,19,23,ACTIVA,1,LOTE 1B,0,4.56266063,-72.77616959,2062173.3596,5024818.44312,
994,19,24,ACTIVA,1,LOTE 1B,0,4.56271280,-72.77623915,2062179.1217,5024810.72829,
995,19,25,ACTIVA,1,LOTE 1B,0,4.56277567,-72.77631005,2062186.0663,5024802.86478,
996,19,26,ACTIVA,1,LOTE 1B,0,4.56282784,-72.77637158,2062191.8288,5024796.03992,
997,19,27,ACTIVA,1,LOTE 1B,0,4.56288641,-72.77644159,2062198.2978,5024788.27529,
998,19,28,ACTIVA,1,LOTE 1B,0,4.56293936,-72.77651354,2062204.1453,5024780.29559,
999,19,29,ACTIVA,1,LOTE 1B,0,4.56299757,-72.77658974,2062210.5753,5024771.84486,
1000,19,30,ACTIVA,1,LOTE 1B,0,4.56305065,-72.77665823,2062216.4380,5024764.24868,
1001,19,31,ACTIVA,1,LOTE 1B,0,4.56310288,-72.77673014,2062222.2060,5024756.27281,
1002,19,32,ACTIVA,1,LOTE 1B,0,4.56316709,-72.77680120,2062229.2984,5024748.39146,
1003,19,33,ACTIVA,1,LOTE 1B,0,4.56321846,-72.77686713,2062234.9720,5024741.08012,
1004,19,34,ACTIVA,1,LOTE 1B,0,4.56327411,-72.77693305,2062241.1186,5024733.76864,
1005,19,35,ERRADICADA,0,LOTE 1B,0,4.56332924,-72.77701034,2062247.2076,5024725.19640,
1006,19,36,ACTIVA,1,LOTE 1B,0,4.56338776,-72.77707723,2062253.6719,5024717.77803,
1007,19,37,ERRADICADA,0,LOTE 1B,0,4.56344629,-72.77715666,2062260.1358,5024708.96909,
1008,19,38,ACTIVA,1,LOTE 1B,0,4.56350098,-72.77722071,2062266.1772,5024701.86457,
1009,19,39,ACTIVA,1,LOTE 1B,0,4.56355150,-72.77728749,2062271.7562,5024694.45834,
1010,19,40,ACTIVA,1,LOTE 1B,0,4.56360971,-72.77735855,2062278.1864,5024686.57721,
1011,19,41,ACTIVA,1,LOTE 1B,0,4.56366451,-72.77742875,2062284.2383,5024678.79112,
1012,19,42,ACTIVA,1,LOTE 1B,0,4.56372358,-72.77750067,2062290.7630,5024670.81503,
1013,19,43,ACTIVA,1,LOTE 1B,0,4.56377837,-72.77756830,2062296.8150,5024663.31373,
1014,19,44,ACTIVA,1,LOTE 1B,0,4.56382888,-72.77763765,2062302.3939,5024655.62272,
1015,19,45,ACTIVA,1,LOTE 1B,0,4.56389309,-72.77771299,2062309.4862,5024647.26674,
1016,19,46,ACTIVA,1,LOTE 1B,0,4.56394874,-72.77777891,2062315.6328,5024639.95528,
1017,19,47,ACTIVA,1,LOTE 1B,0,4.56399926,-72.77785083,2062321.2116,5024631.97948,
1018,19,48,ACTIVA,1,LOTE 1B,0,4.56406175,-72.77792531,2062328.1147,5024623.71849,
1019,19,49,ACTIVA,1,LOTE 1B,0,4.56411655,-72.77799380,2062334.1666,5024616.12227,
1020,19,50,ACTIVA,1,LOTE 1B,0,4.56417134,-72.77805973,2062340.2186,5024608.81084,
1021,19,51,ACTIVA,1,LOTE 1B,0,4.56422956,-72.77813849,2062346.6486,5024600.07536,
1022,19,52,ACTIVA,1,LOTE 1B,0,4.56428435,-72.77820698,2062352.7005,5024592.47914,
1023,19,53,ACTIVA,1,LOTE 1B,0,4.56433657,-72.77827462,2062358.4687,5024584.97794,
1024,19,54,ACTIVA,1,LOTE 1B,0,4.56439137,-72.77833626,2062364.5208,5024578.14116,
1025,19,55,ACTIVA,1,LOTE 1B,0,4.56445387,-72.77841759,2062371.4237,5024569.12075,
1026,19,56,ACTIVA,1,LOTE 1B,0,4.56450866,-72.77848523,2062377.4756,5024561.61947,
1027,19,57,ACTIVA,1,LOTE 1B,0,4.56456033,-72.77855221,2062383.1833,5024554.19044,
1028,19,58,ACTIVA,1,LOTE 1B,0,4.56462280,-72.77862837,2062390.0826,5024545.74340,
1029,19,59,ERRADICADA,0,LOTE 1B,0,4.56467256,-72.77869118,2062395.5782,5024538.77746,
1030,19,60,ACTIVA,1,LOTE 1B,0,4.56473275,-72.77876208,2062402.2272,5024530.91408,
1031,19,61,ACTIVA,1,LOTE 1B,0,4.56479033,-72.77884309,2062408.5861,5024521.92944,
1032,19,62,ACTIVA,1,LOTE 1B,0,4.56484855,-72.77890816,2062415.0166,5024514.71283,
1033,19,63,ACTIVA,1,LOTE 1B,0,4.56490248,-72.77897580,2062420.9740,5024507.21159,
1034,19,64,ACTIVA,1,LOTE 1B,0,4.56495984,-72.77904942,2062427.3095,5024499.04572,
1035,19,65,ACTIVA,1,LOTE 1B,0,4.56501121,-72.77912048,2062432.9830,5024491.16485,
1036,19,66,ACTIVA,1,LOTE 1B,0,4.56506317,-72.77919015,2062438.7215,5024483.43822,
1037,19,67,ACTIVA,1,LOTE 1B,0,4.56512604,-72.77926239,2062445.6661,5024475.42643,
1038,19,68,ERRADICADA,0,LOTE 1B,0,4.56518223,-72.77933730,2062451.8715,5024467.11822,
1039,19,69,ACTIVA,1,LOTE 1B,0,4.56523707,-72.77940151,2062457.9295,5024459.99667,
1040,19,70,ACTIVA,1,LOTE 1B,0,4.56529031,-72.77946551,2062463.8101,5024452.89890,
1041,19,71,ACTIVA,1,LOTE 1B,0,4.56535452,-72.77954256,2062470.9024,5024444.35310,
1042,20,1,ACTIVA,1,LOTE 1B,0,4.56146125,-72.77452384,2062040.8926,5025000.96684,
1043,20,2,ACTIVA,1,LOTE 1B,0,4.56151659,-72.77459617,2062047.0049,5024992.94526,
1044,20,3,ACTIVA,1,LOTE 1B,0,4.56157522,-72.77467397,2062053.4803,5024984.31602,
1045,20,4,ACTIVA,1,LOTE 1B,0,4.56162892,-72.77473918,2062059.4112,5024977.08431,
1046,20,5,ACTIVA,1,LOTE 1B,0,4.56168371,-72.77481150,2062065.4630,5024969.06276,
1047,20,6,ACTIVA,1,LOTE 1B,0,4.56174590,-72.77488345,2062072.3321,5024961.08271,
1048,20,7,ACTIVA,1,LOTE 1B,0,4.56179641,-72.77494938,2062077.9111,5024953.77138,
1049,20,8,ACTIVA,1,LOTE 1B,0,4.56184692,-72.77502386,2062083.4898,5024945.51075,
1050,20,9,ACTIVA,1,LOTE 1B,0,4.56190428,-72.77509150,2062089.8255,5024938.00932,
1051,20,10,ACTIVA,1,LOTE 1B,0,4.56196336,-72.77516512,2062096.3502,5024929.84333,
1052,20,11,ACTIVA,1,LOTE 1B,0,4.56201815,-72.77523789,2062102.4019,5024921.77242,
1053,20,12,ACTIVA,1,LOTE 1B,0,4.56207294,-72.77530125,2062108.4540,5024914.74573,
1054,20,13,ACTIVA,1,LOTE 1B,0,4.56213287,-72.77538001,2062115.0731,5024906.01013,
1055,20,14,ACTIVA,1,LOTE 1B,0,4.56219195,-72.77544936,2062121.5980,5024898.31879,
1056,20,15,ACTIVA,1,LOTE 1B,0,4.56224160,-72.77551443,2062127.0824,5024891.10243,
1057,20,16,ACTIVA,1,LOTE 1B,0,4.56229896,-72.77559062,2062133.4179,5024882.65171,
1058,20,17,ERRADICADA,0,LOTE 1B,0,4.56234760,-72.77565590,2062138.7899,5024875.41165,
1059,20,18,ACTIVA,1,LOTE 1B,0,4.56241048,-72.77572413,2062145.7346,5024867.84478,
1060,20,19,ERRADICADA,0,LOTE 1B,0,4.56246666,-72.77580038,2062151.9400,5024859.38818,
1061,20,20,ERRADICADA,0,LOTE 1B,0,4.56251883,-72.77586860,2062157.7022,5024851.82168,
1062,20,21,ERRADICADA,0,LOTE 1B,0,4.56257769,-72.77594619,2062164.2031,5024843.21666,
1063,20,22,ERRADICADA,0,LOTE 1B,0,4.56263521,-72.77601843,2062170.5564,5024835.20500,
1064,20,23,ERRADICADA,0,LOTE 1B,0,4.56268872,-72.77608264,2062176.4666,5024828.08344,
1065,20,24,ERRADICADA,0,LOTE 1B,0,4.56274624,-72.77615755,2062182.8198,5024819.77512,
1066,20,25,ERRADICADA,0,LOTE 1B,0,4.56280510,-72.77623514,2062189.3207,5024811.17011,
1067,20,26,ERRADICADA,0,LOTE 1B,0,4.56285594,-72.77629667,2062194.9353,5024804.34530,
1068,20,27,ERRADICADA,0,LOTE 1B,0,4.56292148,-72.77637560,2062202.1753,5024795.59173,
1069,20,28,ACTIVA,1,LOTE 1B,0,4.56297767,-72.77644783,2062208.3808,5024787.58012,
1070,20,29,ACTIVA,1,LOTE 1B,0,4.56303519,-72.77650268,2062214.7347,5024781.49672,
1071,20,30,ERRADICADA,0,LOTE 1B,0,4.56309405,-72.77657759,2062221.2357,5024773.18837,
1072,20,31,ACTIVA,1,LOTE 1B,0,4.56314355,-72.77664046,2062226.7025,5024766.21528,
1073,20,32,ACTIVA,1,LOTE 1B,0,4.56319839,-72.77671538,2062232.7601,5024757.90707,
1074,20,33,ACTIVA,1,LOTE 1B,0,4.56325725,-72.77678360,2062239.2614,5024750.34036,
1075,20,34,ACTIVA,1,LOTE 1B,0,4.56330808,-72.77685049,2062244.8758,5024742.92225,
1076,20,35,ERRADICADA,0,LOTE 1B,0,4.56335223,-72.77692272,2062249.7510,5024734.91106,
1077,20,36,ERRADICADA,0,LOTE 1B,0,4.56341376,-72.77699496,2062256.5478,5024726.89928,
1078,20,37,ERRADICADA,0,LOTE 1B,0,4.56346460,-72.77706853,2062262.1620,5024718.73953,
1079,20,38,ACTIVA,1,LOTE 1B,0,4.56352346,-72.77713542,2062268.6633,5024711.32115,
1080,20,39,ERRADICADA,0,LOTE 1B,0,4.56358098,-72.77720498,2062275.0167,5024703.60617,
1081,20,40,ACTIVA,1,LOTE 1B,0,4.56364251,-72.77727320,2062281.8136,5024696.03937,
1082,20,41,ACTIVA,1,LOTE 1B,0,4.56369468,-72.77734544,2062287.5757,5024688.02791,
1083,20,42,ACTIVA,1,LOTE 1B,0,4.56375622,-72.77742169,2062294.3723,5024679.57116,
1084,20,43,ACTIVA,1,LOTE 1B,0,4.56380973,-72.77748991,2062300.2823,5024672.00464,
1085,20,44,ACTIVA,1,LOTE 1B,0,4.56386457,-72.77755680,2062306.3402,5024664.58640,
1086,20,45,ACTIVA,1,LOTE 1B,0,4.56392477,-72.77763305,2062312.9890,5024656.12969,
1087,20,46,ACTIVA,1,LOTE 1B,0,4.56397828,-72.77769860,2062318.8991,5024648.85983,
1088,20,47,ERRADICADA,0,LOTE 1B,0,4.56403446,-72.77777083,2062325.1046,5024640.84825,
1089,20,48,ACTIVA,1,LOTE 1B,1,4.56409343,-72.77784569,2062331.6175,5024632.54585,
1090,20,49,ACTIVA,1,LOTE 1B,0,4.56414737,-72.77791333,2062337.5749,5024625.04459,
1091,20,50,ACTIVA,1,LOTE 1B,0,4.56420045,-72.77798353,2062343.4375,5024617.25857,
1092,20,51,ACTIVA,1,LOTE 1B,0,4.56425439,-72.77804860,2062349.3950,5024610.04210,
1093,20,52,ACTIVA,1,LOTE 1B,0,4.56431517,-72.77811880,2062356.1090,5024602.25582,
1094,20,53,ACTIVA,1,LOTE 1B,0,4.56437538,-72.77819070,2062362.7591,5024594.28139,
1095,20,54,ACTIVA,1,LOTE 1B,0,4.56442603,-72.77826084,2062368.3536,5024586.50305,
1096,20,55,ACTIVA,1,LOTE 1B,0,4.56448935,-72.77833487,2062375.3471,5024578.29225,
1097,20,56,ACTIVA,1,LOTE 1B,0,4.56454097,-72.77839818,2062381.0494,5024571.26994,
1098,20,57,ACTIVA,1,LOTE 1B,0,4.56459942,-72.77846734,2062387.5049,5024563.59935,
1099,20,58,ACTIVA,1,LOTE 1B,0,4.56465981,-72.77854430,2062394.1754,5024555.06462,
1100,20,59,ACTIVA,1,LOTE 1B,0,4.56471436,-72.77861248,2062400.2004,5024547.50218,
1101,20,60,ACTIVA,1,LOTE 1B,0,4.56476794,-72.77868067,2062406.1178,5024539.93976,
1102,20,61,ACTIVA,1,LOTE 1B,0,4.56481664,-72.77875373,2062411.4969,5024531.83748,
1103,20,62,ACTIVA,1,LOTE 1B,0,4.56487996,-72.77882581,2062418.4905,5024523.84270,
1104,20,63,ACTIVA,1,LOTE 1B,0,4.56493841,-72.77889302,2062424.9461,5024516.38813,
1105,20,64,ACTIVA,1,LOTE 1B,0,4.56498705,-72.77896352,2062430.3185,5024508.56937,
1106,20,65,ACTIVA,1,LOTE 1B,0,4.56504336,-72.77903810,2062436.5384,5024500.29807,
1107,20,66,ACTIVA,1,LOTE 1B,0,4.56510361,-72.77910339,2062443.1932,5024493.05703,
1108,20,67,ACTIVA,1,LOTE 1B,0,4.56515660,-72.77917197,2062449.0460,5024485.45144,
1109,20,68,ACTIVA,1,LOTE 1B,0,4.56521832,-72.77924802,2062455.8630,5024477.01605,
1110,20,69,ACTIVA,1,LOTE 1B,0,4.56527069,-72.77931286,2062461.6470,5024469.82524,
1111,20,70,ACTIVA,1,LOTE 1B,0,4.56532555,-72.77938393,2062467.7064,5024461.94309,
1112,20,71,ACTIVA,1,LOTE 1B,0,4.56538353,-72.77945687,2062474.1101,5024453.85346,
1113,21,1,ACTIVA,1,LOTE 1B,0,4.56149702,-72.77444674,2062044.8471,5025009.51441,
1114,21,2,ACTIVA,1,LOTE 1B,0,4.56155209,-72.77451027,2062050.9305,5025002.46797,
1115,21,3,ACTIVA,1,LOTE 1B,0,4.56161366,-72.77458712,2062057.7304,5024993.94505,
1116,21,4,ACTIVA,1,LOTE 1B,0,4.56166778,-72.77465631,2062063.7079,5024986.27188,
1117,21,5,ACTIVA,1,LOTE 1B,0,4.56172078,-72.77472661,2062069.5622,5024978.47501,
1118,21,6,ACTIVA,1,LOTE 1B,0,4.56177434,-72.77479858,2062075.4780,5024970.49253,
1119,21,7,ACTIVA,1,LOTE 1B,0,4.56183349,-72.77486832,2062082.0104,5024962.75732,
1120,21,8,ACTIVA,1,LOTE 1B,0,4.56188761,-72.77494197,2062087.9878,5024954.58922,
1121,21,9,ACTIVA,1,LOTE 1B,0,4.56193949,-72.77500669,2062093.7189,5024947.41105,
1122,21,10,ACTIVA,1,LOTE 1B,0,4.56200477,-72.77508257,2062100.9292,5024938.99511,
1123,21,11,ACTIVA,1,LOTE 1B,0,4.56205332,-72.77515064,2062106.2903,5024931.44587,
1124,21,12,ACTIVA,1,LOTE 1B,0,4.56210688,-72.77522150,2062112.2062,5024923.58712,
1125,21,13,ACTIVA,1,LOTE 1B,0,4.56216769,-72.77530184,2062118.9232,5024914.67642,
1126,21,14,ACTIVA,1,LOTE 1B,0,4.56222014,-72.77536824,2062124.7159,5024907.31264,
1127,21,15,ACTIVA,1,LOTE 1B,0,4.56227649,-72.77543742,2062130.9401,5024899.63940,
1128,21,16,ACTIVA,1,LOTE 1B,0,4.56233284,-72.77550996,2062137.1641,5024891.59497,
1129,21,17,ACTIVA,1,LOTE 1B,0,4.56238808,-72.77557468,2062143.2651,5024884.41669,
1130,21,18,ERRADICADA,0,LOTE 1B,0,4.56244108,-72.77565335,2062149.1191,5024875.69186,
1131,21,19,ACTIVA,1,LOTE 1B,0,4.56249688,-72.77571807,2062155.2818,5024868.51357,
1132,21,20,ACTIVA,1,LOTE 1B,0,4.56255714,-72.77578725,2062161.9375,5024860.84020,
1133,21,21,ACTIVA,1,LOTE 1B,0,4.56260860,-72.77585885,2062167.6214,5024852.89997,
1134,21,22,ACTIVA,1,LOTE 1B,0,4.56266370,-72.77593120,2062173.7075,5024844.87529,
1135,21,23,ACTIVA,1,LOTE 1B,0,4.56272731,-72.77600039,2062180.7331,5024837.20181,
1136,21,24,ACTIVA,1,LOTE 1B,0,4.56277752,-72.77606790,2062186.2792,5024829.71439,
1137,21,25,ACTIVA,1,LOTE 1B,0,4.56283276,-72.77614099,2062192.3799,5024821.60814,
1138,21,26,ACTIVA,1,LOTE 1B,0,4.56289023,-72.77621185,2062198.7273,5024813.74928,
1139,21,27,ACTIVA,1,LOTE 1B,0,4.56294323,-72.77628438,2062204.5815,5024805.70498,
1140,21,28,ERRADICADA,0,LOTE 1B,0,4.56299875,-72.77635545,2062210.7131,5024797.82299,
1141,21,29,ERRADICADA,0,LOTE 1B,0,4.56305716,-72.77642606,2062217.1646,5024789.99117,
1142,21,30,ERRADICADA,0,LOTE 1B,0,4.56311295,-72.77649232,2062223.3272,5024782.64276,
1143,21,31,ERRADICADA,0,LOTE 1B,0,4.56317049,-72.77656206,2062229.6824,5024774.90763,
1144,21,32,ERRADICADA,0,LOTE 1B,0,4.56323064,-72.77663268,2062236.3265,5024767.07575,
1145,21,33,ACTIVA,1,LOTE 1B,0,4.56329690,-72.77670155,2062243.6450,5024759.43699,
1146,21,34,ACTIVA,1,LOTE 1B,0,4.56334551,-72.77677035,2062249.0138,5024751.80657,
1147,21,35,ACTIVA,1,LOTE 1B,0,4.56339963,-72.77683842,2062254.9914,5024744.25716,
1148,21,36,ACTIVA,1,LOTE 1B,0,4.56345683,-72.77690954,2062261.3092,5024736.36863,
1149,21,37,ACTIVA,1,LOTE 1B,0,4.56350968,-72.77697632,2062267.1463,5024728.96279,
1150,21,38,ACTIVA,1,LOTE 1B,0,4.56356324,-72.77704631,2062273.0622,5024721.20059,
1151,21,39,ACTIVA,1,LOTE 1B,0,4.56362359,-72.77711987,2062279.7277,5024713.04222,
1152,21,40,ACTIVA,1,LOTE 1B,0,4.56368036,-72.77719164,2062285.9986,5024705.08194,
1153,21,41,ACTIVA,1,LOTE 1B,0,4.56373143,-72.77726020,2062291.6384,5024697.47820,
1154,21,42,ACTIVA,1,LOTE 1B,0,4.56379534,-72.77733590,2062298.6983,5024689.08215,
1155,21,43,ACTIVA,1,LOTE 1B,0,4.56384405,-72.77739916,2062304.0779,5024682.06606,
1156,21,44,ACTIVA,1,LOTE 1B,0,4.56390140,-72.77746767,2062310.4121,5024674.46845,
1157,21,45,ACTIVA,1,LOTE 1B,0,4.56395532,-72.77753730,2062316.3675,5024666.74584,
1158,21,46,ACTIVA,1,LOTE 1B,0,4.56401459,-72.77761693,2062322.9143,5024657.91442,
1159,21,47,ERRADICADA,0,LOTE 1B,0,4.56406340,-72.77768172,2062328.3044,5024650.72870,
1160,21,48,ACTIVA,1,LOTE 1B,0,4.56412317,-72.77775154,2062334.9063,5024642.98512,
1161,21,49,ACTIVA,1,LOTE 1B,0,4.56418411,-72.77782467,2062341.6375,5024634.87426,
1162,21,50,ACTIVA,1,LOTE 1B,0,4.56423733,-72.77789455,2062347.5159,5024627.12405,
1163,21,51,ACTIVA,1,LOTE 1B,0,4.56429259,-72.77796402,2062353.6188,5024619.41882,
1164,21,52,ACTIVA,1,LOTE 1B,0,4.56435406,-72.77803662,2062360.4089,5024611.36706,
1165,21,53,ACTIVA,1,LOTE 1B,0,4.56441119,-72.77810899,2062366.7193,5024603.34080,
1166,21,54,ACTIVA,1,LOTE 1B,0,4.56446261,-72.77817501,2062372.3986,5024596.01862,
1167,21,55,ERRADICADA,0,LOTE 1B,0,4.56451669,-72.77824710,2062378.3715,5024588.02326,
1168,21,56,ERRADICADA,0,LOTE 1B,0,4.56456827,-72.77831356,2062384.0683,5024580.65268,
1169,21,57,ACTIVA,1,LOTE 1B,0,4.56463102,-72.77838655,2062390.9989,5024572.55654,
1170,21,58,ACTIVA,1,LOTE 1B,0,4.56468343,-72.77845156,2062396.7877,5024565.34696,
1171,21,59,ACTIVA,1,LOTE 1B,0,4.56474257,-72.77852987,2062403.3196,5024556.66179,
1172,21,60,ACTIVA,1,LOTE 1B,0,4.56480034,-72.77859843,2062409.7002,5024549.05785,
1173,21,61,ACTIVA,1,LOTE 1B,0,4.56484858,-72.77866572,2062415.0288,5024541.59501,
1174,21,62,ACTIVA,1,LOTE 1B,0,4.56491397,-72.77874571,2062422.2508,5024532.72381,
1175,21,63,ACTIVA,1,LOTE 1B,0,4.56496412,-72.77881109,2062427.7899,5024525.47207,
1176,21,64,ACTIVA,1,LOTE 1B,0,4.56502442,-72.77887902,2062434.4512,5024517.93843,
1177,21,65,ACTIVA,1,LOTE 1B,0,4.56508473,-72.77895646,2062441.1121,5024509.34897,
1178,21,66,ACTIVA,1,LOTE 1B,0,4.56513996,-72.77901995,2062447.2124,5024502.30822,
1179,21,67,ACTIVA,1,LOTE 1B,0,4.56519329,-72.77908914,2062453.1020,5024494.63405,
1180,21,68,ACTIVA,1,LOTE 1B,0,4.56525425,-72.77916702,2062459.8359,5024485.99670,
1181,21,69,ACTIVA,1,LOTE 1B,0,4.56530585,-72.77923487,2062465.5348,5024478.47181,
1182,21,70,ACTIVA,1,LOTE 1B,0,4.56535704,-72.77929987,2062471.1889,5024471.26228,
1183,21,71,ACTIVA,1,LOTE 1B,0,4.56541888,-72.77937578,2062478.0188,5024462.84328,
1184,22,1,ACTIVA,1,LOTE 1B,0,4.56153434,-72.77436112,2062048.9745,5025019.00720,
1185,22,2,ACTIVA,1,LOTE 1B,0,4.56158513,-72.77443181,2062054.5835,5025011.16692,
1186,22,3,ACTIVA,1,LOTE 1B,0,4.56163835,-72.77450129,2062060.4619,5025003.46170,
1187,22,4,ACTIVA,1,LOTE 1B,0,4.56169889,-72.77457523,2062067.1481,5024995.26069,
1188,22,5,ACTIVA,1,LOTE 1B,0,4.56175048,-72.77464592,2062072.8469,5024987.42038,
1189,22,6,ACTIVA,1,LOTE 1B,0,4.56180574,-72.77471133,2062078.9499,5024980.16559,
1190,22,7,ACTIVA,1,LOTE 1B,0,4.56187091,-72.77478591,2062086.1479,5024971.89415,
1191,22,8,ACTIVA,1,LOTE 1B,0,4.56192161,-72.77485456,2062091.7480,5024964.28092,
1192,22,9,ACTIVA,1,LOTE 1B,0,4.56197760,-72.77492260,2062097.9317,5024956.73419,
1193,22,10,ACTIVA,1,LOTE 1B,0,4.56203447,-72.77500507,2062104.2136,5024947.58729,
1194,22,11,ACTIVA,1,LOTE 1B,0,4.56208485,-72.77507089,2062109.7779,5024940.28762,
1195,22,12,ACTIVA,1,LOTE 1B,0,4.56214011,-72.77513915,2062115.8808,5024932.71749,
1196,22,13,ACTIVA,1,LOTE 1B,0,4.56219942,-72.77521147,2062122.4324,5024924.69673,
1197,22,14,ACTIVA,1,LOTE 1B,0,4.56225509,-72.77528500,2062128.5800,5024916.54095,
1198,22,15,ACTIVA,1,LOTE 1B,0,4.56230831,-72.77534879,2062134.4586,5024909.46643,
1199,22,16,ACTIVA,1,LOTE 1B,0,4.56236275,-72.77542273,2062140.4715,5024901.26565,
1200,22,17,ACTIVA,1,LOTE 1B,0,4.56242207,-72.77549830,2062147.0230,5024892.88450,
1201,22,18,ACTIVA,1,LOTE 1B,0,4.56247732,-72.77556655,2062153.1259,5024885.31438,
1202,22,19,ERRADICADA,0,LOTE 1B,0,4.56253091,-72.77564634,2062159.0448,5024876.46552,
1203,22,20,ACTIVA,1,LOTE 1B,0,4.56258991,-72.77570685,2062165.5616,5024869.75455,
1204,22,21,ACTIVA,1,LOTE 1B,0,4.56264133,-72.77577858,2062171.2408,5024861.79883,
1205,22,22,ACTIVA,1,LOTE 1B,0,4.56269212,-72.77584016,2062176.8501,5024854.96935,
1206,22,23,ACTIVA,1,LOTE 1B,0,4.56274988,-72.77591380,2062183.2305,5024846.80225,
1207,22,24,ACTIVA,1,LOTE 1B,0,4.56280575,-72.77598299,2062189.4007,5024839.12794,
1208,22,25,ACTIVA,1,LOTE 1B,0,4.56286288,-72.77605028,2062195.7113,5024831.66475,
1209,22,26,ACTIVA,1,LOTE 1B,0,4.56292319,-72.77611884,2062202.3725,5024824.06068,
1210,22,27,ACTIVA,1,LOTE 1B,0,4.56298223,-72.77619185,2062208.8933,5024815.96392,
1211,22,28,ACTIVA,1,LOTE 1B,0,4.56303619,-72.77626549,2062214.8529,5024807.79696,
1212,22,29,ACTIVA,1,LOTE 1B,0,4.56309015,-72.77633087,2062220.8128,5024800.54505,
1213,22,30,ACTIVA,1,LOTE 1B,0,4.56314982,-72.77640324,2062227.4037,5024792.51867,
1214,22,31,ACTIVA,1,LOTE 1B,0,4.56320568,-72.77647434,2062233.5739,5024784.63320,
1215,22,32,ACTIVA,1,LOTE 1B,0,4.56325647,-72.77654290,2062239.1830,5024777.02946,
1216,22,33,ACTIVA,1,LOTE 1B,0,4.56331804,-72.77661400,2062245.9844,5024769.14379,
1217,22,34,ACTIVA,1,LOTE 1B,0,4.56337264,-72.77668764,2062252.0141,5024760.97682,
1218,22,35,ACTIVA,1,LOTE 1B,0,4.56342723,-72.77675620,2062258.0441,5024753.37295,
1219,22,36,ACTIVA,1,LOTE 1B,0,4.56348373,-72.77682857,2062264.2843,5024745.34668,
1220,22,37,ACTIVA,1,LOTE 1B,0,4.56354277,-72.77689903,2062270.8052,5024737.53150,
1221,22,38,ACTIVA,1,LOTE 1B,0,4.56359673,-72.77696632,2062276.7650,5024730.06844,
1222,22,39,ACTIVA,1,LOTE 1B,0,4.56364942,-72.77703615,2062282.5845,5024722.32386,
1223,22,40,ACTIVA,1,LOTE 1B,0,4.56371226,-72.77710915,2062289.5261,5024714.22700,
1224,22,41,ERRADICADA,0,LOTE 1B,0,4.56376622,-72.77718025,2062295.4859,5024706.34160,
1225,22,42,ACTIVA,1,LOTE 1B,0,4.56381891,-72.77724627,2062301.3055,5024699.01936,
1226,22,43,ACTIVA,1,LOTE 1B,0,4.56387922,-72.77732499,2062307.9663,5024690.28909,
1227,22,44,ACTIVA,1,LOTE 1B,0,4.56393445,-72.77738847,2062314.0666,5024683.24832,
1228,22,45,ACTIVA,1,LOTE 1B,0,4.56398396,-72.77745767,2062319.5354,5024675.57425,
1229,22,6,ACTIVA,1,LOTE 1B,0,4.56404998,-72.77753448,2062326.8276,5024667.05495,
1230,22,47,ACTIVA,1,LOTE 1B,0,4.56410204,-72.77760177,2062332.5770,5024659.59197,
1231,22,48,ACTIVA,1,LOTE 1B,0,4.56415727,-72.77767477,2062338.6770,5024651.49537,
1232,22,49,ACTIVA,1,LOTE 1B,0,4.56421694,-72.77774460,2062345.2680,5024643.75057,
1233,22,50,ACTIVA,1,LOTE 1B,0,4.56427280,-72.77781888,2062351.4381,5024635.51318,
1234,22,51,ACTIVA,1,LOTE 1B,0,4.56432676,-72.77788363,2062357.3980,5024628.33169,
1235,22,52,ACTIVA,1,LOTE 1B,0,4.56438562,-72.77795589,2062363.8992,5024620.31662,
1236,22,53,ACTIVA,1,LOTE 1B,0,4.56444088,-72.77802496,2062370.0021,5024612.65644,
1237,22,54,ERRADICADA,0,LOTE 1B,0,4.56449983,-72.77809732,2062376.5134,5024604.63117,
1238,22,55,ACTIVA,1,LOTE 1B,0,4.56455403,-72.77816802,2062382.4995,5024596.78978,
1239,22,56,ACTIVA,1,LOTE 1B,0,4.56460926,-72.77823849,2062388.5995,5024588.97475,
1240,22,57,ERRADICADA,0,LOTE 1B,0,4.56465853,-72.77831752,2062394.0416,5024580.20968,
1241,22,58,ACTIVA,1,LOTE 1B,0,4.56471654,-72.77837878,2062400.4489,5024573.41519,
1242,22,59,ACTIVA,1,LOTE 1B,0,4.56477685,-72.77844988,2062407.1100,5024565.52961,
1243,22,60,ACTIVA,1,LOTE 1B,0,4.56483208,-72.77851400,2062413.2103,5024558.41847,
1244,22,61,ACTIVA,1,LOTE 1B,0,4.56488857,-72.77858700,2062419.4505,5024550.32185,
1245,22,62,ACTIVA,1,LOTE 1B,0,4.56494888,-72.77865874,2062426.1116,5024542.36587,
1246,22,63,ACTIVA,1,LOTE 1B,0,4.56500094,-72.77872857,2062431.8610,5024534.62135,
1247,22,64,ACTIVA,1,LOTE 1B,0,4.56505617,-72.77879649,2062437.9611,5024527.08788,
1248,22,65,ACTIVA,1,LOTE 1B,0,4.56511693,-72.77887409,2062444.6726,5024518.48151,
1249,22,66,ACTIVA,1,LOTE 1B,0,4.56517097,-72.77894316,2062450.6408,5024510.82139,
1250,22,67,ACTIVA,1,LOTE 1B,0,4.56522622,-72.77901019,2062456.7437,5024503.38647,
1251,22,68,ACTIVA,1,LOTE 1B,0,4.56527904,-72.77907561,2062462.5774,5024496.13183,
1252,22,69,ACTIVA,1,LOTE 1B,0,4.56533998,-72.77914874,2062469.3086,5024488.02099,
1253,22,70,ACTIVA,1,LOTE 1B,0,4.56539516,-72.77921864,2062475.4031,5024480.26792,
1254,22,71,ACTIVA,1,LOTE 1B,0,4.56544886,-72.77929053,2062481.3347,5024472.29529,
1255,23,1,ACTIVA,1,LOTE 1B,0,4.56156522,-72.77428027,2062052.3891,5025027.97088,
1256,23,2,ACTIVA,1,LOTE 1B,0,4.56162697,-72.77434934,2062059.2102,5025020.31041,
1257,23,3,ACTIVA,1,LOTE 1B,0,4.56167492,-72.77441515,2062064.5051,5025013.01082,
1258,23,4,ACTIVA,1,LOTE 1B,0,4.56173667,-72.77448828,2062071.3261,5025004.89987,
1259,23,5,ACTIVA,1,LOTE 1B,0,4.56179274,-72.77456060,2062077.5186,5024996.87921,
1260,23,6,ACTIVA,1,LOTE 1B,0,4.56184433,-72.77463130,2062083.2173,5024989.03890,
1261,23,7,ACTIVA,1,LOTE 1B,0,4.56190081,-72.77470686,2062089.4546,5024980.65784,
1262,23,8,ACTIVA,1,LOTE 1B,0,4.56195484,-72.77477146,2062095.4230,5024973.49319,
1263,23,9,ACTIVA,1,LOTE 1B,0,4.56201375,-72.77484297,2062101.9298,5024965.56254,
1264,23,10,ACTIVA,1,LOTE 1B,0,4.56206413,-72.77490797,2062107.4941,5024958.35296,
1265,23,11,ACTIVA,1,LOTE 1B,0,4.56212548,-72.77498598,2062114.2700,5024949.70145,
1266,23,12,ACTIVA,1,LOTE 1B,0,4.56217992,-72.77505220,2062120.2831,5024942.35659,
1267,23,13,ACTIVA,1,LOTE 1B,0,4.56222997,-72.77512472,2062125.8107,5024934.31362,
1268,23,14,ACTIVA,1,LOTE 1B,0,4.56228520,-72.77520471,2062131.9104,5024925.44271,
1269,23,15,ACTIVA,1,LOTE 1B,0,4.56233979,-72.77526565,2062137.9406,5024918.68348,
1270,23,16,ACTIVA,1,LOTE 1B,0,4.56239756,-72.77533675,2062144.3211,5024910.79793,
1271,23,17,ACTIVA,1,LOTE 1B,0,4.56245660,-72.77541229,2062150.8418,5024902.41961,
1272,23,18,ACTIVA,1,LOTE 1B,0,4.56250929,-72.77548339,2062156.6612,5024894.53423,
1273,23,19,ACTIVA,1,LOTE 1B,0,4.56256264,-72.77555030,2062162.5537,5024887.11340,
1274,23,20,ERRADICADA,0,LOTE 1B,0,4.56262102,-72.77562813,2062169.0014,5024878.48170,
1275,23,21,ACTIVA,1,LOTE 1B,0,4.56268199,-72.77569191,2062175.7367,5024871.40824,
1276,23,22,ACTIVA,1,LOTE 1B,0,4.56273608,-72.77576032,2062181.7103,5024863.82054,
1277,23,23,ACTIVA,1,LOTE 1B,0,4.56279386,-72.77583197,2062188.0924,5024855.87393,
1278,23,24,ACTIVA,1,LOTE 1B,0,4.56285211,-72.77589807,2062194.5258,5024848.54237,
1279,23,25,ACTIVA,1,LOTE 1B,0,4.56290711,-72.77596787,2062200.6015,5024840.80087,
1280,23,26,ACTIVA,1,LOTE 1B,0,4.56295704,-72.77603629,2062206.1154,5024833.21332,
1281,23,27,ACTIVA,1,LOTE 1B,0,4.56302222,-72.77611949,2062213.3143,5024823.98507,
1282,23,28,ACTIVA,1,LOTE 1B,0,4.56307122,-72.77617265,2062218.7266,5024818.08899,
1283,23,29,ACTIVA,1,LOTE 1B,0,4.56312761,-72.77624893,2062224.9553,5024809.62988,
1284,23,30,ACTIVA,1,LOTE 1B,0,4.56319048,-72.77632520,2062231.8991,5024801.17054,
1285,23,31,ACTIVA,1,LOTE 1B,0,4.56324271,-72.77639454,2062237.6684,5024793.48041,
1286,23,32,ACTIVA,1,LOTE 1B,0,4.56329772,-72.77646619,2062243.7440,5024785.53390,
1287,23,33,ACTIVA,1,LOTE 1B,0,4.56335620,-72.77653928,2062250.2027,5024777.42710,
1288,23,34,ACTIVA,1,LOTE 1B,0,4.56341109,-72.77660790,2062256.2657,5024769.81696,
1289,23,35,ACTIVA,1,LOTE 1B,0,4.56346237,-72.77667290,2062261.9297,5024762.60739,
1290,23,36,ACTIVA,1,LOTE 1B,0,4.56352015,-72.77674947,2062268.3117,5024754.11620,
1291,23,37,ACTIVA,1,LOTE 1B,0,4.56358201,-72.77682028,2062275.1439,5024746.26237,
1292,23,38,ACTIVA,1,LOTE 1B,0,4.56363286,-72.77688314,2062280.7602,5024739.28986,
1293,23,39,ACTIVA,1,LOTE 1B,0,4.56368556,-72.77695202,2062286.5806,5024731.65098,
1294,23,40,ACTIVA,1,LOTE 1B,0,4.56374565,-72.77702737,2062293.2179,5024723.29426,
1295,23,41,ACTIVA,1,LOTE 1B,0,4.56380020,-72.77709578,2062299.2426,5024715.70657,
1296,23,42,ACTIVA,1,LOTE 1B,0,4.56384966,-72.77716235,2062304.7055,5024708.32408,
1297,23,43,ACTIVA,1,LOTE 1B,0,4.56391252,-72.77723770,2062311.6493,5024699.96727,
1298,23,44,ACTIVA,1,LOTE 1B,0,4.56396846,-72.77730565,2062317.8273,5024692.43079,
1299,23,45,ACTIVA,1,LOTE 1B,0,4.56401977,-72.77737314,2062323.4944,5024684.94573,
1300,23,46,ACTIVA,1,LOTE 1B,0,4.56408125,-72.77745172,2062330.2849,5024676.23018,
1301,23,47,ACTIVA,1,LOTE 1B,0,4.56413811,-72.77751644,2062336.5651,5024669.05246,
1302,23,48,ACTIVA,1,LOTE 1B,0,4.56419034,-72.77758485,2062342.3344,5024661.46486,
1303,23,49,ACTIVA,1,LOTE 1B,0,4.56424396,-72.77765280,2062348.2570,5024653.92847,
1304,23,50,ACTIVA,1,LOTE 1B,0,4.56430729,-72.77772676,2062355.2519,5024645.72542,
1305,23,51,ACTIVA,1,LOTE 1B,0,4.56436045,-72.77779610,2062361.1234,5024638.03528,
1306,23,52,ACTIVA,1,LOTE 1B,0,4.56441269,-72.77786544,2062366.8927,5024630.34517,
1307,23,53,ACTIVA,1,LOTE 1B,0,4.56447602,-72.77794310,2062373.8875,5024621.73208,
1308,23,54,ACTIVA,1,LOTE 1B,0,4.56452964,-72.77800967,2062379.8101,5024614.34946,
1309,23,55,ACTIVA,1,LOTE 1B,0,4.56458326,-72.77808039,2062385.7326,5024606.50554,
1310,23,56,ACTIVA,1,LOTE 1B,0,4.56464151,-72.77815250,2062392.1657,5024598.50769,
1311,23,57,ACTIVA,1,LOTE 1B,0,4.56469883,-72.77822046,2062398.4969,5024590.97118,
1312,23,58,ACTIVA,1,LOTE 1B,0,4.56475106,-72.77829211,2062404.2661,5024583.02480,
1313,23,59,ACTIVA,1,LOTE 1B,0,4.56481531,-72.77836376,2062411.3633,5024575.07801,
1314,23,60,ACTIVA,1,LOTE 1B,0,4.56486940,-72.77843125,2062417.3370,5024567.59287,
1315,23,61,ACTIVA,1,LOTE 1B,0,4.56492282,-72.77850171,2062423.2371,5024559.77780,
1316,23,62,ACTIVA,1,LOTE 1B,0,4.56497699,-72.77857683,2062429.2201,5024551.44694,
1317,23,63,ACTIVA,1,LOTE 1B,0,4.56504127,-72.77864255,2062436.3206,5024544.15686,
1318,23,64,ACTIVA,1,LOTE 1B,0,4.56509400,-72.77871262,2062442.1442,5024536.38666,
1319,23,65,ACTIVA,1,LOTE 1B,0,4.56514239,-72.77877979,2062447.4890,5024528.93696,
1320,23,66,ACTIVA,1,LOTE 1B,0,4.56520595,-72.77885274,2062454.5095,5024520.84605,
1321,23,67,ACTIVA,1,LOTE 1B,0,4.56525940,-72.77892424,2062460.4128,5024512.91565,
1322,23,68,ACTIVA,1,LOTE 1B,0,4.56531574,-72.77899358,2062466.6354,5024505.22542,
1323,23,69,ACTIVA,1,LOTE 1B,0,4.56537511,-72.77906500,2062473.1931,5024497.30444,
1324,23,70,ACTIVA,1,LOTE 1B,0,4.56542734,-72.77913526,2062478.9624,5024489.51184,
1325,23,71,ACTIVA,1,LOTE 1B,0,4.56548148,-72.77920166,2062484.9422,5024482.14767,
1326,24,1,ACTIVA,1,LOTE 1B,0,4.56159782,-72.77419740,2062055.9941,5025037.15854,
1327,24,2,ACTIVA,1,LOTE 1B,0,4.56165538,-72.77426499,2062062.3517,5025029.66156,
1328,24,3,ACTIVA,1,LOTE 1B,0,4.56170972,-72.77433387,2062068.3536,5025022.02240,
1329,24,4,ACTIVA,1,LOTE 1B,0,4.56176627,-72.77440994,2062074.5993,5025013.58538,
1330,24,5,ACTIVA,1,LOTE 1B,0,4.56182379,-72.77447817,2062080.9523,5025006.01843,
1331,24,6,ACTIVA,1,LOTE 1B,0,4.56187217,-72.77454865,2062086.2963,5024998.20220,
1332,24,7,ACTIVA,1,LOTE 1B,0,4.56193087,-72.77461864,2062092.7794,5024990.43926,
1333,24,8,ACTIVA,1,LOTE 1B,0,4.56198944,-72.77468933,2062099.2485,5024982.59935,
1334,24,9,ACTIVA,1,LOTE 1B,0,4.56204258,-72.77475850,2062105.1179,5024974.92758,
1335,24,10,ACTIVA,1,LOTE 1B,0,4.56209570,-72.77482582,2062110.9851,5024967.46109,
1336,24,11,ACTIVA,1,LOTE 1B,0,4.56215497,-72.77490175,2062117.5311,5024959.03944,
1337,24,12,ACTIVA,1,LOTE 1B,0,4.56221085,-72.77497161,2062123.7033,5024951.29221,
1338,24,13,ACTIVA,1,LOTE 1B,0,4.56226427,-72.77504475,2062129.6029,5024943.18058,
1339,24,14,ACTIVA,1,LOTE 1B,0,4.56231933,-72.77511213,2062135.6844,5024935.70674,
1340,24,15,ACTIVA,1,LOTE 1B,0,4.56237850,-72.77518281,2062142.2198,5024927.86827,
1341,24,16,ACTIVA,1,LOTE 1B,0,4.56243356,-72.77525019,2062148.3012,5024920.39443,
1342,24,17,ACTIVA,1,LOTE 1B,0,4.56249174,-72.77532442,2062154.7275,5024912.16236,
1343,24,18,ACTIVA,1,LOTE 1B,0,4.56254381,-72.77539121,2062160.4784,5024904.75424,
1344,24,19,ACTIVA,1,LOTE 1B,0,4.56259903,-72.77545590,2062166.5781,5024897.57927,
1345,24,20,ACTIVA,1,LOTE 1B,0,4.56265480,-72.77553683,2062172.7369,5024888.60474,
1346,24,21,ACTIVA,1,LOTE 1B,0,4.56270447,-72.77559966,2062178.2228,5024881.63603,
1347,24,22,ACTIVA,1,LOTE 1B,0,4.56276251,-72.77567027,2062184.6340,5024873.80445,
1348,24,23,ACTIVA,1,LOTE 1B,0,4.56281756,-72.77573550,2062190.7149,5024866.57014,
1349,24,24,ACTIVA,1,LOTE 1B,0,4.56287688,-72.77581425,2062197.2660,5024857.83613,
1350,24,25,ACTIVA,1,LOTE 1B,0,4.56293241,-72.77588204,2062203.3997,5024850.31782,
1351,24,26,ACTIVA,1,LOTE 1B,0,4.56298752,-72.77595128,2062209.4859,5024842.63816,
1352,24,27,ACTIVA,1,LOTE 1B,0,4.56304539,-72.77602144,2062215.8784,5024834.85648,
1353,24,28,ACTIVA,1,LOTE 1B,0,4.56310246,-72.77609421,2062222.1812,5024826.78608,
1354,24,29,ACTIVA,1,LOTE 1B,0,4.56315492,-72.77616403,2062227.9762,5024819.04196,
1355,24,30,ACTIVA,1,LOTE 1B,0,4.56321773,-72.77623629,2062234.9137,5024811.02741,
1356,24,31,ACTIVA,1,LOTE 1B,0,4.56327020,-72.77630638,2062240.7088,5024803.25442,
1357,24,32,ACTIVA,1,LOTE 1B,0,4.56332229,-72.77637723,2062246.4615,5024795.39652,
1358,24,33,ACTIVA,1,LOTE 1B,0,4.56338088,-72.77644311,2062252.9337,5024788.09044,
1359,24,34,ACTIVA,1,LOTE 1B,0,4.56343931,-72.77651403,2062259.3873,5024780.22436,
1360,24,35,ACTIVA,1,LOTE 1B,0,4.56349497,-72.77658883,2062265.5339,5024771.92841,
1361,24,36,ACTIVA,1,LOTE 1B,0,4.56354703,-72.77665585,2062271.2841,5024764.49516,
1362,24,37,ACTIVA,1,LOTE 1B,0,4.56360761,-72.77672766,2062277.9757,5024756.53081,
1363,24,38,ERRADICADA,0,LOTE 1B,0,4.56366028,-72.77679917,2062283.7925,5024748.59990,
1364,24,39,ACTIVA,1,LOTE 1B,0,4.56371757,-72.77686649,2062290.1212,5024741.13330,
1365,24,40,ACTIVA,1,LOTE 1B,0,4.56377083,-72.77694668,2062296.0032,5024732.24027,
1366,24,41,ACTIVA,1,LOTE 1B,0,4.56382828,-72.77701310,2062302.3485,5024724.87320,
1367,24,42,ACTIVA,1,LOTE 1B,0,4.56388812,-72.77707653,2062308.9584,5024717.83781,
1368,24,43,ACTIVA,1,LOTE 1B,0,4.56394497,-72.77715493,2062315.2371,5024709.14372,
1369,24,44,ACTIVA,1,LOTE 1B,0,4.56400182,-72.77722374,2062321.5162,5024701.51126,
1370,24,45,ACTIVA,1,LOTE 1B,0,4.56405388,-72.77729316,2062327.2663,5024693.81261,
1371,24,46,ACTIVA,1,LOTE 1B,0,4.56410893,-72.77736257,2062333.3471,5024686.11387,
1372,24,47,ACTIVA,1,LOTE 1B,0,4.56417117,-72.77743379,2062340.2211,5024678.21582,
1373,24,48,ACTIVA,1,LOTE 1B,0,4.56422222,-72.77750043,2062345.8598,5024670.82410,
1374,24,49,ACTIVA,1,LOTE 1B,0,4.56427769,-72.77757142,2062351.9859,5024662.95117,
1375,24,50,ACTIVA,1,LOTE 1B,0,4.56434052,-72.77764502,2062358.9260,5024654.78770,
1376,24,51,ACTIVA,1,LOTE 1B,0,4.56439258,-72.77771264,2062364.6762,5024647.28812,
1377,24,52,ACTIVA,1,LOTE 1B,0,4.56444868,-72.77777836,2062370.8728,5024639.99990,
1378,24,53,ACTIVA,1,LOTE 1B,0,4.56450994,-72.77785645,2062377.6392,5024631.33884,
1379,24,54,ERRADICADA,0,LOTE 1B,0,4.56456117,-72.77792595,2062383.2975,5024623.63133,
1380,24,55,ACTIVA,1,LOTE 1B,0,4.56461624,-72.77799580,2062389.3789,5024615.88417,
1381,24,56,ACTIVA,1,LOTE 1B,0,4.56467869,-72.77807058,2062396.2774,5024607.59004,
1382,24,57,ACTIVA,1,LOTE 1B,0,4.56473122,-72.77813613,2062402.0792,5024600.32045,
1383,24,58,ACTIVA,1,LOTE 1B,0,4.56478329,-72.77820292,2062407.8302,5024592.91237,
1384,24,59,ACTIVA,1,LOTE 1B,0,4.56483536,-72.77827340,2062413.5811,5024585.09607,
1385,24,60,ACTIVA,1,LOTE 1B,0,4.56489689,-72.77835071,2062420.3777,5024576.52133,
1386,24,61,ACTIVA,1,LOTE 1B,0,4.56495212,-72.77841909,2062426.4774,5024568.93819,
1387,24,62,ACTIVA,1,LOTE 1B,0,4.56500839,-72.77848430,2062432.6933,5024561.70493,
1388,24,63,ACTIVA,1,LOTE 1B,0,4.56506730,-72.77856109,2062439.1994,5024553.18859,
1389,24,64,ACTIVA,1,LOTE 1B,0,4.56512147,-72.77862999,2062445.1828,5024545.54718,
1390,24,65,ACTIVA,1,LOTE 1B,0,4.56517722,-72.77869784,2062451.3405,5024538.02235,
1391,24,66,ACTIVA,1,LOTE 1B,0,4.56523771,-72.77877673,2062458.0209,5024529.27269,
1392,24,67,ACTIVA,1,LOTE 1B,0,4.56529293,-72.77884090,2062464.1207,5024522.15610,
1393,24,68,ACTIVA,1,LOTE 1B,0,4.56534599,-72.77891045,2062469.9805,5024514.44184,
1394,24,69,ACTIVA,1,LOTE 1B,0,4.56540762,-72.77898030,2062476.7884,5024506.69448,
1395,24,70,ACTIVA,1,LOTE 1B,0,4.56546104,-72.77904769,2062482.6883,5024499.22076,
1396,24,71,ACTIVA,1,LOTE 1B,0,4.56552185,-72.77911837,2062489.4053,5024491.38231,
1397,25,1,ACTIVA,1,LOTE 1B,0,4.56163024,-72.77411369,2062059.5791,5025046.43925,
1398,25,2,ACTIVA,1,LOTE 1B,0,4.56169230,-72.77418732,2062066.4340,5025038.27263,
1399,25,3,ACTIVA,1,LOTE 1B,0,4.56174332,-72.77425359,2062072.0687,5025030.92284,
1400,25,4,ACTIVA,1,LOTE 1B,0,4.56179708,-72.77432235,2062078.0063,5025023.29642,
1401,25,5,ACTIVA,1,LOTE 1B,0,4.56185771,-72.77439726,2062084.7036,5025014.98900,
1402,25,6,ACTIVA,1,LOTE 1B,0,4.56191478,-72.77446324,2062091.0070,5025007.67043,
1403,25,7,ACTIVA,1,LOTE 1B,0,4.56196828,-72.77453369,2062096.9162,5024999.85762,
1404,25,8,ACTIVA,1,LOTE 1B,0,4.56202179,-72.77460948,2062102.8252,5024991.45157,
1405,25,9,ACTIVA,1,LOTE 1B,0,4.56208064,-72.77467814,2062109.3256,5024983.83632,
1406,25,10,ACTIVA,1,LOTE 1B,0,4.56213503,-72.77474680,2062115.3334,5024976.22123,
1407,25,11,ACTIVA,1,LOTE 1B,0,4.56219388,-72.77482171,2062121.8336,5024967.91388,
1408,25,12,ACTIVA,1,LOTE 1B,0,4.56224382,-72.77488948,2062127.3488,5024960.39782,
1409,25,13,ACTIVA,1,LOTE 1B,0,4.56229732,-72.77495368,2062133.2582,5024953.27712,
1410,25,14,ACTIVA,1,LOTE 1B,0,4.56235796,-72.77503482,2062139.9553,5024944.27760,
1411,25,15,ACTIVA,1,LOTE 1B,0,4.56241503,-72.77510170,2062146.2587,5024936.86017,
1412,25,16,ACTIVA,1,LOTE 1B,0,4.56246139,-72.77517125,2062151.3797,5024929.14649,
1413,25,17,ACTIVA,1,LOTE 1B,0,4.56251579,-72.77524170,2062157.3875,5024921.33366,
1414,25,18,ACTIVA,1,LOTE 1B,0,4.56257731,-72.77531125,2062164.1834,5024913.61946,
1415,25,19,ERRADICADA,0,LOTE 1B,0,4.56262424,-72.77538716,2062169.3658,5024905.20129,
1416,25,20,ACTIVA,1,LOTE 1B,0,4.56268415,-72.77544985,2062175.9834,5024898.24723,
1417,25,21,ERRADICADA,0,LOTE 1B,0,4.56273570,-72.77552230,2062181.6770,5024890.21204,
1418,25,22,ACTIVA,1,LOTE 1B,0,4.56279015,-72.77557823,2062187.6907,5024884.00961,
1419,25,23,ACTIVA,1,LOTE 1B,0,4.56285064,-72.77565356,2062194.3722,5024875.65476,
1420,25,24,ACTIVA,1,LOTE 1B,0,4.56291170,-72.77573174,2062201.1166,5024866.98349,
1421,25,25,ACTIVA,1,LOTE 1B,0,4.56296649,-72.77580022,2062207.1678,5024859.38818,
1422,25,26,ACTIVA,1,LOTE 1B,0,4.56302013,-72.77586528,2062213.0929,5024852.17258,
1423,25,27,ACTIVA,1,LOTE 1B,1,4.56307777,-72.77594232,2062219.4591,5024843.62799,
1424,25,28,ACTIVA,1,LOTE 1B,0,4.56313484,-72.77601423,2062225.7624,5024835.65293,
1425,25,29,ACTIVA,1,LOTE 1B,0,4.56318545,-72.77607811,2062231.3526,5024828.56795,
1426,25,30,ACTIVA,1,LOTE 1B,0,4.56324163,-72.77614677,2062237.5574,5024820.95282,
1427,25,31,ACTIVA,1,LOTE 1B,0,4.56330494,-72.77622257,2062244.5503,5024812.54647,
1428,25,32,ACTIVA,1,LOTE 1B,0,4.56335399,-72.77629212,2062249.9669,5024804.83271,
1429,25,33,ACTIVA,1,LOTE 1B,0,4.56341373,-72.77636078,2062256.5658,5024797.21746,
1430,25,34,ACTIVA,1,LOTE 1B,0,4.56347437,-72.77644014,2062263.2629,5024788.41571,
1431,25,35,ACTIVA,1,LOTE 1B,0,4.56353143,-72.77650524,2062269.5665,5024781.19605,
1432,25,36,ACTIVA,1,LOTE 1B,0,4.56358048,-72.77657479,2062274.9831,5024773.48230,
1433,25,37,ACTIVA,1,LOTE 1B,0,4.56364557,-72.77664791,2062282.1730,5024765.37251,
1434,25,38,ACTIVA,1,LOTE 1B,0,4.56369640,-72.77671746,2062287.7867,5024757.65870,
1435,25,39,ACTIVA,1,LOTE 1B,0,4.56375347,-72.77678701,2062294.0901,5024749.94468,
1436,25,40,ACTIVA,1,LOTE 1B,0,4.56380882,-72.77685543,2062300.2043,5024742.35728,
1437,25,41,ACTIVA,1,LOTE 1B,0,4.56386532,-72.77693019,2062306.4444,5024734.06586,
1438,25,42,ACTIVA,1,LOTE 1B,0,4.56391954,-72.77699810,2062312.4325,5024726.53387,
1439,25,43,ACTIVA,1,LOTE 1B,0,4.56397375,-72.77706316,2062318.4208,5024719.31827,
1440,25,44,ACTIVA,1,LOTE 1B,0,4.56403196,-72.77713849,2062324.8500,5024710.96352,
1441,25,45,ACTIVA,1,LOTE 1B,0,4.56408903,-72.77720868,2062331.1534,5024703.17831,
1442,25,46,ACTIVA,1,LOTE 1B,0,4.56414211,-72.77727374,2062337.0155,5024695.96276,
1443,25,47,ACTIVA,1,LOTE 1B,0,4.56419975,-72.77735250,2062343.3816,5024687.22836,
1444,25,48,ACTIVA,1,LOTE 1B,0,4.56425624,-72.77741584,2062349.6221,5024680.20252,
1445,25,49,ACTIVA,1,LOTE 1B,0,4.56430875,-72.77748775,2062355.4209,5024672.22765,
1446,25,50,ACTIVA,1,LOTE 1B,0,4.56437267,-72.77756479,2062362.4807,5024663.68287,
1447,25,51,ACTIVA,1,LOTE 1B,0,4.56442688,-72.77763327,2062368.4688,5024656.08761,
1448,25,52,ACTIVA,1,LOTE 1B,0,4.56448020,-72.77769833,2062374.3585,5024648.87205,
1449,25,53,ACTIVA,1,LOTE 1B,0,4.56453360,-72.77776796,2062380.2560,5024641.15026,
1450,25,54,ACTIVA,1,LOTE 1B,0,4.56459638,-72.77784671,2062387.1896,5024632.41570,
1451,25,55,ACTIVA,1,LOTE 1B,0,4.56465059,-72.77791291,2062393.1778,5024625.07356,
1452,25,56,ACTIVA,1,LOTE 1B,0,4.56470652,-72.77798025,2062399.3551,5024617.60480,
1453,25,57,ACTIVA,1,LOTE 1B,0,4.56476758,-72.77805615,2062406.0997,5024609.18669,
1454,25,58,ACTIVA,1,LOTE 1B,0,4.56481780,-72.77812293,2062411.6465,5024601.78141,
1455,25,59,ACTIVA,1,LOTE 1B,0,4.56487031,-72.77819654,2062417.4452,5024593.61671,
1456,25,60,ACTIVA,1,LOTE 1B,0,4.56493536,-72.77826731,2062424.6314,5024585.76798,
1457,25,61,ACTIVA,1,LOTE 1B,0,4.56499015,-72.77833351,2062430.6826,5024578.42582,
1458,25,62,ACTIVA,1,LOTE 1B,0,4.56504494,-72.77840199,2062436.7338,5024570.83055,
1459,25,63,ACTIVA,1,LOTE 1B,0,4.56510315,-72.77847789,2062443.1631,5024562.41255,
1460,25,64,ACTIVA,1,LOTE 1B,0,4.56515451,-72.77854752,2062448.8359,5024554.69084,
1461,25,65,ACTIVA,1,LOTE 1B,0,4.56520872,-72.77861828,2062454.8239,5024546.84248,
1462,25,66,ACTIVA,1,LOTE 1B,0,4.56526636,-72.77868448,2062461.1905,5024539.50024,
1463,25,67,ACTIVA,1,LOTE 1B,0,4.56532686,-72.77876153,2062467.8719,5024530.95560,
1464,25,68,ACTIVA,1,LOTE 1B,0,4.56537879,-72.77882601,2062473.6080,5024523.80339,
1465,25,69,ACTIVA,1,LOTE 1B,0,4.56543586,-72.77889507,2062479.9114,5024516.14477,
1466,25,70,ACTIVA,1,LOTE 1B,0,4.56549521,-72.77896583,2062486.4669,5024508.29624,
1467,25,71,ACTIVA,1,LOTE 1B,0,4.56554771,-72.77904116,2062492.2656,5024499.94172,
1468,26,1,ACTIVA,1,LOTE 1B,0,4.56166162,-72.77402426,2062063.0497,5025056.35378,
1469,26,2,ACTIVA,1,LOTE 1B,0,4.56172262,-72.77410206,2062069.7865,5025047.72552,
1470,26,3,ACTIVA,1,LOTE 1B,0,4.56177631,-72.77416890,2062075.7167,5025040.31246,
1471,26,4,ACTIVA,1,LOTE 1B,0,4.56183182,-72.77423610,2062081.8486,5025032.85884,
1472,26,5,ACTIVA,1,LOTE 1B,0,4.56188661,-72.77431426,2062087.8994,5025024.19030,
1473,26,6,ACTIVA,1,LOTE 1B,0,4.56194432,-72.77438439,2062094.2733,5025016.41262,
1474,26,7,ACTIVA,1,LOTE 1B,0,4.56199917,-72.77445169,2062100.3320,5025008.94890,
1475,26,8,ACTIVA,1,LOTE 1B,0,4.56205738,-72.77453044,2062106.7612,5025000.21443,
1476,26,9,ACTIVA,1,LOTE 1B,0,4.56211388,-72.77459607,2062113.0016,5024992.93543,
1477,26,10,ACTIVA,1,LOTE 1B,0,4.56216752,-72.77466626,2062118.9266,5024985.15031,
1478,26,11,ACTIVA,1,LOTE 1B,0,4.56222117,-72.77473304,2062124.8516,5024977.74485,
1479,26,12,ACTIVA,1,LOTE 1B,0,4.56227596,-72.77480951,2062130.9025,5024969.26362,
1480,26,13,ACTIVA,1,LOTE 1B,0,4.56233131,-72.77487799,2062137.0167,5024961.66828,
1481,26,14,ACTIVA,1,LOTE 1B,0,4.56238553,-72.77494990,2062143.0047,5024953.69330,
1482,26,15,ACTIVA,1,LOTE 1B,0,4.56244431,-72.77502009,2062149.4972,5024945.90800,
1483,26,16,ACTIVA,1,LOTE 1B,0,4.56250024,-72.77509029,2062155.6744,5024938.12280,
1484,26,17,ACTIVA,1,LOTE 1B,0,4.56255046,-72.77515706,2062161.2211,5024930.71747,
1485,26,18,ACTIVA,1,LOTE 1B,0,4.56261095,-72.77523296,2062167.9026,5024922.29933,
1486,26,19,ACTIVA,1,LOTE 1B,0,4.56266802,-72.77530201,2062174.2059,5024914.64065,
1487,26,20,ACTIVA,1,LOTE 1B,0,4.56272052,-72.77536536,2062180.0050,5024907.61492,
1488,26,21,ACTIVA,1,LOTE 1B,0,4.56277816,-72.77544126,2062186.3712,5024899.19688,
1489,26,22,ACTIVA,1,LOTE 1B,0,4.56282895,-72.77550232,2062191.9812,5024892.42432,
1490,26,23,ACTIVA,1,LOTE 1B,0,4.56288488,-72.77557423,2062198.1584,5024884.44930,
1491,26,24,ACTIVA,1,LOTE 1B,0,4.56294195,-72.77563929,2062204.4619,5024877.23358,
1492,26,25,ACTIVA,1,LOTE 1B,0,4.56300016,-72.77571519,2062210.8911,5024868.81552,
1493,26,26,ACTIVA,1,LOTE 1B,0,4.56305152,-72.77578253,2062216.5640,5024861.34689,
1494,26,27,ACTIVA,1,LOTE 1B,0,4.56310859,-72.77585158,2062222.8673,5024853.68822,
1495,26,28,ACTIVA,1,LOTE 1B,0,4.56317479,-72.77592635,2062230.1794,5024845.39645,
1496,26,29,ACTIVA,1,LOTE 1B,0,4.56322444,-72.77599140,2062235.6632,5024838.18099,
1497,26,30,ACTIVA,1,LOTE 1B,0,4.56327409,-72.77606103,2062241.1468,5024830.45930,
1498,26,31,ACTIVA,1,LOTE 1B,0,4.56333744,-72.77613750,2062248.1435,5024821.97781,
1499,26,32,ACTIVA,1,LOTE 1B,0,4.56339051,-72.77620827,2062254.0054,5024814.12945,
1500,26,33,ACTIVA,1,LOTE 1B,0,4.56344130,-72.77627732,2062259.6152,5024806.47100,
1501,26,34,ACTIVA,1,LOTE 1B,0,4.56350693,-72.77634865,2062266.8643,5024798.55893,
1502,26,35,ACTIVA,1,LOTE 1B,0,4.56356286,-72.77641485,2062273.0417,5024791.21671,
1503,26,36,ACTIVA,1,LOTE 1B,0,4.56361936,-72.77648048,2062279.2821,5024783.93774,
1504,26,37,ACTIVA,1,LOTE 1B,0,4.56367357,-72.77655581,2062285.2700,5024775.58312,
1505,26,38,ACTIVA,1,LOTE 1B,0,4.56373007,-72.77662259,2062291.5104,5024768.17760,
1506,26,39,ACTIVA,1,LOTE 1B,0,4.56378999,-72.77669677,2062298.1288,5024759.94934,
1507,26,40,ACTIVA,1,LOTE 1B,0,4.56383793,-72.77676697,2062303.4233,5024752.16444,
1508,26,41,ACTIVA,1,LOTE 1B,0,4.56390128,-72.77684059,2062310.4201,5024743.99935,
1509,26,42,ACTIVA,1,LOTE 1B,0,4.56395492,-72.77690508,2062316.3453,5024736.84705,
1510,26,43,ACTIVA,1,LOTE 1B,0,4.56401028,-72.77697869,2062322.4593,5024728.68223,
1511,26,44,ACTIVA,1,LOTE 1B,0,4.56407134,-72.77705688,2062329.2038,5024720.01099,
1512,26,45,ACTIVA,1,LOTE 1B,0,4.56412270,-72.77712422,2062334.8767,5024712.54237,
1513,26,46,ACTIVA,1,LOTE 1B,0,4.56417521,-72.77719613,2062340.6755,5024704.56749,
1514,26,47,ACTIVA,1,LOTE 1B,0,4.56423627,-72.77727089,2062347.4201,5024696.27593,
1515,26,48,ACTIVA,1,LOTE 1B,0,4.56429334,-72.77733423,2062353.7236,5024689.25007,
1516,26,49,ACTIVA,1,LOTE 1B,0,4.56434584,-72.77740671,2062359.5224,5024681.21192,
1517,26,50,ACTIVA,1,LOTE 1B,0,4.56440577,-72.77748204,2062366.1409,5024672.85712,
1518,26,51,ACTIVA,1,LOTE 1B,0,4.56446055,-72.77754653,2062372.1922,5024665.70478,
1519,26,52,ERRADICADA,0,LOTE 1B,0,4.56451134,-72.77762072,2062377.8018,5024657.47685,
1520,26,53,ACTIVA,1,LOTE 1B,0,4.56456898,-72.77768635,2062384.1683,5024650.19787,
1521,26,54,ACTIVA,1,LOTE 1B,0,4.56462948,-72.77776111,2062390.8499,5024641.90633,
1522,26,55,ERRADICADA,0,LOTE 1B,0,4.56468141,-72.77783302,2062396.5856,5024633.93148,
1523,26,56,ACTIVA,1,LOTE 1B,0,4.56473962,-72.77789294,2062403.0155,5024627.28527,
1524,26,57,ACTIVA,1,LOTE 1B,0,4.56479783,-72.77797112,2062409.4446,5024618.61414,
1525,26,58,ACTIVA,1,LOTE 1B,0,4.56485090,-72.77803826,2062415.3067,5024611.16826,
1526,26,59,ACTIVA,1,LOTE 1B,0,4.56490605,-72.77810692,2062421.3982,5024603.55273,
1527,26,60,ACTIVA,1,LOTE 1B,0,4.56496413,-72.77818216,2062427.8124,5024595.20813,
1528,26,61,ACTIVA,1,LOTE 1B,0,4.56501983,-72.77825704,2062433.9642,5024586.90411,
1529,26,62,ACTIVA,1,LOTE 1B,0,4.56507575,-72.77832038,2062440.1417,5024579.87831,
1530,26,63,ACTIVA,1,LOTE 1B,0,4.56513168,-72.77839286,2062446.3188,5024571.84005,
1531,26,64,ACTIVA,1,LOTE 1B,0,4.56518761,-72.77846248,2062452.4961,5024564.11819,
1532,26,65,ACTIVA,1,LOTE 1B,0,4.56524354,-72.77853268,2062458.6733,5024556.33305,
1533,26,66,ACTIVA,1,LOTE 1B,0,4.56529661,-72.77860059,2062464.5354,5024548.80112,
1534,26,67,ACTIVA,1,LOTE 1B,0,4.56536281,-72.77867649,2062471.8474,5024540.38286,
1535,26,68,ACTIVA,1,LOTE 1B,0,4.56540904,-72.77874498,2062476.9528,5024532.78788,
1536,26,69,ACTIVA,1,LOTE 1B,0,4.56546211,-72.77881232,2062482.8148,5024525.31924,
1537,26,70,ACTIVA,1,LOTE 1B,0,4.56552260,-72.77888765,2062489.4963,5024516.96445,
1538,26,71,ACTIVA,1,LOTE 1B,0,4.56558029,-72.77895501,2062495.8679,5024509.49311,
1539,27,1,ACTIVA,1,LOTE 1B,0,4.56169685,-72.77394509,2062066.9446,5025065.13170,
1540,27,2,ACTIVA,1,LOTE 1B,0,4.56175908,-72.77401532,2062073.8182,5025057.34234,
1541,27,3,ACTIVA,1,LOTE 1B,0,4.56181144,-72.77408721,2062079.6013,5025049.36901,
1542,27,4,ACTIVA,1,LOTE 1B,0,4.56186421,-72.77415495,2062085.4304,5025041.85645,
1543,27,5,ACTIVA,1,LOTE 1B,0,4.56192216,-72.77422884,2062091.8304,5025033.66118,
1544,27,6,ACTIVA,1,LOTE 1B,0,4.56197735,-72.77430611,2062097.9261,5025025.09162,
1545,27,7,ACTIVA,1,LOTE 1B,0,4.56203254,-72.77436779,2062104.0223,5025018.24999,
1546,27,8,ACTIVA,1,LOTE 1B,0,4.56208254,-72.77443662,2062109.5443,5025010.61657,
1547,27,9,ACTIVA,1,LOTE 1B,0,4.56214423,-72.77451389,2062116.3574,5025002.04679,
1548,27,10,ACTIVA,1,LOTE 1B,0,4.56219487,-72.77458077,2062121.9512,5024994.62935,
1549,27,11,ACTIVA,1,LOTE 1B,0,4.56225266,-72.77465804,2062128.3339,5024986.05970,
1550,27,12,ACTIVA,1,LOTE 1B,0,4.56231110,-72.77472816,2062134.7886,5024978.28200,
1551,27,13,ACTIVA,1,LOTE 1B,0,4.56236499,-72.77479115,2062140.7412,5024971.29643,
1552,27,14,ACTIVA,1,LOTE 1B,0,4.56241694,-72.77486127,2062146.4784,5024963.51896,
1553,27,15,ACTIVA,1,LOTE 1B,0,4.56248187,-72.77493529,2062153.6504,5024955.30906,
1554,27,16,ACTIVA,1,LOTE 1B,0,4.56252927,-72.77500607,2062158.8854,5024947.45975,
1555,27,17,ACTIVA,1,LOTE 1B,0,4.56258966,-72.77506970,2062165.5555,5024940.40196,
1556,27,18,ACTIVA,1,LOTE 1B,0,4.56264485,-72.77514373,2062171.6513,5024932.19240,
1557,27,19,ACTIVA,1,LOTE 1B,0,4.56270264,-72.77521645,2062178.0341,5024924.12675,
1558,27,20,ERRADICADA,0,LOTE 1B,0,4.56275523,-72.77528852,2062183.8430,5024916.13327,
1559,27,21,ACTIVA,1,LOTE 1B,0,4.56280913,-72.77535086,2062189.7957,5024909.21971,
1560,27,22,ACTIVA,1,LOTE 1B,0,4.56286627,-72.77542748,2062196.1067,5024900.72209,
1561,27,23,ACTIVA,1,LOTE 1B,0,4.56291561,-72.77549176,2062201.5571,5024893.59270,
1562,27,24,ACTIVA,1,LOTE 1B,0,4.56297470,-72.77555669,2062208.0837,5024886.39097,
1563,27,25,ACTIVA,1,LOTE 1B,0,4.56303639,-72.77563331,2062214.8968,5024877.89320,
1564,27,26,ACTIVA,1,LOTE 1B,0,4.56308963,-72.77570149,2062220.7776,5024870.33169,
1565,27,27,ACTIVA,1,LOTE 1B,0,4.56314482,-72.77577616,2062226.8734,5024862.05015,
1566,27,28,ACTIVA,1,LOTE 1B,0,4.56320391,-72.77584694,2062233.3998,5024854.20045,
1567,27,29,ACTIVA,1,LOTE 1B,0,4.56325910,-72.77591576,2062239.4958,5024846.56688,
1568,27,30,ACTIVA,1,LOTE 1B,0,4.56331170,-72.77598199,2062245.3048,5024839.22139,
1569,27,31,ACTIVA,1,LOTE 1B,0,4.56336190,-72.77604409,2062250.8501,5024832.33388,
1570,27,32,ACTIVA,1,LOTE 1B,0,4.56342507,-72.77612388,2062257.8267,5024823.48473,
1571,27,33,ACTIVA,1,LOTE 1B,0,4.56348052,-72.77619367,2062263.9514,5024815.74460,
1572,27,34,ACTIVA,1,LOTE 1B,0,4.56353831,-72.77626250,2062270.3343,5024808.11094,
1573,27,35,ACTIVA,1,LOTE 1B,0,4.56359480,-72.77633977,2062276.5735,5024799.54137,
1574,27,36,ACTIVA,1,LOTE 1B,0,4.56365064,-72.77640600,2062282.7413,5024792.19578,
1575,27,37,ACTIVA,1,LOTE 1B,0,4.56370518,-72.77647353,2062288.7656,5024784.70623,
1576,27,38,ACTIVA,1,LOTE 1B,0,4.56376557,-72.77654950,2062295.4353,5024776.28053,
1577,27,39,ACTIVA,1,LOTE 1B,0,4.56381881,-72.77662092,2062301.3160,5024768.35905,
1578,27,40,ACTIVA,1,LOTE 1B,0,4.56387141,-72.77668455,2062307.1252,5024761.30155,
1579,27,41,ACTIVA,1,LOTE 1B,0,4.56393374,-72.77675533,2062314.0103,5024753.45176,
1580,27,42,ACTIVA,1,LOTE 1B,0,4.56398828,-72.77683130,2062320.0343,5024745.02626,
1581,27,43,ACTIVA,1,LOTE 1B,0,4.56404218,-72.77690078,2062325.9868,5024737.32076,
1582,27,44,ACTIVA,1,LOTE 1B,0,4.56410321,-72.77697934,2062332.7282,5024728.60705,
1583,27,45,ACTIVA,1,LOTE 1B,0,4.56415776,-72.77703843,2062338.7527,5024722.05347,
1584,27,46,ACTIVA,1,LOTE 1B,0,4.56420970,-72.77710986,2062344.4899,5024714.13205,
1585,27,47,ACTIVA,1,LOTE 1B,0,4.56426360,-72.77717933,2062350.4424,5024706.42655,
1586,27,48,ACTIVA,1,LOTE 1B,0,4.56432138,-72.77725725,2062356.8251,5024697.78495,
1587,27,49,ACTIVA,1,LOTE 1B,0,4.56437658,-72.77732413,2062362.9211,5024690.36740,
1588,27,50,ACTIVA,1,LOTE 1B,0,4.56443242,-72.77739166,2062369.0889,5024682.87782,
1589,27,51,ACTIVA,1,LOTE 1B,0,4.56449735,-72.77746568,2062376.2609,5024674.66797,
1590,27,52,ACTIVA,1,LOTE 1B,0,4.56455124,-72.77753711,2062382.2133,5024666.74648,
1591,27,53,ACTIVA,1,LOTE 1B,0,4.56460319,-72.77760334,2062387.9507,5024659.40104,
1592,27,54,ERRADICADA,0,LOTE 1B,0,4.56466163,-72.77768645,2062394.4049,5024650.18346,
1593,27,55,ACTIVA,1,LOTE 1B,0,4.56472071,-72.77774424,2062400.9318,5024643.77373,
1594,27,56,ACTIVA,1,LOTE 1B,0,4.56477071,-72.77781696,2062406.4537,5024635.70839,
1595,27,57,ACTIVA,1,LOTE 1B,0,4.56483045,-72.77788774,2062413.0519,5024627.85871,
1596,27,58,ACTIVA,1,LOTE 1B,0,4.56488174,-72.77796176,2062418.7172,5024619.64933,
1597,27,59,ACTIVA,1,LOTE 1B,0,4.56493759,-72.77802994,2062424.8850,5024612.08777,
1598,27,60,ACTIVA,1,LOTE 1B,0,4.56499278,-72.77809877,2062430.9810,5024604.45423,
1599,27,61,ACTIVA,1,LOTE 1B,0,4.56505706,-72.77816824,2062438.0814,5024596.74840,
1600,27,62,ACTIVA,1,LOTE 1B,0,4.56510706,-72.77823512,2062443.6035,5024589.33103,
1601,27,63,ACTIVA,1,LOTE 1B,0,4.56516225,-72.77830590,2062449.6995,5024581.48151,
1602,27,64,ACTIVA,1,LOTE 1B,0,4.56522264,-72.77838317,2062456.3691,5024572.91185,
1603,27,65,ACTIVA,1,LOTE 1B,0,4.56527913,-72.77844940,2062462.6087,5024565.56626,
1604,27,66,ACTIVA,1,LOTE 1B,0,4.56533042,-72.77851693,2062468.2743,5024558.07686,
1605,27,67,ACTIVA,1,LOTE 1B,0,4.56539341,-72.77859030,2062475.2311,5024549.93910,
1606,27,68,ACTIVA,1,LOTE 1B,0,4.56544470,-72.77866107,2062480.8966,5024542.08971,
1607,27,69,ACTIVA,1,LOTE 1B,0,4.56549989,-72.77872406,2062486.9928,5024535.10416,
1608,27,70,ACTIVA,1,LOTE 1B,0,4.56556872,-72.77880522,2062494.5950,5024526.10224,
1609,27,71,ACTIVA,1,LOTE 1B,0,4.56561872,-72.77886756,2062500.1173,5024519.18886,
1610,28,1,ACTIVA,1,LOTE 1B,0,4.56172874,-72.77385907,2062070.4717,5025074.66877,
1611,28,2,ACTIVA,1,LOTE 1B,0,4.56179191,-72.77393678,2062077.4484,5025066.04997,
1612,28,3,ACTIVA,1,LOTE 1B,0,4.56184718,-72.77400327,2062083.5531,5025058.67556,
1613,28,4,ACTIVA,1,LOTE 1B,0,4.56189871,-72.77406976,2062089.2445,5025051.30127,
1614,28,5,ACTIVA,1,LOTE 1B,0,4.56195481,-72.77413791,2062095.4409,5025043.74252,
1615,28,6,ACTIVA,1,LOTE 1B,0,4.56201257,-72.77422019,2062101.8205,5025034.61705,
1616,28,7,ACTIVA,1,LOTE 1B,0,4.56206285,-72.77428751,2062107.3741,5025027.15065,
1617,28,8,ACTIVA,1,LOTE 1B,0,4.56211854,-72.77435649,2062113.5246,5025019.49976,
1618,28,9,ACTIVA,1,LOTE 1B,0,4.56217921,-72.77443046,2062120.2260,5025011.29576,
1619,28,10,ACTIVA,1,LOTE 1B,0,4.56223490,-72.77449903,2062126.3765,5025003.69095,
1620,28,11,ERRADICADA,0,LOTE 1B,0,4.56228280,-72.77456696,2062131.6676,5024996.15680,
1621,28,12,ERRADICADA,0,LOTE 1B,0,4.56234387,-72.77463944,2062138.4123,5024988.11831,
1622,28,13,ACTIVA,1,LOTE 1B,0,4.56239922,-72.77470564,2062144.5265,5024980.77607,
1623,28,14,ACTIVA,1,LOTE 1B,0,4.56245344,-72.77478040,2062150.5144,5024972.48470,
1624,28,15,ACTIVA,1,LOTE 1B,0,4.56251165,-72.77485573,2062156.9436,5024964.12991,
1625,28,16,ACTIVA,1,LOTE 1B,0,4.56256358,-72.77492593,2062162.6794,5024956.34485,
1626,28,17,ACTIVA,1,LOTE 1B,0,4.56262179,-72.77498985,2062169.1091,5024949.25564,
1627,28,18,ACTIVA,1,LOTE 1B,0,4.56267087,-72.77505433,2062174.5298,5024942.10346,
1628,28,19,ACTIVA,1,LOTE 1B,0,4.56273764,-72.77513195,2062181.9048,5024933.49527,
1629,28,20,ACTIVA,1,LOTE 1B,0,4.56278672,-72.77520271,2062187.3253,5024925.64703,
1630,28,21,ACTIVA,1,LOTE 1B,0,4.56284436,-72.77527177,2062193.6918,5024917.98834,
1631,28,22,ACTIVA,1,LOTE 1B,0,4.56289572,-72.77534139,2062199.3645,5024910.26658,
1632,28,23,ACTIVA,1,LOTE 1B,0,4.56295279,-72.77540816,2062205.6680,5024902.86102,
1633,28,24,ACTIVA,1,LOTE 1B,0,4.56300872,-72.77548064,2062211.8451,5024894.82272,
1634,28,25,ACTIVA,1,LOTE 1B,0,4.56307264,-72.77555426,2062218.9050,5024886.65758,
1635,28,26,ACTIVA,1,LOTE 1B,0,4.56312400,-72.77561589,2062224.5780,5024879.82173,
1636,28,27,ACTIVA,1,LOTE 1B,0,4.56317936,-72.77569122,2062230.6920,5024871.46706,
1637,28,28,ACTIVA,1,LOTE 1B,0,4.56324213,-72.77576541,2062237.6258,5024863.23869,
1638,28,29,ACTIVA,1,LOTE 1B,0,4.56329806,-72.77583275,2062243.8031,5024855.76990,
1639,28,30,ACTIVA,1,LOTE 1B,0,4.56334942,-72.77590295,2062249.4758,5024847.98487,
1640,28,31,ACTIVA,1,LOTE 1B,0,4.56340421,-72.77597314,2062255.5269,5024840.19973,
1641,28,32,ACTIVA,1,LOTE 1B,0,4.56345899,-72.77604676,2062261.5779,5024832.03491,
1642,28,33,ACTIVA,1,LOTE 1B,0,4.56351549,-72.77611581,2062267.8182,5024824.37627,
1643,28,34,ACTIVA,1,LOTE 1B,0,4.56356685,-72.77618373,2062273.4910,5024816.84437,
1644,28,35,ACTIVA,1,LOTE 1B,0,4.56363362,-72.77625563,2062280.8663,5024808.86898,
1645,28,36,ACTIVA,1,LOTE 1B,0,4.56368670,-72.77632640,2062286.7282,5024801.02063,
1646,28,37,ACTIVA,1,LOTE 1B,0,4.56374263,-72.77639431,2062292.9055,5024793.48856,
1647,28,38,ACTIVA,1,LOTE 1B,0,4.56380369,-72.77646565,2062299.6502,5024785.57666,
1648,28,39,ACTIVA,1,LOTE 1B,0,4.56385733,-72.77653926,2062305.5750,5024777.41189,
1649,28,40,ACTIVA,1,LOTE 1B,0,4.56390927,-72.77660718,2062311.3109,5024769.87997,
1650,28,41,ACTIVA,1,LOTE 1B,0,4.56396862,-72.77667851,2062317.8665,5024761.96813,
1651,28,42,ACTIVA,1,LOTE 1B,0,4.56402740,-72.77675042,2062324.3589,5024753.99303,
1652,28,43,ACTIVA,1,LOTE 1B,0,4.56407876,-72.77681833,2062330.0317,5024746.46113,
1653,28,44,ACTIVA,1,LOTE 1B,0,4.56413126,-72.77688453,2062335.8308,5024739.11903,
1654,28,45,ACTIVA,1,LOTE 1B,0,4.56418833,-72.77695872,2062342.1340,5024730.89088,
1655,28,46,ACTIVA,1,LOTE 1B,0,4.56424483,-72.77702834,2062348.3743,5024723.16898,
1656,28,47,ACTIVA,1,LOTE 1B,0,4.56429562,-72.77709683,2062353.9840,5024715.57383,
1657,28,48,ACTIVA,1,LOTE 1B,0,4.56435726,-72.77717330,2062360.7916,5024707.09241,
1658,28,49,ACTIVA,1,LOTE 1B,0,4.56441375,-72.77723950,2062367.0320,5024699.75018,
1659,28,50,ACTIVA,1,LOTE 1B,0,4.56446626,-72.77730855,2062372.8309,5024692.09169,
1660,28,51,ACTIVA,1,LOTE 1B,0,4.56452390,-72.77738560,2062379.1971,5024683.54714,
1661,28,52,ACTIVA,1,LOTE 1B,0,4.56457868,-72.77745180,2062385.2483,5024676.20497,
1662,28,53,ACTIVA,1,LOTE 1B,0,4.56463575,-72.77752313,2062391.5517,5024668.29322,
1663,28,54,ACTIVA,1,LOTE 1B,0,4.56469625,-72.77759732,2062398.2332,5024660.06496,
1664,28,55,ACTIVA,1,LOTE 1B,0,4.56474818,-72.77766409,2062403.9691,5024652.65961,
1665,28,56,ACTIVA,1,LOTE 1B,0,4.56480411,-72.77773200,2062410.1465,5024645.12758,
1666,28,57,ACTIVA,1,LOTE 1B,0,4.56486003,-72.77780106,2062416.3237,5024637.46898,
1667,28,58,ACTIVA,1,LOTE 1B,0,4.56492053,-72.77787411,2062423.0053,5024629.36729,
1668,28,59,ACTIVA,1,LOTE 1B,0,4.56497417,-72.77794487,2062428.9303,5024621.51894,
1669,28,60,ACTIVA,1,LOTE 1B,0,4.56502724,-72.77801221,2062434.7923,5024614.05028,
1670,28,61,ACTIVA,1,LOTE 1B,0,4.56509002,-72.77808811,2062441.7261,5024605.63212,
1671,28,62,ACTIVA,1,LOTE 1B,0,4.56513967,-72.77815717,2062447.2097,5024597.97375,
1672,28,63,ACTIVA,1,LOTE 1B,0,4.56519446,-72.77821994,2062453.2611,5024591.01126,
1673,28,64,ACTIVA,1,LOTE 1B,0,4.56525438,-72.77829813,2062459.8794,5024582.34009,
1674,28,65,ACTIVA,1,LOTE 1B,0,4.56531088,-72.77836832,2062466.1197,5024574.55493,
1675,28,66,ACTIVA,1,LOTE 1B,0,4.56536395,-72.77843395,2062471.9818,5024567.27611,
1676,28,67,ACTIVA,1,LOTE 1B,0,4.56542387,-72.77850814,2062478.6003,5024559.04789,
1677,28,68,ACTIVA,1,LOTE 1B,0,4.56547809,-72.77858005,2062484.5883,5024551.07298,
1678,28,69,ACTIVA,1,LOTE 1B,0,4.56553402,-72.77864853,2062490.7656,5024543.47768,
1679,28,70,ACTIVA,1,LOTE 1B,0,4.56558310,-72.77871302,2062496.1864,5024536.32556,
1680,28,71,ACTIVA,1,LOTE 1B,0,4.56564815,-72.77879177,2062503.3723,5024527.59094,
1681,29,1,ACTIVA,1,LOTE 1B,0,4.56176383,-72.77377837,2062074.3517,5025083.61535,
1682,29,2,ACTIVA,1,LOTE 1B,0,4.56181713,-72.77384546,2062080.2382,5025076.17476,
1683,29,3,ACTIVA,1,LOTE 1B,0,4.56187784,-72.77391944,2062086.9445,5025067.96931,
1684,29,4,ACTIVA,1,LOTE 1B,0,4.56193044,-72.77399650,2062092.7532,5025059.42234,
1685,29,5,ACTIVA,1,LOTE 1B,0,4.56198376,-72.77406042,2062098.6431,5025052.33328,
1686,29,6,ACTIVA,1,LOTE 1B,0,4.56204695,-72.77413384,2062105.6223,5025044.19092,
1687,29,7,ACTIVA,1,LOTE 1B,0,4.56210027,-72.77420214,2062111.5120,5025036.61589,
1688,29,8,ACTIVA,1,LOTE 1B,0,4.56215287,-72.77427263,2062117.3209,5025028.79789,
1689,29,9,ACTIVA,1,LOTE 1B,0,4.56221131,-72.77434567,2062123.7755,5025020.69620,
1690,29,10,ACTIVA,1,LOTE 1B,0,4.56226902,-72.77441471,2062130.1494,5025013.04002,
1691,29,11,ACTIVA,1,LOTE 1B,0,4.56231942,-72.77448374,2062135.7163,5025005.38409,
1692,29,12,ACTIVA,1,LOTE 1B,0,4.56238114,-72.77455642,2062142.5340,5024997.32279,
1693,29,13,ACTIVA,1,LOTE 1B,0,4.56243557,-72.77462947,2062148.5447,5024989.22125,
1694,29,14,ACTIVA,1,LOTE 1B,0,4.56248816,-72.77469448,2062154.3538,5024982.01073,
1695,29,15,ACTIVA,1,LOTE 1B,0,4.56253966,-72.77476278,2062160.0417,5024974.43577,
1696,29,16,ACTIVA,1,LOTE 1B,0,4.56260102,-72.77483765,2062166.8191,5024966.13149,
1697,29,17,ACTIVA,1,LOTE 1B,0,4.56265544,-72.77490961,2062172.8297,5024958.15145,
1698,29,18,ACTIVA,1,LOTE 1B,0,4.56270767,-72.77497645,2062178.5984,5024950.73846,
1699,29,19,ACTIVA,1,LOTE 1B,0,4.56276903,-72.77504913,2062185.3759,5024942.67718,
1700,29,20,ACTIVA,1,LOTE 1B,0,4.56282309,-72.77511633,2062191.3463,5024935.22363,
1701,29,21,ACTIVA,1,LOTE 1B,0,4.56287714,-72.77518755,2062197.3167,5024927.32460,
1702,29,22,ACTIVA,1,LOTE 1B,0,4.56293521,-72.77526060,2062203.7309,5024919.22294,
1703,29,23,ACTIVA,1,LOTE 1B,0,4.56298635,-72.77532854,2062209.3785,5024911.68849,
1704,29,24,ACTIVA,1,LOTE 1B,0,4.56304150,-72.77539720,2062215.4700,5024904.07291,
1705,29,25,ACTIVA,1,LOTE 1B,0,4.56309957,-72.77546514,2062221.8844,5024896.53823,
1706,29,26,ACTIVA,1,LOTE 1B,0,4.56315911,-72.77553819,2062228.4600,5024888.43653,
1707,29,27,ERRADICADA,0,LOTE 1B,0,4.56320864,-72.77560997,2062233.9304,5024880.47533,
1708,29,28,ERRADICADA,0,LOTE 1B,0,4.56326214,-72.77567952,2062239.8397,5024872.76142,
1709,29,29,ERRADICADA,0,LOTE 1B,0,4.56332099,-72.77575175,2062246.3400,5024864.75070,
1710,29,30,ACTIVA,1,LOTE 1B,0,4.56338074,-72.77581863,2062252.9390,5024857.33319,
1711,29,31,ACTIVA,1,LOTE 1B,0,4.56343067,-72.77588283,2062258.4543,5024850.21264,
1712,29,32,ACTIVA,1,LOTE 1B,0,4.56349609,-72.77596344,2062265.6795,5024841.27230,
1713,29,33,ACTIVA,1,LOTE 1B,0,4.56354859,-72.77603078,2062271.4785,5024833.80363,
1714,29,34,ACTIVA,1,LOTE 1B,0,4.56360680,-72.77609698,2062277.9080,5024826.46133,
1715,29,35,ACTIVA,1,LOTE 1B,0,4.56366444,-72.77617574,2062284.2741,5024817.72691,
1716,29,36,ACTIVA,1,LOTE 1B,0,4.56372265,-72.77624536,2062290.7036,5024810.00494,
1717,29,37,ACTIVA,1,LOTE 1B,0,4.56377287,-72.77631498,2062296.2503,5024802.28324,
1718,29,38,ACTIVA,1,LOTE 1B,0,4.56382652,-72.77638175,2062302.1754,5024794.87781,
1719,29,39,ACTIVA,1,LOTE 1B,0,4.56388758,-72.77645766,2062308.9199,5024786.45968,
1720,29,40,ACTIVA,1,LOTE 1B,0,4.56393951,-72.77652500,2062314.6558,5024778.99104,
1721,29,41,ACTIVA,1,LOTE 1B,0,4.56399487,-72.77659177,2062320.7701,5024771.58556,
1722,29,42,ACTIVA,1,LOTE 1B,0,4.56405776,-72.77666118,2062327.7169,5024763.88705,
1723,29,43,ACTIVA,1,LOTE 1B,0,4.56410906,-72.77673260,2062333.3823,5024755.96564,
1724,29,44,ACTIVA,1,LOTE 1B,0,4.56416360,-72.77679429,2062339.4068,5024749.12408,
1725,29,45,ACTIVA,1,LOTE 1B,0,4.56422399,-72.77687156,2062346.0765,5024740.55439,
1726,29,46,ACTIVA,1,LOTE 1B,0,4.56427593,-72.77694428,2062351.8136,5024732.48897,
1727,29,47,ACTIVA,1,LOTE 1B,0,4.56432918,-72.77700921,2062357.6945,5024725.28746,
1728,29,48,ACTIVA,1,LOTE 1B,0,4.56439216,-72.77708713,2062364.6512,5024716.64569,
1729,29,49,ACTIVA,1,LOTE 1B,0,4.56444411,-72.77715791,2062370.3884,5024708.79627,
1730,29,50,ACTIVA,1,LOTE 1B,0,4.56449865,-72.77722608,2062376.4126,5024701.23474,
1731,29,51,ACTIVA,1,LOTE 1B,0,4.56455323,-72.77729572,2062382.4413,5024693.51122,
1732,29,52,ACTIVA,1,LOTE 1B,0,4.56460911,-72.77737133,2062388.6133,5024685.12618,
1733,29,53,ACTIVA,1,LOTE 1B,0,4.56466792,-72.77744036,2062395.1084,5024677.47002,
1734,29,54,ACTIVA,1,LOTE 1B,0,4.56472161,-72.77750391,2062401.0387,5024670.42150,
1735,29,55,ACTIVA,1,LOTE 1B,0,4.56478714,-72.77758131,2062408.2767,5024661.83666,Row Labels
1736,29,56,ACTIVA,1,LOTE 1B,0,4.56483965,-72.77764871,2062414.0764,5024654.36150,LAS 20
1737,29,57,ACTIVA,1,LOTE 1B,0,4.56488589,-72.77772082,2062419.1831,5024646.36516,LOTE 1B
1738,29,58,ACTIVA,1,LOTE 1B,0,4.56495329,-72.77779214,2062426.6279,5024638.45499,TELARA├æA
1739,29,59,ACTIVA,1,LOTE 1B,0,4.56501128,-72.77785954,2062433.0337,5024630.97964,Grand Total
1740,29,60,ACTIVA,1,LOTE 1B,0,4.56506332,-72.77792650,2062438.7814,5024623.55317,
1741,29,61,ACTIVA,1,LOTE 1B,0,4.56512301,-72.77800023,2062445.3741,5024615.37562,
1742,29,62,ACTIVA,1,LOTE 1B,0,4.56517668,-72.77807196,2062451.3017,5024607.42074,
1743,29,64,ACTIVA,1,LOTE 1B,0,4.56529054,-72.77820939,2062463.8778,5024592.17815,
1744,29,65,ACTIVA,1,LOTE 1B,0,4.56534571,-72.77828011,2062469.9717,5024584.33445,
1745,29,66,ACTIVA,1,LOTE 1B,0,4.56539816,-72.77835188,2062475.7641,5024576.37516,
1746,29,67,ACTIVA,1,LOTE 1B,0,4.56544888,-72.77841833,2062481.3661,5024569.00547,
1747,29,68,ACTIVA,1,LOTE 1B,0,4.56551625,-72.77849027,2062488.8079,5024561.02566,
1748,29,69,ACTIVA,1,LOTE 1B,0,4.56556942,-72.77854896,2062494.6806,5024554.51681,
1749,29,70,ACTIVA,1,LOTE 1B,0,4.56562208,-72.77862620,2062500.4972,5024545.95020,
1750,29,71,ACTIVA,1,LOTE 1B,0,4.56568578,-72.77870796,2062507.5330,5024536.88268,
1751,30,1,ACTIVA,1,LOTE 1B,0,4.56185069,-72.77376036,2062083.9498,5025085.60922,
1752,30,2,ACTIVA,1,LOTE 1B,0,4.56190887,-72.77383861,2062090.3760,5025076.93111,
1753,30,3,ACTIVA,1,LOTE 1B,0,4.56196417,-72.77390566,2062096.4839,5025069.49402,
1754,30,4,ACTIVA,1,LOTE 1B,0,4.56201668,-72.77397463,2062102.2834,5025061.84500,
1755,30,5,ACTIVA,1,LOTE 1B,0,4.56207793,-72.77404646,2062109.0481,5025053.87797,
1756,30,6,ACTIVA,1,LOTE 1B,0,4.56213189,-72.77411962,2062115.0081,5025045.76451,
1757,30,7,ACTIVA,1,LOTE 1B,0,4.56218205,-72.77419094,2062120.5477,5025037.85487,
1758,30,8,ACTIVA,1,LOTE 1B,0,4.56224475,-72.77426304,2062127.4729,5025029.85790,
1759,30,9,ACTIVA,1,LOTE 1B,0,4.56230039,-72.77433436,2062133.6188,5025021.94808,
1760,30,10,ACTIVA,1,LOTE 1B,0,4.56235133,-72.77440332,2062139.2451,5025014.29912,
1761,30,11,ACTIVA,1,LOTE 1B,0,4.56240306,-72.77447072,2062144.9582,5025006.82393,
1762,30,12,ACTIVA,1,LOTE 1B,0,4.56246732,-72.77454518,2062152.0565,5024998.56621,
1763,30,13,ACTIVA,1,LOTE 1B,0,4.56252218,-72.77461023,2062158.1160,5024991.35162,
1764,30,14,ACTIVA,1,LOTE 1B,0,4.56257469,-72.77468076,2062163.9155,5024983.52881,
1765,30,15,ACTIVA,1,LOTE 1B,0,4.56263112,-72.77475678,2062170.1478,5024975.09756,
1766,30,16,ACTIVA,1,LOTE 1B,0,4.56268990,-72.77482497,2062176.6401,5024967.53524,
1767,30,17,ACTIVA,1,LOTE 1B,0,4.56274084,-72.77489785,2062182.2663,5024959.45179,
1768,30,18,ACTIVA,1,LOTE 1B,0,4.56280040,-72.77496839,2062188.8452,5024951.62874,
1769,30,19,ACTIVA,1,LOTE 1B,0,4.56285683,-72.77503187,2062195.0779,5024944.58790,
1770,30,20,ACTIVA,1,LOTE 1B,0,4.56291326,-72.77510005,2062201.3105,5024937.02566,
1771,30,21,ACTIVA,1,LOTE 1B,0,4.56297047,-72.77517294,2062207.6295,5024928.94200,
1772,30,22,ACTIVA,1,LOTE 1B,0,4.56302533,-72.77524896,2062213.6886,5024920.51082,
1773,30,23,ACTIVA,1,LOTE 1B,0,4.56307845,-72.77531392,2062219.5557,5024913.30556,
1774,30,24,ERRADICADA,0,LOTE 1B,0,4.56313374,-72.77539150,2062225.6617,5024904.70173,
1775,30,25,ERRADICADA,0,LOTE 1B,0,4.56319348,-72.77546551,2062232.2605,5024896.49324,
1776,30,26,ACTIVA,1,LOTE 1B,0,4.56324480,-72.77552788,2062237.9286,5024889.57674,
1777,31,1,ACTIVA,1,LOTE 1B,0,4.56188747,-72.77367802,2062088.0164,5025094.73830,
1778,31,2,ACTIVA,1,LOTE 1B,0,4.56194999,-72.77375452,2062094.9220,5025086.25348,
1779,31,3,ACTIVA,1,LOTE 1B,0,4.56200319,-72.77381820,2062100.7983,5025079.18994,
1780,31,4,ACTIVA,1,LOTE 1B,0,4.56205315,-72.77389503,2062106.3154,5025070.66939,
1781,31,5,ACTIVA,1,LOTE 1B,0,4.56210588,-72.77396301,2062112.1399,5025063.13071,
1782,31,6,ACTIVA,1,LOTE 1B,0,4.56216588,-72.77404044,2062118.7663,5025054.54204,
1783,31,7,ACTIVA,1,LOTE 1B,0,4.56221935,-72.77410802,2062124.6722,5025047.04689,
1784,31,8,ACTIVA,1,LOTE 1B,0,4.56227852,-72.77417081,2062131.2082,5025040.08273,
1785,31,9,ACTIVA,1,LOTE 1B,0,4.56233319,-72.77425116,2062137.2460,5025031.17238,
1786,31,10,ACTIVA,1,LOTE 1B,0,4.56239019,-72.77431480,2062143.5419,5025024.11350,
1787,31,11,ACTIVA,1,LOTE 1B,0,4.56244326,-72.77438594,2062149.4038,5025016.22305,
1788,31,12,ACTIVA,1,LOTE 1B,0,4.56250327,-72.77446360,2062156.0309,5025007.61020,
1789,31,13,ACTIVA,1,LOTE 1B,0,4.56255814,-72.77453043,2062162.0921,5025000.19880,
1790,31,14,ACTIVA,1,LOTE 1B,0,4.56260851,-72.77459803,2062167.6552,5024992.70133,
1791,31,15,ACTIVA,1,LOTE 1B,0,4.56266627,-72.77467124,2062174.0347,5024984.58090,
1792,31,16,ACTIVA,1,LOTE 1B,0,4.56272006,-72.77474088,2062179.9758,5024976.85771,
1793,31,17,ACTIVA,1,LOTE 1B,0,4.56277749,-72.77480778,2062186.3191,5024969.43801,
1794,31,18,ACTIVA,1,LOTE 1B,0,4.56283246,-72.77488475,2062192.3899,5024960.90089,
1795,31,19,ACTIVA,1,LOTE 1B,0,4.56289077,-72.77495723,2062198.8303,5024952.86317,
1796,31,20,ACTIVA,1,LOTE 1B,0,4.56294305,-72.77502194,2062204.6052,5024945.68569,
1797,31,21,ACTIVA,1,LOTE 1B,0,4.56299518,-72.77508923,2062210.3626,5024938.22249,
1798,31,22,ACTIVA,1,LOTE 1B,0,4.56305797,-72.77516529,2062217.2979,5024929.78685,
1799,31,23,ACTIVA,1,LOTE 1B,0,4.56311202,-72.77523407,2062223.2680,5024922.15900,
1800,31,24,ACTIVA,1,LOTE 1B,0,4.56316881,-72.77530199,2062229.5399,5024914.62525,
1801,31,25,ACTIVA,1,LOTE 1B,0,4.56322882,-72.77537346,2062236.1680,5024906.69873,
1802,31,26,ACTIVA,1,LOTE 1B,0,4.56328375,-72.77544197,2062242.2359,5024899.10108,
1803,32,1,ERRADICADA,0,LOTE 1B,0,4.56191914,-72.77359944,2062091.5191,5025103.44964,
1804,32,2,ERRADICADA,0,LOTE 1B,0,4.56197474,-72.77366846,2062097.6596,5025095.79527,
1805,32,3,ERRADICADA,0,LOTE 1B,0,4.56203129,-72.77373939,2062103.9059,5025087.92830,
1806,32,4,ACTIVA,1,LOTE 1B,0,4.56208757,-72.77380561,2062110.1216,5025080.58344,
1807,32,5,ACTIVA,1,LOTE 1B,0,4.56214237,-72.77387915,2062116.1745,5025072.42728,
1808,32,6,ACTIVA,1,LOTE 1B,0,4.56220240,-72.77395269,2062122.8050,5025064.27095,
1809,32,7,ACTIVA,1,LOTE 1B,0,4.56225277,-72.77401954,2062128.3676,5025056.85663,
1810,32,8,ACTIVA,1,LOTE 1B,0,4.56230643,-72.77408969,2062134.2943,5025049.07655,
1811,32,9,ACTIVA,1,LOTE 1B,0,4.56236758,-72.77417033,2062141.0488,5025040.13280,
1812,32,10,ACTIVA,1,LOTE 1B,0,4.56241854,-72.77423599,2062146.6776,5025032.85142,
1813,32,11,ACTIVA,1,LOTE 1B,0,4.56247474,-72.77430622,2062152.8840,5025025.06195,
1814,32,12,ACTIVA,1,LOTE 1B,0,4.56252792,-72.77437363,2062158.7586,5025017.58593,
1815,32,13,ACTIVA,1,LOTE 1B,0,4.56259375,-72.77444560,2062166.0298,5025009.60363,
1816,32,14,ACTIVA,1,LOTE 1B,0,4.56264423,-72.77451756,2062171.6052,5025001.62186,
1817,32,15,ACTIVA,1,LOTE 1B,0,4.56269813,-72.77458783,2062177.5574,5024993.82907,
1818,32,16,ACTIVA,1,LOTE 1B,0,4.56275509,-72.77466150,2062183.8487,5024985.65798,
1819,32,17,ACTIVA,1,LOTE 1B,0,4.56281103,-72.77472699,2062190.0272,5024978.39461,
1820,32,18,ACTIVA,1,LOTE 1B,0,4.56286287,-72.77479761,2062195.7533,5024970.56257,
1821,32,19,ACTIVA,1,LOTE 1B,0,4.56292836,-72.77486637,2062202.9870,5024962.93580,
1822,32,20,ACTIVA,1,LOTE 1B,0,4.56297988,-72.77493645,2062208.6770,5024955.16428,
1823,32,21,ACTIVA,1,LOTE 1B,0,4.56302987,-72.77500586,2062214.1981,5024947.46543,
1824,32,22,ACTIVA,1,LOTE 1B,0,4.56309361,-72.77508336,2062221.2385,5024938.87053,
1825,32,23,ACTIVA,1,LOTE 1B,0,4.56314435,-72.77514896,2062226.8431,5024931.59505,
1826,32,24,ACTIVA,1,LOTE 1B,0,4.56319818,-72.77521931,2062232.7883,5024923.79283,
1827,32,25,ACTIVA,1,LOTE 1B,0,4.56326013,-72.77529308,2062239.6311,5024915.61006,
1828,32,26,ACTIVA,1,LOTE 1B,0,4.56331756,-72.77536054,2062245.9741,5024908.12888,
1829,33,1,ACTIVA,1,LOTE 1B,0,4.56195695,-72.77350801,2062095.6993,5025113.58586,
1830,33,2,ACTIVA,1,LOTE 1B,0,4.56200491,-72.77357996,2062100.9966,5025105.60653,
1831,33,3,ACTIVA,1,LOTE 1B,0,4.56207206,-72.77365298,2062108.4139,5025097.50835,
1832,33,4,ACTIVA,1,LOTE 1B,0,4.56212476,-72.77372522,2062114.2341,5025089.49576,
1833,33,5,ACTIVA,1,LOTE 1B,0,4.56217759,-72.77379527,2062120.0686,5025081.72664,
1834,33,6,ACTIVA,1,LOTE 1B,0,4.56223461,-72.77386882,2062126.3669,5025073.56972,
1835,33,7,ACTIVA,1,LOTE 1B,0,4.56229217,-72.77394130,2062132.7243,5025065.53097,
1836,33,8,ACTIVA,1,LOTE 1B,0,4.56234387,-72.77400739,2062138.4340,5025058.20155,
1837,33,9,ACTIVA,1,LOTE 1B,0,4.56239983,-72.77407773,2062144.6147,5025050.39923,
1838,33,10,ACTIVA,1,LOTE 1B,0,4.56245800,-72.77414919,2062151.0404,5025042.47392,
1839,33,11,ACTIVA,1,LOTE 1B,0,4.56250916,-72.77421639,2062156.6912,5025035.02160,
1840,33,12,ACTIVA,1,LOTE 1B,0,4.56256988,-72.77428767,2062163.3972,5025027.11512,
1841,33,13,ACTIVA,1,LOTE 1B,0,4.56262686,-72.77436446,2062169.6907,5025018.59892,
1842,33,14,ACTIVA,1,LOTE 1B,0,4.56267856,-72.77443694,2062175.4003,5025010.56037,
1843,33,15,ACTIVA,1,LOTE 1B,0,4.56273185,-72.77450143,2062181.2868,5025003.40819,
1844,33,16,ACTIVA,1,LOTE 1B,0,4.56279314,-72.77457444,2062188.0563,5024995.31022,
1845,33,17,ERRADICADA,0,LOTE 1B,0,4.56285040,-72.77465968,2062194.3800,5024985.85694,
1846,33,18,ACTIVA,1,LOTE 1B,0,4.56289813,-72.77471354,2062199.6522,5024979.88313,
1847,33,19,ACTIVA,1,LOTE 1B,0,4.56295835,-72.77478709,2062206.3040,5024971.72611,
1848,33,20,ACTIVA,1,LOTE 1B,0,4.56301165,-72.77485797,2062212.1902,5024963.86480,
1849,33,21,ACTIVA,1,LOTE 1B,0,4.56306388,-72.77492885,2062217.9587,5024956.00353,
1850,33,22,ACTIVA,1,LOTE 1B,0,4.56312090,-72.77499280,2062224.2574,5024948.91032,
1851,33,23,ACTIVA,1,LOTE 1B,0,4.56317953,-72.77506902,2062230.7324,5024940.45790,
1852,33,24,ACTIVA,1,LOTE 1B,0,4.56323389,-72.77513350,2062236.7367,5024933.30568,
1853,33,25,ACTIVA,1,LOTE 1B,0,4.56328558,-72.77520385,2062242.4463,5024925.50353,
1854,33,26,ACTIVA,1,LOTE 1B,0,4.56335141,-72.77528026,2062249.7177,5024917.02892,
1855,34,1,ACTIVA,1,LOTE 1B,0,4.56198867,-72.77342882,2062099.2070,5025122.36610,
1856,34,2,ACTIVA,1,LOTE 1B,0,4.56204188,-72.77349738,2062105.0839,5025114.76243,
1857,34,3,ACTIVA,1,LOTE 1B,0,4.56210293,-72.77357821,2062111.8272,5025105.79696,
1858,34,4,ACTIVA,1,LOTE 1B,0,4.56215478,-72.77364541,2062117.5534,5025098.34461,
1859,34,5,ACTIVA,1,LOTE 1B,0,4.56220799,-72.77371499,2062123.4303,5025090.62748,
1860,34,6,ACTIVA,1,LOTE 1B,0,4.56226495,-72.77378355,2062129.7218,5025083.02367,
1861,34,7,ACTIVA,1,LOTE 1B,0,4.56232395,-72.77385654,2062136.2392,5025074.92814,
1862,34,8,ACTIVA,1,LOTE 1B,0,4.56237648,-72.77392237,2062142.0409,5025067.62705,
1863,34,9,ACTIVA,1,LOTE 1B,0,4.56243180,-72.77398980,2062148.1510,5025060.14859,
1864,34,10,ACTIVA,1,LOTE 1B,0,4.56248563,-72.77407081,2062154.0958,5025051.16447,
1865,34,11,ACTIVA,1,LOTE 1B,0,4.56253999,-72.77413742,2062160.1000,5025043.77587,
1866,34,12,ACTIVA,1,LOTE 1B,0,4.56259921,-72.77421297,2062166.6409,5025035.39668,
1867,34,13,ACTIVA,1,LOTE 1B,0,4.56265788,-72.77428358,2062173.1208,5025027.56591,
1868,34,14,ACTIVA,1,LOTE 1B,0,4.56271586,-72.77435009,2062179.5254,5025020.18900,
1869,34,15,ACTIVA,1,LOTE 1B,0,4.56276703,-72.77441967,2062185.1762,5025012.47195,
1870,34,16,ACTIVA,1,LOTE 1B,0,4.56282074,-72.77448894,2062191.1089,5025004.78961,
1871,34,17,ACTIVA,1,LOTE 1B,0,4.56287308,-72.77456645,2062196.8896,5024996.19386,
1872,34,18,ACTIVA,1,LOTE 1B,0,4.56292531,-72.77463306,2062202.6583,5024988.80534,
1873,34,19,ACTIVA,1,LOTE 1B,0,4.56298234,-72.77470395,2062208.9568,5024980.94390,
1874,34,20,ACTIVA,1,LOTE 1B,0,4.56304416,-72.77477430,2062215.7852,5024973.14140,
1875,34,21,ACTIVA,1,LOTE 1B,0,4.56309905,-72.77484038,2062221.8483,5024965.81188,
1876,34,22,ACTIVA,1,LOTE 1B,0,4.56315235,-72.77491073,2062227.7346,5024958.00967,
1877,34,23,ACTIVA,1,LOTE 1B,0,4.56321347,-72.77498777,2062234.4856,5024949.46482,
1878,34,24,ACTIVA,1,LOTE 1B,0,4.56327592,-72.77505606,2062241.3841,5024941.89128,
1879,34,25,ACTIVA,1,LOTE 1B,0,4.56332589,-72.77512018,2062246.9025,5024934.77985,
1880,34,26,ACTIVA,1,LOTE 1B,0,4.56338335,-72.77519929,2062253.2486,5024926.00615,
1881,35,1,ERRADICADA,0,LOTE 1B,0,4.56201824,-72.77335453,2062102.4766,5025130.60275,
1882,35,2,ACTIVA,1,LOTE 1B,0,4.56207952,-72.77341741,2062109.2465,5025123.62755,
1883,35,3,ACTIVA,1,LOTE 1B,0,4.56212642,-72.77348083,2062114.4264,5025116.59376,
1884,35,4,ACTIVA,1,LOTE 1B,0,4.56219304,-72.77356344,2062121.7844,5025107.43191,
1885,35,5,ACTIVA,1,LOTE 1B,0,4.56224580,-72.77362526,2062127.6121,5025100.57519,
1886,35,6,ACTIVA,1,LOTE 1B,0,4.56230230,-72.77369668,2062133.8516,5025092.65466,
1887,35,7,ACTIVA,1,LOTE 1B,0,4.56235879,-72.77377129,2062140.0911,5025084.37957,
1888,35,8,ACTIVA,1,LOTE 1B,0,4.56240995,-72.77383578,2062145.7420,5025077.22745,
1889,35,9,ACTIVA,1,LOTE 1B,0,4.56246325,-72.77390666,2062151.6283,5025069.36613,
1890,35,10,ACTIVA,1,LOTE 1B,0,4.56252507,-72.77398127,2062158.4566,5025061.09086,
1891,35,11,ACTIVA,1,LOTE 1B,0,4.56257783,-72.77404949,2062164.2841,5025053.52503,
1892,35,12,ACTIVA,1,LOTE 1B,0,4.56263112,-72.77412144,2062170.1703,5025045.54552,
1893,35,13,ACTIVA,1,LOTE 1B,0,4.56269401,-72.77419552,2062177.1164,5025037.32931,
1894,35,14,ACTIVA,1,LOTE 1B,0,4.56274677,-72.77426800,2062182.9437,5025029.29073,
1895,35,15,ACTIVA,1,LOTE 1B,0,4.56279954,-72.77433568,2062188.7712,5025021.78400,
1896,35,16,ACTIVA,1,LOTE 1B,0,4.56285230,-72.77439857,2062194.5989,5025014.80911,
1897,35,17,ACTIVA,1,LOTE 1B,0,4.56291130,-72.77447732,2062201.1161,5025006.07538,
1898,35,18,ACTIVA,1,LOTE 1B,0,4.56296622,-72.77454553,2062207.1815,5024998.50948,
1899,35,19,ACTIVA,1,LOTE 1B,0,4.56302288,-72.77461555,2062213.4398,5024990.74384,
1900,35,20,ACTIVA,1,LOTE 1B,0,4.56307810,-72.77469015,2062219.5381,5024982.46994,
1901,35,21,ACTIVA,1,LOTE 1B,0,4.56313642,-72.77475769,2062225.9804,5024974.97957,
1902,35,22,ACTIVA,1,LOTE 1B,0,4.56318793,-72.77482488,2062231.6689,5024967.52725,
1903,35,23,ACTIVA,1,LOTE 1B,0,4.56324693,-72.77490299,2062238.1862,5024958.86444,
1904,35,24,ERRADICADA,0,LOTE 1B,0,4.56329674,-72.77497695,2062243.6871,5024950.66229,
1905,35,25,ACTIVA,1,LOTE 1B,0,4.56335585,-72.77504140,2062250.2164,5024943.51418,
1906,35,26,ACTIVA,1,LOTE 1B,0,4.56341649,-72.77511416,2062256.9139,5024935.44382,
1907,36,1,ACTIVA,1,LOTE 1B,0,4.56205579,-72.77326913,2062106.6287,5025140.06994,
1908,36,2,ERRADICADA,0,LOTE 1B,0,4.56211400,-72.77334326,2062113.0582,5025131.84903,
1909,36,3,ACTIVA,1,LOTE 1B,0,4.56216716,-72.77340341,2062118.9307,5025125.17741,
1910,36,4,ACTIVA,1,LOTE 1B,0,4.56222848,-72.77347831,2062125.7032,5025116.87033,
1911,36,5,ACTIVA,1,LOTE 1B,0,4.56228204,-72.77354583,2062131.6183,5025109.38112,
1912,36,6,ACTIVA,1,LOTE 1B,0,4.56233629,-72.77361926,2062137.6104,5025101.23781,
1913,36,7,ACTIVA,1,LOTE 1B,0,4.56239714,-72.77368980,2062144.3316,5025093.41442,
1914,36,8,ACTIVA,1,LOTE 1B,0,4.56244891,-72.77375695,2062150.0495,5025085.96658,
1915,36,9,ACTIVA,1,LOTE 1B,0,4.56249975,-72.77382370,2062155.6645,5025078.56352,
1916,36,10,ACTIVA,1,LOTE 1B,0,4.56255292,-72.77389045,2062161.5368,5025071.16038,
1917,36,11,ACTIVA,1,LOTE 1B,0,4.56260975,-72.77396623,2062167.8136,5025062.75537,
1918,36,12,ACTIVA,1,LOTE 1B,0,4.56266439,-72.77404000,2062173.8486,5025054.57418,
1919,36,13,ACTIVA,1,LOTE 1B,0,4.56272055,-72.77410836,2062180.0515,5025046.99270,
1920,36,14,ACTIVA,1,LOTE 1B,0,4.56278369,-72.77418651,2062187.0255,5025038.32470,
1921,36,15,ACTIVA,1,LOTE 1B,0,4.56283220,-72.77425343,2062192.3838,5025030.90260,
1922,36,16,ACTIVA,1,LOTE 1B,0,4.56289085,-72.77432035,2062198.8612,5025023.48016,
1923,36,17,ACTIVA,1,LOTE 1B,0,4.56294673,-72.77439556,2062205.0333,5025015.13982,
1924,36,18,ACTIVA,1,LOTE 1B,0,4.56300358,-72.77446160,2062211.3125,5025007.81536,
1925,36,19,ACTIVA,1,LOTE 1B,0,4.56305348,-72.77453313,2062216.8231,5024999.88221,
1926,36,20,ACTIVA,1,LOTE 1B,0,4.56311662,-72.77460775,2062223.7973,5024991.60588,
1927,36,21,ACTIVA,1,LOTE 1B,0,4.56316475,-72.77467354,2062229.1129,5024984.30927,
1928,36,22,ACTIVA,1,LOTE 1B,0,4.56321817,-72.77473933,2062235.0141,5024977.01247,
1929,36,23,ACTIVA,1,LOTE 1B,0,4.56327381,-72.77481395,2062241.1588,5024968.73641,
1930,36,24,ACTIVA,1,LOTE 1B,0,4.56333827,-72.77488990,2062248.2793,5024960.31316,
1931,36,25,ACTIVA,1,LOTE 1B,0,4.56339347,-72.77495348,2062254.3756,5024953.26110,
1932,36,26,ACTIVA,1,LOTE 1B,0,4.56344985,-72.77502234,2062260.6025,5024945.62345,
1933,29,63,ERRADICADA,0,LOTE 1B,0,4.56522788,-72.77814697,2062456.9563,5024599.10168,
1934,37,1,ACTIVA,1,LOTE 1B,0,4.56209106,-72.77318155,2062110.5291,5025149.78038,
1935,37,2,ACTIVA,1,LOTE 1B,0,4.56215115,-72.77325202,2062117.1665,5025141.96357,
1936,37,3,ERRADICADA,0,LOTE 1B,0,4.56220341,-72.77331998,2062122.9381,5025134.42685,
1937,37,4,ERRADICADA,0,LOTE 1B,0,4.56225770,-72.77339507,2062128.9344,5025126.09886,
1938,37,5,ACTIVA,1,LOTE 1B,0,4.56231550,-72.77346449,2062135.3189,5025118.39969,
1939,37,6,ACTIVA,1,LOTE 1B,0,4.56237060,-72.77352904,2062141.4051,5025111.23973,
1940,37,7,ACTIVA,1,LOTE 1B,0,4.56242327,-72.77360214,2062147.2217,5025103.13276,
1941,37,8,ACTIVA,1,LOTE 1B,0,4.56248074,-72.77367375,2062153.5692,5025095.19095,
1942,37,9,ACTIVA,1,LOTE 1B,0,4.56253429,-72.77374063,2062159.4840,5025087.77321,
1943,37,10,ACTIVA,1,LOTE 1B,0,4.56258567,-72.77381074,2062165.1588,5025079.99773,
1944,37,11,ACTIVA,1,LOTE 1B,0,4.56264521,-72.77388277,2062171.7355,5025072.00900,
1945,37,12,ACTIVA,1,LOTE 1B,0,4.56269996,-72.77395480,2062177.7816,5025064.02044,
1946,37,13,ACTIVA,1,LOTE 1B,0,4.56275374,-72.77402298,2062183.7218,5025056.45786,
1947,37,14,ACTIVA,1,LOTE 1B,0,4.56281616,-72.77409789,2062190.6168,5025048.14957,
1948,37,15,ACTIVA,1,LOTE 1B,0,4.56286946,-72.77416656,2062196.5039,5025040.53377,
1949,37,16,ACTIVA,1,LOTE 1B,0,4.56292085,-72.77423811,2062202.1786,5025032.59857,
1950,37,17,ACTIVA,1,LOTE 1B,0,4.56297463,-72.77431590,2062208.1185,5025023.97112,
1951,37,18,ACTIVA,1,LOTE 1B,0,4.56303033,-72.77438025,2062214.2710,5025016.83444,
1952,37,19,ACTIVA,1,LOTE 1B,0,4.56308747,-72.77445084,2062220.5825,5025009.00553,
1953,37,20,ACTIVA,1,LOTE 1B,0,4.56314056,-72.77451920,2062226.4463,5025001.42382,
1954,37,21,ACTIVA,1,LOTE 1B,0,4.56320416,-72.77458577,2062233.4710,5024994.03982,
1955,37,22,ACTIVA,1,LOTE 1B,0,4.56325362,-72.77465636,2062238.9336,5024986.21118,
1956,37,23,ACTIVA,1,LOTE 1B,0,4.56331219,-72.77473048,2062245.4023,5024977.99060,
1957,37,24,ERRADICADA,0,LOTE 1B,0,4.56337484,-72.77481696,2062252.3223,5024968.39970,
1958,37,25,ACTIVA,1,LOTE 1B,0,4.56342286,-72.77488098,2062257.6259,5024961.29879,
1959,37,26,ACTIVA,1,LOTE 1B,0,4.56348022,-72.77494501,2062263.9612,5024954.19756,
1960,38,1,ACTIVA,1,LOTE 1B,0,4.56211933,-72.77309103,2062113.6557,5025159.81626,
1961,38,2,ACTIVA,1,LOTE 1B,0,4.56218216,-72.77317571,2062120.5951,5025150.42412,
1962,38,3,ACTIVA,1,LOTE 1B,0,4.56223242,-72.77323690,2062126.1469,5025143.63737,
1963,38,4,ERRADICADA,0,LOTE 1B,0,4.56229313,-72.77330605,2062132.8526,5025135.96820,
1964,38,5,ERRADICADA,0,LOTE 1B,0,4.56234943,-72.77338438,2062139.0703,5025127.28145,
1965,38,6,ACTIVA,1,LOTE 1B,0,4.56240433,-72.77345396,2062145.1337,5025119.56402,
1966,38,7,ACTIVA,1,LOTE 1B,0,4.56245573,-72.77352249,2062150.8108,5025111.96304,
1967,38,8,ACTIVA,1,LOTE 1B,0,4.56251622,-72.77359208,2062157.4924,5025104.24542,
1968,38,9,ACTIVA,1,LOTE 1B,0,4.56256897,-72.77366197,2062163.3192,5025096.49415,
1969,38,10,ACTIVA,1,LOTE 1B,0,4.56261869,-72.77372207,2062168.8106,5025089.82859,
1970,38,11,ACTIVA,1,LOTE 1B,0,4.56268207,-72.77379910,2062175.8107,5025081.28456,
1971,38,12,ACTIVA,1,LOTE 1B,0,4.56273233,-72.77387231,2062181.3621,5025073.16505,
1972,38,13,ACTIVA,1,LOTE 1B,0,4.56278970,-72.77394115,2062187.6984,5025065.52994,
1973,38,14,ACTIVA,1,LOTE 1B,0,4.56284434,-72.77401655,2062193.7326,5025057.16796,
1974,38,15,ACTIVA,1,LOTE 1B,0,4.56290116,-72.77408539,2062200.0086,5025049.53287,
1975,38,16,ACTIVA,1,LOTE 1B,0,4.56295743,-72.77415150,2062206.2242,5025042.20070,
1976,38,17,ACTIVA,1,LOTE 1B,0,4.56300606,-72.77421815,2062211.5947,5025034.80822,
1977,38,18,ACTIVA,1,LOTE 1B,0,4.56306561,-72.77429519,2062218.1722,5025026.26434,
1978,38,19,ACTIVA,1,LOTE 1B,0,4.56311915,-72.77436840,2062224.0858,5025018.14472,
1979,38,20,ACTIVA,1,LOTE 1B,0,4.56317519,-72.77443584,2062230.2750,5025010.66490,
1980,38,21,ACTIVA,1,LOTE 1B,0,4.56323580,-72.77451011,2062236.9696,5025002.42767,
1981,38,22,ACTIVA,1,LOTE 1B,0,4.56328702,-72.77457328,2062242.6270,5024995.42131,
1982,38,23,ACTIVA,1,LOTE 1B,0,4.56333883,-72.77464222,2062248.3490,5024987.77599,
1983,38,24,ACTIVA,1,LOTE 1B,0,4.56340285,-72.77472092,2062255.4207,5024979.04761,
1984,38,25,ACTIVA,1,LOTE 1B,0,4.56346021,-72.77478761,2062261.7559,5024971.65058,
1985,38,26,ACTIVA,1,LOTE 1B,0,4.56351890,-72.77485430,2062268.2385,5024964.25350,
1986,39,1,ACTIVA,1,LOTE 1B,0,4.56215275,-72.77301359,2062117.3519,5025168.40102,
1987,39,2,ERRADICADA,0,LOTE 1B,0,4.56221503,-72.77308549,2062124.2310,5025160.42673,
1988,39,3,ACTIVA,1,LOTE 1B,0,4.56227228,-72.77315418,2062130.5537,5025152.80805,
1989,39,4,ACTIVA,1,LOTE 1B,0,4.56232632,-72.77322333,2062136.5221,5025145.13871,
1990,39,5,ACTIVA,1,LOTE 1B,0,4.56238676,-72.77329844,2062143.1988,5025136.80904,
1991,39,6,ERRADICADA,0,LOTE 1B,0,4.56243714,-72.77336072,2062148.7626,5025129.90150,
1992,39,7,ACTIVA,1,LOTE 1B,0,4.56249438,-72.77343399,2062155.0851,5025121.77505,
1993,39,8,ACTIVA,1,LOTE 1B,0,4.56255163,-72.77350818,2062161.4076,5025113.54705,
1994,39,9,ACTIVA,1,LOTE 1B,0,4.56260718,-72.77357427,2062167.5438,5025106.21724,
1995,39,10,ACTIVA,1,LOTE 1B,0,4.56265441,-72.77364582,2062172.7594,5025098.28156,
1996,39,11,ACTIVA,1,LOTE 1B,0,4.56271451,-72.77371737,2062179.3982,5025090.34543,
1997,39,12,ACTIVA,1,LOTE 1B,0,4.56277176,-72.77378964,2062185.7208,5025082.33007,
1998,39,13,ACTIVA,1,LOTE 1B,0,4.56282184,-72.77385977,2062191.2528,5025074.55297,
1999,39,14,ACTIVA,1,LOTE 1B,0,4.56287694,-72.77392846,2062197.3382,5025066.93438,
2000,39,15,ACTIVA,1,LOTE 1B,0,4.56293848,-72.77400359,2062204.1350,5025058.60151,
2001,39,16,ACTIVA,1,LOTE 1B,0,4.56298851,-72.77406642,2062209.6610,5025051.63369,
2002,39,17,ACTIVA,1,LOTE 1B,0,4.56304163,-72.77413786,2062215.5281,5025043.71051,
2003,39,18,ACTIVA,1,LOTE 1B,0,4.56309733,-72.77421754,2062221.6796,5025034.87324,
2004,39,19,ACTIVA,1,LOTE 1B,0,4.56315386,-72.77428480,2062227.9233,5025027.41329,
2005,39,20,ACTIVA,1,LOTE 1B,0,4.56320681,-72.77434992,2062233.7717,5025020.19149,
2006,39,21,ACTIVA,1,LOTE 1B,0,4.56326620,-72.77442576,2062240.3313,5025011.77936,
2007,39,22,ACTIVA,1,LOTE 1B,0,4.56332327,-72.77449094,2062246.6351,5025004.55107,
2008,39,23,ACTIVA,1,LOTE 1B,0,4.56337868,-72.77456421,2062252.7552,5024996.42470,
2009,39,24,ACTIVA,1,LOTE 1B,0,4.56343149,-72.77462683,2062258.5879,5024989.47901,
2010,39,25,ACTIVA,1,LOTE 1B,0,4.56349302,-72.77470697,2062265.3846,5024980.59077,
2011,39,26,ACTIVA,1,LOTE 1B,0,4.56355242,-72.77477781,2062271.9443,5024972.73403,
2012,40,1,ACTIVA,1,LOTE 1B,0,4.56218573,-72.77293345,2062120.9979,5025177.28601,
2013,40,2,ACTIVA,1,LOTE 1B,0,4.56224709,-72.77300947,2062127.7757,5025168.85474,
2014,40,3,ACTIVA,1,LOTE 1B,0,4.56230307,-72.77307625,2062133.9593,5025161.44874,
2015,40,4,ACTIVA,1,LOTE 1B,0,4.56235791,-72.77314502,2062140.0163,5025153.82063,
2016,40,5,ACTIVA,1,LOTE 1B,0,4.56241745,-72.77321830,2062146.5918,5025145.69410,
2017,40,6,ACTIVA,1,LOTE 1B,0,4.56247377,-72.77328561,2062152.8133,5025138.22779,
2018,40,7,ERRADICADA,0,LOTE 1B,0,4.56252906,-72.77335649,2062158.9193,5025130.36749,
2019,40,8,ACTIVA,1,LOTE 1B,0,4.56257947,-72.77342302,2062164.4871,5025122.98873,
2020,40,9,ACTIVA,1,LOTE 1B,0,4.56264047,-72.77349490,2062171.2245,5025115.01652,
2021,40,10,ACTIVA,1,LOTE 1B,0,4.56268947,-72.77356267,2062176.6364,5025107.49969,
2022,40,11,ACTIVA,1,LOTE 1B,0,4.56274506,-72.77362935,2062182.7770,5025100.10451,
2023,40,12,ERRADICADA,0,LOTE 1B,0,4.56280324,-72.77371308,2062189.2022,5025090.81839,
2024,40,13,ACTIVA,1,LOTE 1B,0,4.56285404,-72.77377820,2062194.8134,5025083.59666,
2025,40,14,ACTIVA,1,LOTE 1B,0,4.56291272,-72.77385190,2062201.2941,5025075.42256,
2026,40,15,ACTIVA,1,LOTE 1B,0,4.56296925,-72.77392345,2062207.5376,5025067.48656,
2027,40,16,ACTIVA,1,LOTE 1B,0,4.56302434,-72.77398928,2062213.6231,5025060.18534,
2028,40,17,ACTIVA,1,LOTE 1B,0,4.56307515,-72.77405869,2062219.2342,5025052.48757,
2029,40,18,ACTIVA,1,LOTE 1B,0,4.56313454,-72.77412810,2062225.7940,5025044.78949,
2030,40,19,ACTIVA,1,LOTE 1B,0,4.56318677,-72.77419750,2062231.5632,5025037.09167,
2031,40,20,ACTIVA,1,LOTE 1B,0,4.56323972,-72.77427121,2062237.4113,5025028.91778,
2032,40,21,ACTIVA,1,LOTE 1B,0,4.56329196,-72.77433704,2062243.1807,5025021.61666,
2033,40,22,ACTIVA,1,LOTE 1B,0,4.56335492,-72.77441288,2062250.1356,5025013.20441,
2034,40,23,ACTIVA,1,LOTE 1B,0,4.56340859,-72.77448444,2062256.0628,5025005.26852,
2035,40,24,ACTIVA,1,LOTE 1B,0,4.56346512,-72.77454955,2062262.3066,5024998.04660,
2036,40,25,ACTIVA,1,LOTE 1B,0,4.56352522,-72.77462254,2062268.9453,5024989.95181,
2037,40,26,ACTIVA,1,LOTE 1B,0,4.56359105,-72.77469266,2062276.2167,5024982.17419,
2038,41,1,ACTIVA,1,LOTE 1B,0,4.56222419,-72.77284324,2062125.2515,5025187.28791,
2039,41,2,ACTIVA,1,LOTE 1B,0,4.56228418,-72.77291926,2062131.8775,5025178.85669,
2040,41,3,ACTIVA,1,LOTE 1B,0,4.56233776,-72.77299024,2062137.7953,5025170.98425,
2041,41,4,ACTIVA,1,LOTE 1B,0,4.56239272,-72.77305435,2062143.8651,5025163.87344,
2042,41,5,ACTIVA,1,LOTE 1B,0,4.56244492,-72.77312579,2062149.6310,5025155.95027,
2043,41,6,ACTIVA,1,LOTE 1B,0,4.56251030,-72.77320232,2062156.8521,5025147.46200,
2044,41,7,ACTIVA,1,LOTE 1B,0,4.56256042,-72.77327120,2062162.3874,5025139.82327,
2045,41,8,ERRADICADA,0,LOTE 1B,0,4.56261816,-72.77333714,2062168.7648,5025132.50925,
2046,41,9,ERRADICADA,0,LOTE 1B,0,4.56266681,-72.77340748,2062174.1381,5025124.70808,
2047,41,10,ACTIVA,1,LOTE 1B,0,4.56272367,-72.77347607,2062180.4183,5025117.10161,
2048,41,11,ACTIVA,1,LOTE 1B,0,4.56277789,-72.77355080,2062186.4068,5025108.81278,
2049,41,12,ACTIVA,1,LOTE 1B,0,4.56283485,-72.77362552,2062192.6984,5025100.52646,
2050,41,13,ACTIVA,1,LOTE 1B,0,4.56288604,-72.77369383,2062198.3516,5025092.95009,
2051,41,14,ACTIVA,1,LOTE 1B,0,4.56293971,-72.77376620,2062204.2793,5025084.92387,
2052,41,15,ACTIVA,1,LOTE 1B,0,4.56300210,-72.77383363,2062211.1709,5025077.44461,
2053,41,16,ACTIVA,1,LOTE 1B,0,4.56305749,-72.77390661,2062217.2890,5025069.35073,
2054,41,17,ACTIVA,1,LOTE 1B,0,4.56311078,-72.77397300,2062223.1745,5025061.98813,
2055,41,18,ACTIVA,1,LOTE 1B,0,4.56316299,-72.77404444,2062228.9405,5025054.06498,
2056,41,19,ERRADICADA,0,LOTE 1B,0,4.56322112,-72.77411951,2062235.3610,5025045.73858,
2057,41,20,ACTIVA,1,LOTE 1B,0,4.56327335,-72.77419178,2062241.1301,5025037.72339,
2058,41,21,ACTIVA,1,LOTE 1B,0,4.56332917,-72.77425904,2062247.2946,5025030.26347,
2059,41,22,ACTIVA,1,LOTE 1B,0,4.56338945,-72.77432814,2062253.9533,5025022.60008,
2060,41,23,ACTIVA,1,LOTE 1B,0,4.56344312,-72.77439745,2062259.8806,5025014.91213,
2061,41,24,ACTIVA,1,LOTE 1B,0,4.56349902,-72.77446677,2062266.0550,5025007.22411,
2062,41,25,ACTIVA,1,LOTE 1B,0,4.56355671,-72.77453667,2062272.4271,5024999.47156,
2063,41,26,ACTIVA,1,LOTE 1B,0,4.56362254,-72.77461252,2062279.6983,5024991.05921,
2064,42,1,ACTIVA,1,LOTE 1B,0,4.56225559,-72.77276597,2062128.7229,5025195.85446,
2065,42,2,ACTIVA,1,LOTE 1B,0,4.56231080,-72.77283644,2062134.8212,5025188.03868,
2066,42,3,ACTIVA,1,LOTE 1B,0,4.56237037,-72.77290618,2062141.4012,5025180.30330,
2067,42,4,ACTIVA,1,LOTE 1B,0,4.56242559,-72.77298029,2062147.4995,5025172.08474,
2068,42,5,ACTIVA,1,LOTE 1B,0,4.56247935,-72.77304858,2062153.4373,5025164.51067,
2069,42,6,ACTIVA,1,LOTE 1B,0,4.56254070,-72.77311694,2062160.2140,5025156.92848,
2070,42,7,ACTIVA,1,LOTE 1B,0,4.56259434,-72.77318462,2062166.1381,5025149.42176,
2071,42,8,ACTIVA,1,LOTE 1B,0,4.56264925,-72.77325614,2062172.2032,5025141.49019,
2072,42,9,ACTIVA,1,LOTE 1B,0,4.56270352,-72.77332638,2062178.1977,5025133.70025,
2073,42,10,ERRADICADA,0,LOTE 1B,0,4.56276035,-72.77340044,2062184.4744,5025125.48542,
2074,42,11,ACTIVA,1,LOTE 1B,0,4.56281463,-72.77346430,2062190.4692,5025118.40348,
2075,42,12,ACTIVA,1,LOTE 1B,0,4.56286635,-72.77353517,2062196.1815,5025110.54283,
2076,42,13,ACTIVA,1,LOTE 1B,0,4.56292701,-72.77360924,2062202.8814,5025102.32787,
2077,42,14,ACTIVA,1,LOTE 1B,0,4.56297937,-72.77367884,2062208.6644,5025094.60880,
2078,42,15,ACTIVA,1,LOTE 1B,0,4.56303236,-72.77374780,2062214.5179,5025086.96051,
2079,42,16,ACTIVA,1,LOTE 1B,0,4.56309115,-72.77382035,2062221.0106,5025078.91377,
2080,42,17,ACTIVA,1,LOTE 1B,0,4.56314303,-72.77389319,2062226.7405,5025070.83629,
2081,42,18,ACTIVA,1,LOTE 1B,0,4.56319691,-72.77396402,2062232.6910,5025062.98000,
2082,42,19,ACTIVA,1,LOTE 1B,0,4.56325577,-72.77404085,2062239.1924,5025054.45978,
2083,42,20,ACTIVA,1,LOTE 1B,0,4.56330865,-72.77410270,2062245.0330,5025047.59916,
2084,42,21,ACTIVA,1,LOTE 1B,0,4.56336631,-72.77416987,2062251.4025,5025040.14984,
2085,42,22,ACTIVA,1,LOTE 1B,0,4.56342314,-72.77424649,2062257.6790,5025031.65182,
2086,42,23,ACTIVA,1,LOTE 1B,0,4.56347742,-72.77431928,2062263.6735,5025023.57869,
2087,42,24,ACTIVA,1,LOTE 1B,0,4.56352658,-72.77438314,2062269.1039,5025016.49695,
2088,42,25,ACTIVA,1,LOTE 1B,0,4.56359235,-72.77444954,2062276.3685,5025009.13143,
2089,42,26,ACTIVA,1,LOTE 1B,0,4.56365748,-72.77453064,2062283.5621,5025000.13753,
2090,43,1,ACTIVA,1,LOTE 1B,0,4.56228401,-72.77269551,2062131.8664,5025203.66576,
2091,43,2,ACTIVA,1,LOTE 1B,0,4.56235233,-72.77274085,2062139.4140,5025198.63654,
2092,43,3,ACTIVA,1,LOTE 1B,0,4.56240789,-72.77281811,2062145.5494,5025190.06774,
2093,43,4,ACTIVA,1,LOTE 1B,0,4.56246408,-72.77289409,2062151.7554,5025181.64052,
2094,43,5,ACTIVA,1,LOTE 1B,0,4.56251644,-72.77296752,2062157.5382,5025173.49664,
2095,43,6,ACTIVA,1,LOTE 1B,0,4.56257715,-72.77303685,2062164.2441,5025165.80742,
2096,43,7,ACTIVA,1,LOTE 1B,0,4.56262822,-72.77310588,2062169.8846,5025158.15172,
2097,43,8,ACTIVA,1,LOTE 1B,0,4.56268265,-72.77317771,2062175.8970,5025150.18477,
2098,43,9,ACTIVA,1,LOTE 1B,0,4.56273429,-72.77324337,2062181.5996,5025142.90241,
2099,43,10,ACTIVA,1,LOTE 1B,0,4.56279939,-72.77331072,2062188.7903,5025135.43291,
2100,43,11,ERRADICADA,0,LOTE 1B,0,4.56284484,-72.77338255,2062193.8106,5025127.46627,
2101,43,12,ACTIVA,1,LOTE 1B,0,4.56290265,-72.77345102,2062200.1952,5025119.87257,
2102,43,13,ACTIVA,1,LOTE 1B,0,4.56296045,-72.77352678,2062206.5795,5025111.46992,
2103,43,14,ACTIVA,1,LOTE 1B,0,4.56301433,-72.77360086,2062212.5299,5025103.25409,
2104,43,15,ACTIVA,1,LOTE 1B,0,4.56306483,-72.77366203,2062218.1086,5025096.46960,
2105,43,16,ACTIVA,1,LOTE 1B,0,4.56312601,-72.77373780,2062224.8650,5025088.06684,
2106,43,17,ACTIVA,1,LOTE 1B,0,4.56317595,-72.77380682,2062230.3814,5025080.41119,
2107,43,18,ACTIVA,1,LOTE 1B,0,4.56323151,-72.77387361,2062236.5181,5025073.00425,
2108,43,19,ACTIVA,1,LOTE 1B,0,4.56329030,-72.77394611,2062243.0110,5025064.96327,
2109,43,20,ACTIVA,1,LOTE 1B,0,4.56334291,-72.77402152,2062248.8218,5025056.59970,
2110,43,21,ACTIVA,1,LOTE 1B,0,4.56339465,-72.77408729,2062254.5360,5025049.30569,
2111,43,22,ACTIVA,1,LOTE 1B,0,4.56344638,-72.77415744,2062260.2501,5025041.52553,
2112,43,23,ACTIVA,1,LOTE 1B,0,4.56351390,-72.77423636,2062267.7079,5025032.77253,
2113,43,24,ACTIVA,1,LOTE 1B,0,4.56356389,-72.77430124,2062273.2283,5025025.57581,
2114,43,25,ACTIVA,1,LOTE 1B,0,4.56362043,-72.77436578,2062279.4736,5025018.41776,
2115,43,26,ACTIVA,1,LOTE 1B,0,4.56369563,-72.77444379,2062287.7801,5025009.76562,
2116,44,1,ACTIVA,1,LOTE 1B,0,4.56238241,-72.77266870,2062142.7397,5025206.63512,
2117,44,2,ACTIVA,1,LOTE 1B,0,4.56244527,-72.77273268,2062149.6825,5025199.53905,
2118,44,3,ACTIVA,1,LOTE 1B,0,4.56249858,-72.77280058,2062155.5710,5025192.00772,
2119,44,4,ACTIVA,1,LOTE 1B,0,4.56255317,-72.77287878,2062161.6002,5025183.33561,
2120,44,5,ACTIVA,1,LOTE 1B,0,4.56260249,-72.77294981,2062167.0478,5025175.45828,
2121,44,6,ACTIVA,1,LOTE 1B,0,4.56266810,-72.77302379,2062174.2937,5025167.25224,
2122,44,7,ACTIVA,1,LOTE 1B,0,4.56271446,-72.77309087,2062179.4145,5025159.81256,
2123,44,8,ERRADICADA,0,LOTE 1B,0,4.56276853,-72.77316449,2062185.3865,5025151.64794,
2124,44,9,ACTIVA,1,LOTE 1B,0,4.56282788,-72.77323231,2062191.9412,5025144.12577,
2125,44,10,ACTIVA,1,LOTE 1B,0,4.56287951,-72.77329859,2062197.6445,5025136.77478,
2126,44,11,ERRADICADA,0,LOTE 1B,0,4.56293346,-72.77336950,2062203.6030,5025128.91097,
2127,44,12,ERRADICADA,0,LOTE 1B,0,4.56298972,-72.77344425,2062209.8169,5025120.61981,
2128,44,13,ACTIVA,1,LOTE 1B,0,4.56304676,-72.77351285,2062216.1161,5025113.01227,
2129,44,14,ACTIVA,1,LOTE 1B,0,4.56310302,-72.77357913,2062222.3303,5025105.66112,
2130,44,15,ACTIVA,1,LOTE 1B,0,4.56315465,-72.77365080,2062228.0333,5025097.71195,
2131,44,16,ACTIVA,1,LOTE 1B,0,4.56320937,-72.77372093,2062234.0770,5025089.93358,
2132,44,17,ACTIVA,1,LOTE 1B,0,4.56326717,-72.77379261,2062240.4613,5025081.98419,
2133,44,18,ACTIVA,1,LOTE 1B,0,4.56332035,-72.77386428,2062246.3346,5025074.03496,
2134,44,19,ACTIVA,1,LOTE 1B,0,4.56337661,-72.77393750,2062252.5486,5025065.91472,
2135,44,20,ACTIVA,1,LOTE 1B,0,4.56343056,-72.77400378,2062258.5073,5025058.56366,
2136,44,21,ACTIVA,1,LOTE 1B,0,4.56348914,-72.77407237,2062264.9768,5025050.95608,
2137,44,22,ACTIVA,1,LOTE 1B,0,4.56354410,-72.77414910,2062271.0469,5025042.44599,
2138,44,23,ACTIVA,1,LOTE 1B,0,4.56359949,-72.77421774,2062277.1652,5025034.83318,
2139,44,24,ACTIVA,1,LOTE 1B,0,4.56365729,-72.77428879,2062283.5495,5025026.95323,
2140,44,25,ACTIVA,1,LOTE 1B,0,4.56371822,-72.77435852,2062290.2790,5025019.22016,
2141,45,1,ACTIVA,1,LOTE 1B,0,4.56242147,-72.77257839,2062147.0590,5025216.64745,
2142,45,2,ACTIVA,1,LOTE 1B,0,4.56247178,-72.77264103,2062152.6159,5025209.69985,
2143,45,3,ACTIVA,1,LOTE 1B,0,4.56252962,-72.77271903,2062159.0034,5025201.04970,
2144,45,4,ACTIVA,1,LOTE 1B,0,4.56258742,-72.77279456,2062165.3875,5025192.67302,
2145,45,5,ACTIVA,1,LOTE 1B,0,4.56263674,-72.77285929,2062170.8353,5025185.49302,
2146,45,6,ACTIVA,1,LOTE 1B,0,4.56270065,-72.77294241,2062177.8936,5025176.27524,
2147,45,7,ACTIVA,1,LOTE 1B,0,4.56274998,-72.77301097,2062183.3413,5025168.67137,
2148,45,8,ACTIVA,1,LOTE 1B,0,4.56279782,-72.77307065,2062188.6258,5025162.05201,
2149,45,9,ACTIVA,1,LOTE 1B,0,4.56285997,-72.77315056,2062195.4900,5025153.18980,
2150,45,10,ACTIVA,1,LOTE 1B,0,4.56291166,-72.77321503,2062201.1995,5025146.03870,
2151,45,11,ACTIVA,1,LOTE 1B,0,4.56296848,-72.77328480,2062207.4755,5025138.30114,
2152,45,12,ACTIVA,1,LOTE 1B,0,4.56302404,-72.77335235,2062213.6121,5025130.80863,
2153,45,13,ERRADICADA,0,LOTE 1B,0,4.56307853,-72.77343353,2062219.6296,5025121.80545,
2154,45,14,ACTIVA,1,LOTE 1B,0,4.56313224,-72.77350125,2062225.5621,5025114.29455,
2155,45,15,ACTIVA,1,LOTE 1B,0,4.56318600,-72.77356587,2062231.5004,5025107.12808,
2156,45,16,ACTIVA,1,LOTE 1B,0,4.56324914,-72.77364183,2062238.4739,5025098.70337,
2157,45,17,ACTIVA,1,LOTE 1B,0,4.56330263,-72.77370937,2062244.3814,5025091.21217,
2158,45,18,ACTIVA,1,LOTE 1B,0,4.56335503,-72.77377951,2062250.1697,5025083.43389,
2159,45,19,ACTIVA,1,LOTE 1B,0,4.56341284,-72.77385118,2062256.5540,5025075.48450,
2160,45,20,ACTIVA,1,LOTE 1B,0,4.56346910,-72.77392363,2062262.7679,5025067.44972,
2161,45,21,ACTIVA,1,LOTE 1B,0,4.56351765,-72.77399530,2062268.1303,5025059.50065,
2162,45,22,ACTIVA,1,LOTE 1B,0,4.56357777,-72.77406466,2062274.7702,5025051.80756,
2163,45,23,ACTIVA,1,LOTE 1B,0,4.56363437,-72.77413409,2062281.0217,5025044.10775,
2164,45,24,ACTIVA,1,LOTE 1B,0,4.56369060,-72.77420265,2062287.2324,5025036.50367,
2165,45,25,ACTIVA,1,LOTE 1B,0,4.56374584,-72.77426825,2062293.3342,5025029.22777,
2166,46,1,ACTIVA,1,LOTE 1B,0,4.56244946,-72.77249707,2062150.1548,5025225.66377,
2167,46,2,ACTIVA,1,LOTE 1B,0,4.56250341,-72.77256103,2062156.1135,5025218.56905,
2168,46,3,ACTIVA,1,LOTE 1B,0,4.56256661,-72.77263271,2062163.0939,5025210.61946,
2169,46,4,ACTIVA,1,LOTE 1B,0,4.56262595,-72.77269899,2062169.6487,5025203.26819,
2170,46,5,ACTIVA,1,LOTE 1B,0,4.56267402,-72.77276878,2062174.9567,5025195.52764,
2171,46,6,ACTIVA,1,LOTE 1B,0,4.56273222,-72.77284770,2062181.3850,5025186.77494,
2172,46,7,ACTIVA,1,LOTE 1B,0,4.56278703,-72.77291941,2062187.4388,5025178.82223,
2173,46,8,ACTIVA,1,LOTE 1B,0,4.56284175,-72.77298338,2062193.4828,5025171.72749,
2174,46,9,ACTIVA,1,LOTE 1B,0,4.56289185,-72.77305736,2062199.0154,5025163.52200,
2175,46,10,ACTIVA,1,LOTE 1B,0,4.56294811,-72.77313212,2062205.2293,5025155.23083,
2176,46,11,ACTIVA,1,LOTE 1B,0,4.56300360,-72.77320534,2062211.3580,5025147.11061,
2177,46,12,ACTIVA,1,LOTE 1B,0,4.56305523,-72.77327316,2062217.0612,5025139.58871,
2178,46,13,ACTIVA,1,LOTE 1B,0,4.56312151,-72.77335331,2062224.3819,5025130.69900,
2179,46,14,ERRADICADA,0,LOTE 1B,0,4.56316775,-72.77342036,2062229.4890,5025123.26275,
2180,46,15,ACTIVA,1,LOTE 1B,0,4.56322016,-72.77348818,2062235.2773,5025115.74083,
2181,46,16,ACTIVA,1,LOTE 1B,0,4.56328028,-72.77355755,2062241.9172,5025108.04772,
2182,46,17,ACTIVA,1,LOTE 1B,0,4.56332960,-72.77362922,2062247.3647,5025100.09863,
2183,46,18,ACTIVA,1,LOTE 1B,0,4.56338663,-72.77369858,2062253.6639,5025092.40564,
2184,46,19,ACTIVA,1,LOTE 1B,0,4.56344212,-72.77377103,2062259.7927,5025084.37088,
2185,46,20,ACTIVA,1,LOTE 1B,0,4.56349684,-72.77383885,2062265.8365,5025076.84888,
2186,46,21,ACTIVA,1,LOTE 1B,0,4.56355310,-72.77390975,2062272.0505,5025068.98500,
2187,46,22,ACTIVA,1,LOTE 1B,0,4.56360628,-72.77397835,2062277.9240,5025061.37761,
2188,46,23,ACTIVA,1,LOTE 1B,0,4.56366717,-72.77404925,2062284.6489,5025053.51357,
2189,46,24,ACTIVA,1,LOTE 1B,0,4.56372343,-72.77411784,2062290.8630,5025045.90607,
2190,46,25,ACTIVA,1,LOTE 1B,0,4.56377429,-72.77418258,2062296.4811,5025038.72603,
2191,47,1,ACTIVA,1,LOTE 1B,0,4.56247968,-72.77241167,2062153.4959,5025235.13122,
2192,47,2,ACTIVA,1,LOTE 1B,0,4.56253837,-72.77247876,2062159.9792,5025227.69110,
2193,47,3,ACTIVA,1,LOTE 1B,0,4.56260151,-72.77255521,2062166.9526,5025219.21168,
2194,47,4,ACTIVA,1,LOTE 1B,0,4.56265330,-72.77262377,2062172.6727,5025211.60772,
2195,47,5,ACTIVA,1,LOTE 1B,0,4.56270608,-72.77268937,2062178.5020,5025204.33189,
2196,47,6,ACTIVA,1,LOTE 1B,0,4.56276033,-72.77275843,2062184.4946,5025196.67316,
2197,47,7,ACTIVA,1,LOTE 1B,0,4.56282298,-72.77283291,2062191.4136,5025188.41253,
2198,47,8,ACTIVA,1,LOTE 1B,0,4.56287181,-72.77290344,2062196.8067,5025180.58992,
2199,47,9,ACTIVA,1,LOTE 1B,0,4.56292902,-72.77296066,2062203.1268,5025174.24369,
2200,47,10,ACTIVA,1,LOTE 1B,0,4.56298377,-72.77304254,2062209.1735,5025165.16297,
2201,47,11,ACTIVA,1,LOTE 1B,0,4.56303951,-72.77311850,2062215.3294,5025156.73851,
2202,47,12,ACTIVA,1,LOTE 1B,0,4.56308982,-72.77318311,2062220.8862,5025149.57215,
2203,47,13,ACTIVA,1,LOTE 1B,0,4.56315296,-72.77326154,2062227.8595,5025140.87398,
2204,47,14,ACTIVA,1,LOTE 1B,0,4.56320376,-72.77333306,2062233.4706,5025132.94192,
2205,47,15,ERRADICADA,0,LOTE 1B,0,4.56325654,-72.77340310,2062239.2997,5025125.17387,
2206,47,16,ERRADICADA,0,LOTE 1B,0,4.56330734,-72.77347511,2062244.9108,5025117.18712,
2207,47,17,ACTIVA,1,LOTE 1B,0,4.56336703,-72.77354466,2062251.5029,5025109.47353,
2208,47,18,ACTIVA,1,LOTE 1B,0,4.56341832,-72.77361322,2062257.1686,5025101.86961,
2209,47,19,ACTIVA,1,LOTE 1B,0,4.56347406,-72.77368178,2062263.3247,5025094.26554,
2210,47,20,ACTIVA,1,LOTE 1B,0,4.56353424,-72.77375478,2062269.9713,5025086.16908,
2211,47,21,ACTIVA,1,LOTE 1B,0,4.56358553,-72.77382729,2062275.6368,5025078.12764,
2212,47,22,ACTIVA,1,LOTE 1B,0,4.56363732,-72.77389141,2062281.3571,5025071.01593,
2213,47,23,ACTIVA,1,LOTE 1B,0,4.56369898,-72.77396244,2062288.1672,5025063.13820,
2214,47,24,ACTIVA,1,LOTE 1B,0,4.56375521,-72.77403495,2062294.3778,5025055.09658,
2215,47,25,ACTIVA,1,LOTE 1B,0,4.56380749,-72.77410055,2062300.1526,5025047.82078,
2216,48,1,ACTIVA,1,LOTE 1B,0,4.56251112,-72.77232751,2062156.9733,5025244.46189,
2217,48,2,ACTIVA,1,LOTE 1B,0,4.56256969,-72.77239688,2062163.4428,5025236.76883,
2218,48,3,ACTIVA,1,LOTE 1B,0,4.56262364,-72.77246547,2062169.4014,5025229.16138,
2219,48,4,ACTIVA,1,LOTE 1B,0,4.56269069,-72.77254100,2062176.8074,5025220.78437,
2220,48,5,ACTIVA,1,LOTE 1B,0,4.56274258,-72.77260404,2062182.5380,5025213.79228,
2221,48,6,ACTIVA,1,LOTE 1B,0,4.56279831,-72.77267507,2062188.6941,5025205.91473,
2222,48,7,ACTIVA,1,LOTE 1B,0,4.56285898,-72.77275004,2062195.3950,5025197.59948,
2223,48,8,ACTIVA,1,LOTE 1B,0,4.56290781,-72.77281910,2062200.7882,5025189.94094,
2224,48,9,ACTIVA,1,LOTE 1B,0,4.56296108,-72.77288618,2062206.6719,5025182.50102,
2225,48,10,ACTIVA,1,LOTE 1B,0,4.56302274,-72.77295030,2062213.4822,5025175.38895,
2226,48,11,ACTIVA,1,LOTE 1B,0,4.56307354,-72.77303514,2062219.0928,5025165.98022,
2227,48,12,ACTIVA,1,LOTE 1B,0,4.56312614,-72.77310361,2062224.9016,5025158.38650,
2228,48,13,ACTIVA,1,LOTE 1B,0,4.56317932,-72.77317836,2062230.7748,5025150.09544,
2229,48,14,ACTIVA,1,LOTE 1B,0,4.56323789,-72.77324387,2062237.2445,5025142.82967,
2230,48,15,ACTIVA,1,LOTE 1B,0,4.56329107,-72.77331555,2062243.1178,5025134.88044,
2231,48,16,ERRADICADA,0,LOTE 1B,0,4.56334319,-72.77339118,2062248.8748,5025126.49221,
2232,48,17,ERRADICADA,0,LOTE 1B,0,4.56340222,-72.77345779,2062255.3951,5025119.10460,
2233,48,18,ACTIVA,1,LOTE 1B,0,4.56345927,-72.77353143,2062261.6963,5025110.93715,
2234,48,19,ACTIVA,1,LOTE 1B,0,4.56351031,-72.77360378,2062267.3326,5025102.91303,
2235,48,20,ACTIVA,1,LOTE 1B,0,4.56356651,-72.77367549,2062273.5400,5025094.96036,
2236,48,21,ACTIVA,1,LOTE 1B,0,4.56362013,-72.77373998,2062279.4621,5025087.80714,
2237,48,22,ACTIVA,1,LOTE 1B,0,4.56367511,-72.77380985,2062285.5354,5025080.05794,
2238,48,23,ACTIVA,1,LOTE 1B,0,4.56373492,-72.77388197,2062292.1415,5025072.05899,
2239,48,24,ACTIVA,1,LOTE 1B,0,4.56378931,-72.77394886,2062298.1489,5025064.64089,
2240,48,25,ACTIVA,1,LOTE 1B,0,4.56384076,-72.77402089,2062303.8312,5025056.65241,
2241,49,1,ACTIVA,1,LOTE 1B,0,4.56260086,-72.77230865,2062166.8900,5025246.54986,
2242,49,2,ACTIVA,1,LOTE 1B,0,4.56266140,-72.77237747,2062173.5768,5025238.91791,
2243,49,3,ACTIVA,1,LOTE 1B,0,4.56272194,-72.77245380,2062180.2632,5025230.45210,
2244,49,4,ACTIVA,1,LOTE 1B,0,4.56277383,-72.77252261,2062185.9943,5025222.82045,
2245,49,5,ACTIVA,1,LOTE 1B,0,4.56282986,-72.77259067,2062192.1825,5025215.27204,
2246,49,6,ACTIVA,1,LOTE 1B,0,4.56288356,-72.77265910,2062198.1136,5025207.68203,
2247,49,7,ACTIVA,1,LOTE 1B,0,4.56293996,-72.77273137,2062204.3432,5025199.66717,
2248,49,8,ACTIVA,1,LOTE 1B,0,4.56299519,-72.77280011,2062210.4431,5025192.04323,
2249,49,9,ACTIVA,1,LOTE 1B,0,4.56305041,-72.77287296,2062216.5428,5025183.96327,
2250,49,10,ACTIVA,1,LOTE 1B,0,4.56310564,-72.77294640,2062222.6425,5025175.81816,
2251,49,11,ACTIVA,1,LOTE 1B,0,4.56316028,-72.77301867,2062228.6773,5025167.80337,
2252,49,12,ACTIVA,1,LOTE 1B,0,4.56321492,-72.77308976,2062234.7122,5025159.91887,
2253,49,13,ACTIVA,1,LOTE 1B,0,4.56327254,-72.77316346,2062241.0757,5025151.74519,
2254,49,14,ACTIVA,1,LOTE 1B,0,4.56332119,-72.77323322,2062246.4492,5025144.00748,
2255,49,15,ACTIVA,1,LOTE 1B,0,4.56337719,-72.77330299,2062252.6343,5025136.26951,
2256,49,16,ACTIVA,1,LOTE 1B,0,4.56343778,-72.77338561,2062259.3260,5025127.10633,
2257,49,17,ERRADICADA,0,LOTE 1B,0,4.56349014,-72.77345325,2062265.1096,5025119.60514,
2258,49,18,ACTIVA,1,LOTE 1B,0,4.56354217,-72.77351630,2062270.8566,5025112.61193,
2259,49,19,ACTIVA,1,LOTE 1B,0,4.56359975,-72.77359033,2062277.2159,5025104.40161,
2260,49,20,ACTIVA,1,LOTE 1B,0,4.56365380,-72.77366201,2062283.1859,5025096.45199,
2261,49,21,ACTIVA,1,LOTE 1B,0,4.56370609,-72.77372840,2062288.9612,5025089.08875,
2262,49,22,ACTIVA,1,LOTE 1B,0,4.56376367,-72.77379420,2062295.3209,5025081.79047,
2263,49,23,ACTIVA,1,LOTE 1B,0,4.56382301,-72.77387175,2062301.8749,5025073.18922,
2264,49,24,ACTIVA,1,LOTE 1B,0,4.56387932,-72.77393718,2062308.0944,5025065.93268,
2265,50,1,ACTIVA,1,LOTE 1B,0,4.56264313,-72.77221036,2062171.5634,5025257.44707,
2266,50,2,ACTIVA,1,LOTE 1B,0,4.56270093,-72.77227881,2062177.9479,5025249.85505,
2267,50,3,ACTIVA,1,LOTE 1B,0,4.56276178,-72.77236476,2062184.6680,5025240.32326,
2268,50,4,ACTIVA,1,LOTE 1B,0,4.56281045,-72.77243093,2062190.0441,5025232.98456,
2269,50,5,ACTIVA,1,LOTE 1B,0,4.56286522,-72.77250014,2062196.0925,5025225.30832,
2270,50,6,ACTIVA,1,LOTE 1B,0,4.56291617,-72.77256707,2062201.7207,5025217.88522,
2271,50,7,ACTIVA,1,LOTE 1B,0,4.56297626,-72.77264693,2062208.3570,5025209.02813,
2272,50,8,ACTIVA,1,LOTE 1B,0,4.56302798,-72.77271919,2062214.0691,5025201.01466,
2273,50,9,ACTIVA,1,LOTE 1B,0,4.56308046,-72.77278688,2062219.8654,5025193.50717,
2274,50,10,ACTIVA,1,LOTE 1B,0,4.56313978,-72.77285989,2062226.4178,5025185.40911,
2275,50,11,ACTIVA,1,LOTE 1B,0,4.56319150,-72.77292911,2062232.1300,5025177.73298,
2276,50,12,ACTIVA,1,LOTE 1B,0,4.56325159,-72.77299984,2062238.7666,5025169.88790,
2277,50,13,ACTIVA,1,LOTE 1B,0,4.56330863,-72.77308274,2062245.0666,5025160.69359,
2278,50,14,ACTIVA,1,LOTE 1B,0,4.56335731,-72.77315119,2062250.4427,5025153.10191,
2279,50,15,ACTIVA,1,LOTE 1B,0,4.56341131,-72.77321964,2062256.4071,5025145.51004,
2280,50,16,ACTIVA,1,LOTE 1B,0,4.56346531,-72.77328886,2062262.3714,5025137.83383,
2281,50,17,ACTIVA,1,LOTE 1B,0,4.56352539,-72.77336263,2062269.0079,5025129.65142,
2282,50,18,ERRADICADA,0,LOTE 1B,0,4.56358247,-72.77343057,2062275.3117,5025122.11680,
2283,50,19,ACTIVA,1,LOTE 1B,0,4.56363035,-72.77349878,2062280.6004,5025114.55213,
2284,50,20,ACTIVA,1,LOTE 1B,0,4.56368892,-72.77357787,2062287.0687,5025105.77945,
2285,50,21,ACTIVA,1,LOTE 1B,0,4.56374520,-72.77364481,2062293.2852,5025098.35617,
2286,50,22,ACTIVA,1,LOTE 1B,0,4.56379616,-72.77371098,2062298.9135,5025091.01741,
2287,50,23,ACTIVA,1,LOTE 1B,0,4.56385700,-72.77378737,2062305.6339,5025082.54488,
2288,50,24,ACTIVA,1,LOTE 1B,0,4.56390909,-72.77385795,2062311.3864,5025074.71695,
2289,51,1,ACTIVA,1,LOTE 1B,0,4.56263765,-72.77212457,2062170.9613,5025266.96006,
2290,51,3,ACTIVA,1,LOTE 1B,0,4.56273257,-72.77220732,2062181.4464,5025257.78127,
2291,51,4,ACTIVA,1,LOTE 1B,0,4.56278320,-72.77227839,2062187.0375,5025249.89940,
2292,51,5,ACTIVA,1,LOTE 1B,0,4.56284161,-72.77234800,2062193.4893,5025242.17918,
2293,51,6,ACTIVA,1,LOTE 1B,0,4.56289013,-72.77242335,2062198.8479,5025233.82242,
2294,51,7,ACTIVA,1,LOTE 1B,0,4.56294433,-72.77249033,2062204.8350,5025226.39380,
2295,51,8,ACTIVA,1,LOTE 1B,0,4.56300857,-72.77256607,2062211.9298,5025217.99331,
2296,51,9,ACTIVA,1,LOTE 1B,0,4.56306065,-72.77263616,2062217.6823,5025210.21934,
2297,51,10,ACTIVA,1,LOTE 1B,0,4.56311614,-72.77270723,2062223.8113,5025202.33731,
2298,51,11,ACTIVA,1,LOTE 1B,0,4.56317261,-72.77278268,2062230.0476,5025193.96948,
2299,51,12,ACTIVA,1,LOTE 1B,0,4.56322080,-72.77285131,2062235.3699,5025186.35757,
2300,51,13,ACTIVA,1,LOTE 1B,0,4.56327921,-72.77292043,2062241.8217,5025178.69133,
2301,51,14,ACTIVA,1,LOTE 1B,0,4.56333324,-72.77299150,2062247.7893,5025170.80935,
2302,51,15,ACTIVA,1,LOTE 1B,0,4.56339214,-72.77306403,2062254.2947,5025162.76528,
2303,51,16,ACTIVA,1,LOTE 1B,0,4.56344457,-72.77313547,2062260.0856,5025154.84217,
2304,51,17,ACTIVA,1,LOTE 1B,0,4.56349065,-72.77320920,2062265.1745,5025146.66572,
2305,51,18,ACTIVA,1,LOTE 1B,0,4.56355339,-72.77328009,2062272.1042,5025138.80311,
2306,51,19,ACTIVA,1,LOTE 1B,0,4.56360372,-72.77335240,2062277.6631,5025130.78373,
2307,51,20,ERRADICADA,0,LOTE 1B,0,4.56366691,-72.77342371,2062284.6428,5025122.87424,
2308,51,21,ERRADICADA,0,LOTE 1B,0,4.56371693,-72.77348933,2062290.1668,5025115.59693,
2309,51,22,ACTIVA,1,LOTE 1B,0,4.56377383,-72.77356274,2062296.4511,5025107.45446,
2310,51,23,ACTIVA,1,LOTE 1B,0,4.56382918,-72.77362807,2062302.5645,5025100.20877,
2311,51,24,ACTIVA,1,LOTE 1B,0,4.56388797,-72.77370694,2062309.0578,5025091.46206,
2312,51,25,ACTIVA,1,LOTE 1B,0,4.56393959,-72.77377576,2062314.7592,5025083.82856,
2313,52,1,ACTIVA,1,LOTE 1B,0,4.56266845,-72.77203797,2062174.3672,5025276.56100,
2314,52,3,ACTIVA,1,LOTE 1B,0,4.56276343,-72.77212745,2062184.8591,5025266.63644,
2315,52,4,ACTIVA,1,LOTE 1B,0,4.56282125,-72.77219811,2062191.2448,5025258.79918,
2316,52,5,ACTIVA,1,LOTE 1B,0,4.56287401,-72.77227199,2062197.0728,5025250.60595,
2317,52,6,ACTIVA,1,LOTE 1B,0,4.56292999,-72.77233944,2062203.2559,5025243.12491,
2318,52,7,ACTIVA,1,LOTE 1B,0,4.56298011,-72.77240954,2062208.7906,5025235.35048,
2319,52,8,ACTIVA,1,LOTE 1B,0,4.56303661,-72.77248320,2062215.0315,5025227.18111,
2320,52,9,ACTIVA,1,LOTE 1B,0,4.56309362,-72.77255686,2062221.3282,5025219.01172,
2321,52,10,ACTIVA,1,LOTE 1B,0,4.56314559,-72.77262497,2062227.0676,5025211.45786,
2322,52,11,ACTIVA,1,LOTE 1B,0,4.56319503,-72.77269863,2062232.5281,5025203.28873,
2323,52,12,ACTIVA,1,LOTE 1B,0,4.56325654,-72.77277436,2062239.3220,5025194.88871,
2324,52,13,ACTIVA,1,LOTE 1B,0,4.56331460,-72.77283838,2062245.7350,5025187.78888,
2325,52,14,ACTIVA,1,LOTE 1B,0,4.56336556,-72.77291254,2062251.3627,5025179.56377,
2326,52,15,ACTIVA,1,LOTE 1B,0,4.56342509,-72.77298317,2062257.9382,5025171.72994,
2327,52,16,ACTIVA,1,LOTE 1B,0,4.56347504,-72.77305633,2062263.4545,5025163.61675,
2328,52,17,ACTIVA,1,LOTE 1B,0,4.56352934,-72.77311766,2062269.4519,5025156.81452,
2329,52,18,ACTIVA,1,LOTE 1B,0,4.56359555,-72.77320122,2062276.7656,5025147.54698,
2330,52,19,ACTIVA,1,LOTE 1B,0,4.56364679,-72.77326665,2062282.4250,5025140.29034,
2331,52,20,ACTIVA,1,LOTE 1B,0,4.56370040,-72.77333365,2062288.3457,5025132.85880,
2332,52,21,ACTIVA,1,LOTE 1B,0,4.56375756,-72.77340999,2062294.6597,5025124.39224,
2333,52,22,ERRADICADA,0,LOTE 1B,0,4.56381320,-72.77348633,2062300.8046,5025115.92530,
2334,52,23,ACTIVA,1,LOTE 1B,0,4.56385948,-72.77354924,2062305.9154,5025108.94897,
2335,52,24,ACTIVA,1,LOTE 1B,0,4.56391901,-72.77361482,2062312.4911,5025101.67456,
2336,52,25,ACTIVA,1,LOTE 1B,0,4.56398258,-72.77368899,2062319.5125,5025093.44902,
2337,53,1,ACTIVA,1,LOTE 1B,0,4.56269622,-72.77194687,2062177.4391,5025286.66164,
2338,53,2,ACTIVA,1,LOTE 1B,0,4.56276051,-72.77201633,2062184.5404,5025278.95792,
2339,53,3,ACTIVA,1,LOTE 1B,0,4.56279610,-72.77207430,2062188.4708,5025272.52817,
2340,53,4,ACTIVA,1,LOTE 1B,0,4.56284949,-72.77212941,2062194.3675,5025266.41604,
2341,53,5,ACTIVA,1,LOTE 1B,0,4.56289656,-72.77219313,2062199.5662,5025259.34940,
2342,53,6,ACTIVA,1,LOTE 1B,0,4.56295683,-72.77226947,2062206.2233,5025250.88204,
2343,53,7,ACTIVA,1,LOTE 1B,0,4.56300925,-72.77233328,2062212.0131,5025243.80503,
2344,53,8,ACTIVA,1,LOTE 1B,0,4.56306215,-72.77240786,2062217.8559,5025235.53397,
2345,53,9,ACTIVA,1,LOTE 1B,0,4.56312157,-72.77247957,2062224.4192,5025227.58092,
2346,53,10,ACTIVA,1,LOTE 1B,0,4.56317668,-72.77254386,2062230.5059,5025220.45036,
2347,53,11,ACTIVA,1,LOTE 1B,0,4.56322490,-72.77261618,2062235.8312,5025212.42896,
2348,53,12,ACTIVA,1,LOTE 1B,0,4.56328517,-72.77269712,2062242.4881,5025203.45242,
2349,53,13,ACTIVA,1,LOTE 1B,0,4.56334315,-72.77276428,2062248.8918,5025196.00352,
2350,53,14,ACTIVA,1,LOTE 1B,0,4.56339366,-72.77283316,2062254.4709,5025188.36393,
2351,53,15,ACTIVA,1,LOTE 1B,0,4.56345680,-72.77290492,2062261.4452,5025180.40567,
2352,53,16,ACTIVA,1,LOTE 1B,0,4.56350847,-72.77297150,2062267.1513,5025173.02064,
2353,53,17,ACTIVA,1,LOTE 1B,0,4.56356472,-72.77303637,2062273.3647,5025165.82640,
2354,53,18,ACTIVA,1,LOTE 1B,1,4.56361524,-72.77311709,2062278.9434,5025156.87408,
2355,53,19,ACTIVA,1,LOTE 1B,0,4.56367354,-72.77318167,2062285.3829,5025149.71159,
2356,53,20,ACTIVA,1,LOTE 1B,0,4.56373004,-72.77325253,2062291.6239,5025141.85302,
2357,53,21,ACTIVA,1,LOTE 1B,0,4.56378475,-72.77332159,2062297.6668,5025134.19340,
2358,53,22,ACTIVA,1,LOTE 1B,0,4.56384284,-72.77339639,2062304.0825,5025125.89691,
2359,53,23,ERRADICADA,0,LOTE 1B,0,4.56389434,-72.77346354,2062309.7707,5025118.44941,
2360,53,24,ACTIVA,1,LOTE 1B,0,4.56395157,-72.77353313,2062316.0916,5025110.73155,
2361,53,25,ACTIVA,1,LOTE 1B,0,4.56401072,-72.77360330,2062322.6246,5025102.94911,
2362,54,1,ACTIVA,1,LOTE 1B,0,4.56272950,-72.77186352,2062181.1187,5025295.90247,
2363,54,2,ACTIVA,1,LOTE 1B,0,4.56279691,-72.77193575,2062188.5650,5025287.89127,
2364,54,3,ACTIVA,1,LOTE 1B,0,4.56285770,-72.77199775,2062195.2800,5025281.01488,
2365,54,4,ACTIVA,1,LOTE 1B,0,4.56288118,-72.77205733,2062197.8717,5025274.40677,
2366,54,5,ACTIVA,1,LOTE 1B,0,4.56293114,-72.77211813,2062203.3897,5025267.66424,
2367,54,6,ACTIVA,1,LOTE 1B,0,4.56298772,-72.77219457,2062209.6387,5025259.18624,
2368,54,7,ACTIVA,1,LOTE 1B,0,4.56303767,-72.77225356,2062215.1567,5025252.64394,
2369,54,8,ACTIVA,1,LOTE 1B,0,4.56309305,-72.77232338,2062221.2729,5025244.90013,
2370,54,9,ACTIVA,1,LOTE 1B,0,4.56314722,-72.77239741,2062227.2560,5025236.68918,
2371,54,10,ACTIVA,1,LOTE 1B,0,4.56320561,-72.77246784,2062233.7047,5025228.87852,
2372,54,11,ACTIVA,1,LOTE 1B,0,4.56325797,-72.77253525,2062239.4884,5025221.40178,
2373,54,12,ACTIVA,1,LOTE 1B,0,4.56331778,-72.77260782,2062246.0941,5025213.35348,
2374,54,13,ACTIVA,1,LOTE 1B,0,4.56337556,-72.77267947,2062252.4762,5025205.40670,
2375,54,14,ACTIVA,1,LOTE 1B,0,4.56343132,-72.77274652,2062258.6351,5025197.96988,
2376,54,15,ACTIVA,1,LOTE 1B,0,4.56348128,-72.77281454,2062264.1528,5025190.42649,
2377,54,16,ACTIVA,1,LOTE 1B,0,4.56354268,-72.77289038,2062270.9339,5025182.01507,
2378,54,17,ACTIVA,1,LOTE 1B,0,4.56359384,-72.77295839,2062276.5846,5025174.47163,
2379,54,18,ACTIVA,1,LOTE 1B,0,4.56364741,-72.77302942,2062282.5013,5025166.59441,
2380,54,19,ACTIVA,1,LOTE 1B,0,4.56371032,-72.77309897,2062289.4502,5025158.87972,
2381,54,20,ACTIVA,1,LOTE 1B,0,4.56376348,-72.77316985,2062295.3216,5025151.01853,
2382,54,21,ACTIVA,1,LOTE 1B,0,4.56381715,-72.77323346,2062301.2492,5025143.96355,
2383,54,22,ACTIVA,1,LOTE 1B,0,4.56387673,-72.77331292,2062307.8306,5025135.15177,
2384,54,23,ACTIVA,1,LOTE 1B,0,4.56393091,-72.77338033,2062313.8139,5025127.67497,
2385,54,24,ERRADICADA,0,LOTE 1B,0,4.56398869,-72.77345256,2062320.1961,5025119.66414,
2386,54,25,ERRADICADA,0,LOTE 1B,0,4.56404226,-72.77351877,2062326.1129,5025112.32085,
2387,55,1,ACTIVA,1,LOTE 1B,0,4.56276614,-72.77177766,2062185.1707,5025305.42103,
2388,55,2,ACTIVA,1,LOTE 1B,0,4.56282354,-72.77184777,2062191.5103,5025297.64511,
2389,55,3,ACTIVA,1,LOTE 1B,0,4.56289095,-72.77191878,2062198.9568,5025289.76974,
2390,55,4,ACTIVA,1,LOTE 1B,0,4.56294650,-72.77197697,2062205.0924,5025283.31536,
2391,55,5,ACTIVA,1,LOTE 1B,0,4.56296413,-72.77204172,2062207.0378,5025276.13494,
2392,55,6,ACTIVA,1,LOTE 1B,0,4.56302569,-72.77211442,2062213.8373,5025268.07238,
2393,55,7,ACTIVA,1,LOTE 1B,0,4.56307033,-72.77217145,2062218.7673,5025261.74670,
2394,55,8,ACTIVA,1,LOTE 1B,0,4.56312075,-72.77224337,2062224.3362,5025253.77105,
2395,55,9,ACTIVA,1,LOTE 1B,0,4.56318357,-72.77231941,2062231.2749,5025245.33669,
2396,55,10,ACTIVA,1,LOTE 1B,0,4.56323895,-72.77238637,2062237.3919,5025237.91079,
2397,55,11,ACTIVA,1,LOTE 1B,0,4.56329516,-72.77245167,2062243.6003,5025230.66818,
2398,55,12,ACTIVA,1,LOTE 1B,0,4.56334310,-72.77252689,2062248.8950,5025222.32600,
2399,55,13,ACTIVA,1,LOTE 1B,0,4.56340410,-72.77259910,2062255.6329,5025214.31699,
2400,55,14,ACTIVA,1,LOTE 1B,0,4.56345912,-72.77266629,2062261.7097,5025206.86545,
2401,55,15,ACTIVA,1,LOTE 1B,0,4.56351573,-72.77273559,2062267.9618,5025199.17921,
2402,55,16,ACTIVA,1,LOTE 1B,0,4.56357709,-72.77280859,2062274.7399,5025191.08221,
2403,55,17,ACTIVA,1,LOTE 1B,0,4.56363317,-72.77287736,2062280.9335,5025183.45465,
2404,55,18,ACTIVA,1,LOTE 1B,0,4.56368614,-72.77294432,2062286.7839,5025176.02885,
2405,55,19,ACTIVA,1,LOTE 1B,0,4.56374235,-72.77301706,2062292.9920,5025167.96135,
2406,55,20,ACTIVA,1,LOTE 1B,0,4.56379690,-72.77308980,2062299.0175,5025159.89392,
2407,55,21,ACTIVA,1,LOTE 1B,0,4.56385146,-72.77315510,2062305.0432,5025152.65137,
2408,55,22,ACTIVA,1,LOTE 1B,0,4.56391015,-72.77323363,2062311.5252,5025143.94222,
2409,55,23,ACTIVA,1,LOTE 1B,0,4.56396636,-72.77329810,2062317.7336,5025136.79126,
2410,55,24,ACTIVA,1,LOTE 1B,0,4.56401595,-72.77336423,2062323.2113,5025129.45724,
2411,55,25,ACTIVA,1,LOTE 1B,0,4.56407279,-72.77343760,2062329.4889,5025121.32007,
2412,56,1,ACTIVA,1,LOTE 1B,0,4.56279467,-72.77169659,2062188.3261,5025314.40969,
2413,56,2,ACTIVA,1,LOTE 1B,0,4.56285445,-72.77176113,2062194.9290,5025307.25126,
2414,56,3,ACTIVA,1,LOTE 1B,0,4.56292428,-72.77183361,2062202.6424,5025299.21259,
2415,56,4,ACTIVA,1,LOTE 1B,0,4.56298601,-72.77189124,2062209.4611,5025292.82032,
2416,56,5,ACTIVA,1,LOTE 1B,0,4.56304490,-72.77195528,2062215.9655,5025285.71692,
2417,56,6,ACTIVA,1,LOTE 1B,0,4.56305760,-72.77203781,2062217.3655,5025276.56575,
2418,56,7,ACTIVA,1,LOTE 1B,0,4.56309833,-72.77209018,2062221.8646,5025270.75713,
2419,56,8,ACTIVA,1,LOTE 1B,0,4.56315712,-72.77216071,2062228.3578,5025262.93517,
2420,56,9,ACTIVA,1,LOTE 1B,0,4.56321002,-72.77222766,2062234.2008,5025255.50935,
2421,56,10,ACTIVA,1,LOTE 1B,0,4.56327532,-72.77230784,2062241.4133,5025246.61664,
2422,56,11,ACTIVA,1,LOTE 1B,0,4.56332574,-72.77237149,2062246.9824,5025239.55753,
2423,56,12,ACTIVA,1,LOTE 1B,0,4.56337818,-72.77243616,2062252.7744,5025232.38470,
2424,56,13,ACTIVA,1,LOTE 1B,0,4.56344643,-72.77251446,2062260.3121,5025223.70087,
2425,56,14,ACTIVA,1,LOTE 1B,0,4.56349827,-72.77258164,2062266.0382,5025216.24943,
2426,56,15,ACTIVA,1,LOTE 1B,0,4.56354641,-72.77264936,2062271.3551,5025208.73947,
2427,56,16,ACTIVA,1,LOTE 1B,0,4.56360989,-72.77272871,2062278.3668,5025199.93849,
2428,56,17,ACTIVA,1,LOTE 1B,0,4.56366227,-72.77279325,2062284.1514,5025192.78033,
2429,56,18,ACTIVA,1,LOTE 1B,0,4.56371781,-72.77285991,2062290.2867,5025185.38743,
2430,56,19,ACTIVA,1,LOTE 1B,0,4.56377177,-72.77293080,2062296.2465,5025177.52532,
2431,56,20,ACTIVA,1,LOTE 1B,0,4.56383420,-72.77300327,2062303.1415,5025169.48694,
2432,56,21,ACTIVA,1,LOTE 1B,0,4.56388948,-72.77307327,2062309.2475,5025161.72377,
2433,56,22,ACTIVA,1,LOTE 1B,0,4.56394321,-72.77314022,2062315.1818,5025154.29794,
2434,56,23,ACTIVA,1,LOTE 1B,0,4.56400273,-72.77321544,2062321.7552,5025145.95538,
2435,56,24,ACTIVA,1,LOTE 1B,0,4.56405397,-72.77327661,2062327.4158,5025139.17121,
2436,56,25,ACTIVA,1,LOTE 1B,0,4.56410522,-72.77334687,2062333.0760,5025131.37886,
2437,57,1,ACTIVA,1,LOTE 1B,0,4.56283486,-72.77161919,2062192.7689,5025322.99068,
2438,57,2,ACTIVA,1,LOTE 1B,0,4.56289278,-72.77167711,2062199.1674,5025316.56563,
2439,57,3,ACTIVA,1,LOTE 1B,0,4.56296174,-72.77174516,2062206.7848,5025309.01871,
2440,57,4,ACTIVA,1,LOTE 1B,0,4.56301691,-72.77180952,2062212.8783,5025301.88010,
2441,57,5,ACTIVA,1,LOTE 1B,0,4.56306840,-72.77187296,2062218.5655,5025294.84356,
2442,57,6,ACTIVA,1,LOTE 1B,0,4.56314378,-72.77194310,2062226.8912,5025287.06352,
2443,57,7,ACTIVA,1,LOTE 1B,0,4.56312599,-72.77202575,2062224.9232,5025277.90018,
2444,57,8,ACTIVA,1,LOTE 1B,0,4.56319399,-72.77208120,2062232.4349,5025271.74983,
2445,57,9,ACTIVA,1,LOTE 1B,0,4.56324735,-72.77214501,2062238.3279,5025264.67200,
2446,57,10,ACTIVA,1,LOTE 1B,0,4.56330279,-72.77221824,2062244.4519,5025256.55010,
2447,57,11,ACTIVA,1,LOTE 1B,0,4.56335929,-72.77228415,2062250.6916,5025249.24017,
2448,57,12,ACTIVA,1,LOTE 1B,0,4.56341473,-72.77235320,2062256.8157,5025241.58227,
2449,57,13,ACTIVA,1,LOTE 1B,0,4.56347541,-72.77243062,2062263.5175,5025232.99619,
2450,57,14,ACTIVA,1,LOTE 1B,0,4.56352772,-72.77250175,2062269.2947,5025225.10641,
2451,57,15,ACTIVA,1,LOTE 1B,0,4.56358212,-72.77256871,2062275.3032,5025217.68055,
2452,57,16,ACTIVA,1,LOTE 1B,0,4.56363303,-72.77264240,2062280.9262,5025209.50726,
2453,57,17,ACTIVA,1,LOTE 1B,0,4.56369719,-72.77271217,2062288.0133,5025201.76941,
2454,57,18,ACTIVA,1,LOTE 1B,0,4.56375020,-72.77278189,2062293.8679,5025194.03659,
2455,57,19,ACTIVA,1,LOTE 1B,0,4.56380414,-72.77284699,2062299.8252,5025186.81697,
2456,57,20,ACTIVA,1,LOTE 1B,0,4.56386490,-72.77292168,2062306.5370,5025178.53335,
2457,57,21,ACTIVA,1,LOTE 1B,0,4.56391442,-72.77299405,2062312.0057,5025170.50715,
2458,57,22,ACTIVA,1,LOTE 1B,0,4.56396622,-72.77305956,2062317.7272,5025163.24108,
2459,57,23,ACTIVA,1,LOTE 1B,0,4.56403245,-72.77313407,2062325.0424,5025154.97674,
2460,57,24,ACTIVA,1,LOTE 1B,0,4.56408720,-72.77320073,2062331.0900,5025147.58387,
2461,57,25,ACTIVA,1,LOTE 1B,0,4.56413958,-72.77327096,2062336.8745,5025139.79515,
2462,58,1,ACTIVA,1,LOTE 1B,0,4.56286620,-72.77153141,2062196.2348,5025332.72272,
2463,58,2,ACTIVA,1,LOTE 1B,0,4.56292485,-72.77159387,2062202.7139,5025325.79427,
2464,58,3,ACTIVA,1,LOTE 1B,0,4.56299418,-72.77166015,2062210.3713,5025318.44310,
2465,58,4,ACTIVA,1,LOTE 1B,0,4.56305198,-72.77172572,2062216.7561,5025311.17005,
2466,58,5,ACTIVA,1,LOTE 1B,0,4.56311634,-72.77178813,2062223.8648,5025304.24816,
2467,58,6,ACTIVA,1,LOTE 1B,0,4.56317472,-72.77184907,2062230.3137,5025297.48865,
2468,58,7,ACTIVA,1,LOTE 1B,0,4.56323109,-72.77199001,2062236.5376,5025281.86006,
2469,58,8,ACTIVA,1,LOTE 1B,0,4.56328494,-72.77205447,2062242.4853,5025274.71005,
2470,58,9,ACTIVA,1,LOTE 1B,0,4.56334155,-72.77212941,2062248.7378,5025266.39851,
2471,58,10,ACTIVA,1,LOTE 1B,0,4.56339716,-72.77220864,2062254.8797,5025257.61188,
2472,58,11,ACTIVA,1,LOTE 1B,0,4.56345049,-72.77227491,2062260.7695,5025250.26128,
2473,58,12,ACTIVA,1,LOTE 1B,0,4.56350686,-72.77234500,2062266.9958,5025242.48824,
2474,58,13,ACTIVA,1,LOTE 1B,0,4.56356400,-72.77241737,2062273.3063,5025234.46176,
2475,58,14,ACTIVA,1,LOTE 1B,0,4.56361961,-72.77248669,2062279.4485,5025226.77322,
2476,58,15,ACTIVA,1,LOTE 1B,0,4.56366989,-72.77255068,2062285.0017,5025219.67614,
2477,58,16,ACTIVA,1,LOTE 1B,0,4.56373540,-72.77262610,2062292.2379,5025211.31150,
2478,58,17,ACTIVA,1,LOTE 1B,0,4.56378415,-72.77269695,2062297.6225,5025203.45426,
2479,58,18,ACTIVA,1,LOTE 1B,0,4.56384053,-72.77276779,2062303.8488,5025195.59676,
2480,58,19,ACTIVA,1,LOTE 1B,0,4.56389664,-72.77284516,2062310.0467,5025187.01647,
2481,58,20,ACTIVA,1,LOTE 1B,0,4.56394879,-72.77291173,2062315.8059,5025179.63372,
2482,58,21,ACTIVA,1,LOTE 1B,0,4.56400648,-72.77297718,2062322.1781,5025172.37379,
2483,58,22,ACTIVA,1,LOTE 1B,0,4.56406805,-72.77304652,2062328.9792,5025164.68317,
2484,58,23,ACTIVA,1,LOTE 1B,0,4.56411964,-72.77311864,2062334.6769,5025156.68536,
2485,58,24,ACTIVA,1,LOTE 1B,0,4.56417567,-72.77318742,2062340.8651,5025149.05644,
2486,58,7,ACTIVA,1,LOTE 1B,0,4.56326620,-72.77190821,2062240.4197,5025290.92829,
2487,58,8,ACTIVA,1,LOTE 1B,0,4.56331688,-72.77197396,2062246.0170,5025283.63669,
2488,58,9,ACTIVA,1,LOTE 1B,0,4.56337235,-72.77203970,2062252.1439,5025276.34493,
2489,58,10,ACTIVA,1,LOTE 1B,0,4.56343193,-72.77211777,2062258.7245,5025267.68618,
2490,58,11,ACTIVA,1,LOTE 1B,0,4.56348535,-72.77218968,2062264.6243,5025259.71108,
2491,58,12,ACTIVA,1,LOTE 1B,0,4.56353945,-72.77225816,2062270.5999,5025252.11562,
2492,58,13,ACTIVA,1,LOTE 1B,0,4.56359835,-72.77232459,2062277.1052,5025244.74781,
2493,58,14,ACTIVA,1,LOTE 1B,0,4.56365314,-72.77239992,2062283.1562,5025236.39298,
2494,58,15,ACTIVA,1,LOTE 1B,0,4.56370571,-72.77247134,2062288.9631,5025228.47247,
2495,58,16,ACTIVA,1,LOTE 1B,0,4.56376422,-72.77254195,2062295.4250,5025220.64125,
2496,58,17,ACTIVA,1,LOTE 1B,0,4.56382272,-72.77261155,2062301.8869,5025212.92189,
2497,58,18,ACTIVA,1,LOTE 1B,0,4.56387820,-72.77268216,2062308.0145,5025205.09078,
2498,58,19,ACTIVA,1,LOTE 1B,0,4.56392303,-72.77275103,2062312.9651,5025197.45242,
2499,58,20,ACTIVA,1,LOTE 1B,0,4.56398242,-72.77282592,2062319.5249,5025189.14696,
2500,58,21,ACTIVA,1,LOTE 1B,0,4.56404052,-72.77289177,2062325.9424,5025181.84367,
2501,58,22,ACTIVA,1,LOTE 1B,0,4.56409281,-72.77296020,2062331.7178,5025174.25427,
2502,58,23,ACTIVA,1,LOTE 1B,0,4.56415414,-72.77303379,2062338.4917,5025166.09190,
2503,58,24,ACTIVA,1,LOTE 1B,0,4.56420901,-72.77310351,2062344.5524,5025158.35925,
2504,59,1,ACTIVA,1,LOTE 1B,0,4.56289980,-72.77144699,2062199.9512,5025342.08188,
2505,59,2,ACTIVA,1,LOTE 1B,0,4.56295984,-72.77150832,2062206.5829,5025335.27958,
2506,59,3,ACTIVA,1,LOTE 1B,0,4.56302246,-72.77157158,2062213.4997,5025328.26244,
2507,59,4,ACTIVA,1,LOTE 1B,0,4.56308637,-72.77163872,2062220.5592,5025320.81577,
2508,59,5,ACTIVA,1,LOTE 1B,0,4.56314835,-72.77170392,2062227.4046,5025313.58391,
2509,59,6,ACTIVA,1,LOTE 1B,0,4.56321097,-72.77176590,2062234.3216,5025306.70993,
2510,59,7,ACTIVA,1,LOTE 1B,0,4.56329135,-72.77182813,2062243.2015,5025299.80671,
2511,59,8,ACTIVA,1,LOTE 1B,0,4.56334878,-72.77189713,2062249.5447,5025292.15411,
2512,59,9,ACTIVA,1,LOTE 1B,0,4.56339947,-72.77196151,2062255.1433,5025285.01428,
2513,59,10,ACTIVA,1,LOTE 1B,0,4.56346015,-72.77203445,2062261.8459,5025276.92350,
2514,59,11,ACTIVA,1,LOTE 1B,0,4.56352019,-72.77210740,2062268.4771,5025268.83274,
2515,59,12,ACTIVA,1,LOTE 1B,0,4.56357119,-72.77217519,2062274.1099,5025261.31495,
2516,59,13,ACTIVA,1,LOTE 1B,0,4.56363123,-72.77224620,2062280.7412,5025253.43894,
2517,59,14,ACTIVA,1,LOTE 1B,0,4.56368546,-72.77231463,2062286.7306,5025245.84946,
2518,59,15,ACTIVA,1,LOTE 1B,0,4.56373775,-72.77238758,2062292.5058,5025237.75898,
2519,59,16,ACTIVA,1,LOTE 1B,0,4.56379262,-72.77245278,2062298.5667,5025230.52739,
2520,59,17,ACTIVA,1,LOTE 1B,0,4.56385653,-72.77252960,2062305.6257,5025222.00702,
2521,59,18,ACTIVA,1,LOTE 1B,0,4.56391011,-72.77259932,2062311.5438,5025214.27440,
2522,59,19,ACTIVA,1,LOTE 1B,0,4.56395789,-72.77266840,2062316.8199,5025206.61357,
2523,59,20,ACTIVA,1,LOTE 1B,0,4.56401599,-72.77274587,2062323.2369,5025198.02183,
2524,59,21,ACTIVA,1,LOTE 1B,0,4.56407086,-72.77280913,2062329.2978,5025191.00498,
2525,59,22,ACTIVA,1,LOTE 1B,0,4.56413219,-72.77287821,2062336.0719,5025183.34368,
2526,59,23,ACTIVA,1,LOTE 1B,0,4.56418964,-72.77295051,2062342.4178,5025175.32461,
2527,59,24,ACTIVA,1,LOTE 1B,0,4.56424000,-72.77301636,2062347.9793,5025168.02160,
2528,60,1,ACTIVA,1,LOTE 1B,0,4.56293918,-72.77137017,2062204.3051,5025350.59865,
2529,60,2,ACTIVA,1,LOTE 1B,0,4.56299664,-72.77143020,2062210.6515,5025343.93960,
2530,60,3,ACTIVA,1,LOTE 1B,0,4.56305280,-72.77149089,2062216.8551,5025337.20901,
2531,60,4,ACTIVA,1,LOTE 1B,0,4.56312317,-72.77156125,2062224.6277,5025329.40420,
2532,60,5,ACTIVA,1,LOTE 1B,0,4.56317933,-72.77162710,2062230.8312,5025322.10097,
2533,60,6,ACTIVA,1,LOTE 1B,0,4.56324195,-72.77168456,2062237.7483,5025315.72806,
2534,60,7,ACTIVA,1,LOTE 1B,0,4.56331038,-72.77175170,2062245.3070,5025308.28123,
2535,60,8,ACTIVA,1,LOTE 1B,0,4.56339172,-72.77180592,2062254.2928,5025302.26558,
2536,60,9,ACTIVA,1,LOTE 1B,0,4.56344724,-72.77187564,2062260.4248,5025294.53288,
2537,60,10,ACTIVA,1,LOTE 1B,0,4.56350498,-72.77195287,2062266.8018,5025285.96798,
2538,60,11,ACTIVA,1,LOTE 1B,0,4.56355844,-72.77202146,2062272.7065,5025278.36063,
2539,60,12,ACTIVA,1,LOTE 1B,0,4.56361251,-72.77208868,2062278.6781,5025270.90537,
2540,60,13,ACTIVA,1,LOTE 1B,0,4.56366674,-72.77215711,2062284.6675,5025263.31588,
2541,0,14,ACTIVA,1,LOTE 1B,0,4.56372613,-72.77222812,2062291.2275,5025255.43990,
2542,60,15,ACTIVA,1,LOTE 1B,0,4.56377906,-72.77230043,2062297.0741,5025247.42097,
2543,60,16,ACTIVA,1,LOTE 1B,0,4.56382877,-72.77237208,2062302.5640,5025239.47375,
2544,60,17,ACTIVA,1,LOTE 1B,0,4.56388946,-72.77244439,2062309.2666,5025231.45456,
2545,60,18,ACTIVA,1,LOTE 1B,0,4.56394304,-72.77251540,2062315.1846,5025223.57878,
2546,60,19,ACTIVA,1,LOTE 1B,0,4.56398952,-72.77258254,2062320.3181,5025216.13274,
2547,60,20,ACTIVA,1,LOTE 1B,0,4.56405278,-72.77266324,2062327.3057,5025207.18291,
2548,60,21,ACTIVA,1,LOTE 1B,0,4.56411089,-72.77272456,2062333.7233,5025200.38069,
2549,60,22,ACTIVA,1,LOTE 1B,0,4.56416770,-72.77278848,2062339.9982,5025193.29219,
2550,60,23,ACTIVA,1,LOTE 1B,0,4.56421934,-72.77286401,2062345.7021,5025184.91542,
2551,60,24,ACTIVA,1,LOTE 1B,0,4.56427421,-72.77293760,2062351.7626,5025176.75328,
2552,51,2,ERRADICADA,0,LOTE 1B,0,4.56268247,-72.77216494,2062175.9125,5025262.48179,
2553,52,2,ERRADICADA,0,LOTE 1B,0,4.56272110,-72.77208826,2062180.1826,5025270.98372,
2554,61,1,ACTIVA,1,LOTE 1B,0,4.56296934,-72.77128306,2062207.6403,5025360.25554,
2555,61,2,ACTIVA,1,LOTE 1B,0,4.56302885,-72.77134698,2062214.2133,5025353.16643,
2556,61,3,ACTIVA,1,LOTE 1B,0,4.56308505,-72.77140594,2062220.4211,5025346.62728,
2557,61,4,ACTIVA,1,LOTE 1B,0,4.56315282,-72.77148032,2062227.9070,5025338.37707,
2558,61,5,ACTIVA,1,LOTE 1B,0,4.56321233,-72.77153983,2062234.4801,5025331.77672,
2559,61,6,ACTIVA,1,LOTE 1B,0,4.56327514,-72.77160099,2062241.4184,5025324.99297,
2560,61,7,ACTIVA,1,LOTE 1B,0,4.56333796,-72.77166050,2062248.3568,5025318.39251,
2561,61,8,ACTIVA,1,LOTE 1B,0,4.56343014,-72.77171997,2062258.5410,5025311.79483,
2562,61,9,ACTIVA,1,LOTE 1B,0,4.56347922,-72.77179143,2062263.9608,5025303.86985,
2563,61,10,ACTIVA,1,LOTE 1B,0,4.56353260,-72.77186116,2062269.8562,5025296.13565,
2564,61,11,ACTIVA,1,LOTE 1B,0,4.56359472,-72.77193324,2062276.7181,5025288.14148,
2565,61,12,ACTIVA,1,LOTE 1B,0,4.56365092,-72.77200101,2062282.9256,5025280.62483,
2566,61,13,ACTIVA,1,LOTE 1B,0,4.56370392,-72.77207467,2062288.7791,5025272.45533,
2567,61,14,ACTIVA,1,LOTE 1B,0,4.56376246,-72.77215302,2062295.2450,5025263.76634,
2568,61,15,ACTIVA,1,LOTE 1B,0,4.56381181,-72.77222141,2062300.6953,5025256.18120,
2569,61,16,ACTIVA,1,LOTE 1B,0,4.56386857,-72.77228422,2062306.9639,5025249.21439,
2570,61,17,ACTIVA,1,LOTE 1B,0,4.56392752,-72.77235916,2062313.4756,5025240.90341,
2571,61,18,ACTIVA,1,LOTE 1B,0,4.56398042,-72.77243354,2062319.3177,5025232.65374,
2572,61,19,ACTIVA,1,LOTE 1B,0,4.56402725,-72.77250022,2062324.4903,5025225.25961,
2573,61,20,ACTIVA,1,LOTE 1B,0,4.56407651,-72.77257244,2062329.9306,5025217.24956,
2574,61,21,ACTIVA,1,LOTE 1B,0,4.56413858,-72.77264332,2062336.7858,5025209.38814,
2575,61,22,ACTIVA,1,LOTE 1B,0,4.56419500,-72.77270821,2062343.0178,5025202.19163,
2576,61,23,ACTIVA,1,LOTE 1B,0,4.56425071,-72.77278014,2062349.1716,5025194.21313,
2577,61,24,ACTIVA,1,LOTE 1B,0,4.56430678,-72.77285490,2062355.3643,5025185.92181,
2578,62,1,ACTIVA,1,LOTE 1B,0,4.56306356,-72.77126433,2062218.0517,5025362.32947,
2579,62,2,ACTIVA,1,LOTE 1B,0,4.56312362,-72.77132770,2062224.6856,5025355.30143,
2580,62,3,ACTIVA,1,LOTE 1B,0,4.56318011,-72.77138723,2062230.9251,5025348.69874,
2581,62,4,ACTIVA,1,LOTE 1B,0,4.56324817,-72.77145634,2062238.4428,5025341.03259,
2582,62,5,ACTIVA,1,LOTE 1B,0,4.56330952,-72.77152229,2062245.2202,5025333.71858,
2583,62,6,ACTIVA,1,LOTE 1B,0,4.56336912,-72.77158118,2062251.8031,5025327.18666,
2584,62,7,ACTIVA,1,LOTE 1B,0,4.56345940,-72.77163901,2062261.7759,5025320.77096,
2585,62,8,ACTIVA,1,LOTE 1B,0,4.56351617,-72.77170848,2062268.0467,5025313.06611,
2586,62,9,ACTIVA,1,LOTE 1B,0,4.56356977,-72.77177971,2062273.9668,5025305.16587,
2587,62,10,ACTIVA,1,LOTE 1B,0,4.56362626,-72.77185501,2062280.2056,5025296.81503,
2588,62,11,ACTIVA,1,LOTE 1B,0,4.56367979,-72.77192253,2062286.1186,5025289.32619,
2589,62,12,ACTIVA,1,LOTE 1B,0,4.56373093,-72.77198953,2062291.7661,5025281.89525,
2590,62,13,ACTIVA,1,LOTE 1B,0,4.56379793,-72.77207028,2062299.1664,5025272.93882,
2591,62,14,ACTIVA,1,LOTE 1B,0,4.56385118,-72.77213305,2062305.0478,5025265.97702,
2592,62,15,ACTIVA,1,LOTE 1B,0,4.56390442,-72.77220534,2062310.9289,5025257.95949,
2593,62,16,ACTIVA,1,LOTE 1B,0,4.56395309,-72.77227834,2062316.3034,5025249.86393,
2594,62,17,ACTIVA,1,LOTE 1B,0,4.56400669,-72.77234781,2062322.2235,5025242.15920,
2595,62,18,ACTIVA,1,LOTE 1B,0,4.56406121,-72.77241905,2062328.2449,5025234.25848,
2596,62,19,ACTIVA,1,LOTE 1B,0,4.56411459,-72.77248534,2062334.1405,5025226.90613,
2597,62,20,ACTIVA,1,LOTE 1B,0,4.56417313,-72.77256024,2062340.6066,5025218.59899,
2598,62,21,ACTIVA,1,LOTE 1B,0,4.56423339,-72.77262137,2062347.2634,5025211.81916,
2599,62,22,ACTIVA,1,LOTE 1B,0,4.56428849,-72.77269541,2062353.3489,5025203.60761,
2600,62,23,ACTIVA,1,LOTE 1B,0,4.56433671,-72.77277719,2062358.6732,5025194.53714,
2601,63,1,ACTIVA,1,LOTE 1B,0,4.56309717,-72.77117507,2062221.7687,5025372.22569,
2602,63,2,ACTIVA,1,LOTE 1B,0,4.56315503,-72.77124009,2062228.1589,5025365.01444,
2603,63,3,ACTIVA,1,LOTE 1B,0,4.56321894,-72.77130180,2062235.2190,5025358.16955,
2604,63,4,ACTIVA,1,LOTE 1B,0,4.56328120,-72.77137563,2062242.0961,5025349.98063,
2605,63,5,ACTIVA,1,LOTE 1B,0,4.56334292,-72.77143789,2062248.9126,5025343.07473,
2606,63,6,ACTIVA,1,LOTE 1B,0,4.56340738,-72.77149850,2062256.0336,5025336.35201,
2607,63,7,ACTIVA,1,LOTE 1B,0,4.56348728,-72.77155911,2062264.8593,5025329.62876,
2608,63,8,ACTIVA,1,LOTE 1B,0,4.56354733,-72.77162799,2062271.4930,5025321.98978,
2609,63,9,ACTIVA,1,LOTE 1B,0,4.56360023,-72.77170127,2062277.3351,5025313.86229,
2610,63,10,ACTIVA,1,LOTE 1B,0,4.56366029,-72.77177621,2062283.9685,5025305.55126,
2611,63,11,ACTIVA,1,LOTE 1B,0,4.56371759,-72.77183682,2062290.2981,5025298.82880,
2612,63,12,ACTIVA,1,LOTE 1B,0,4.56376718,-72.77191506,2062295.7747,5025290.15158,
2613,63,13,ACTIVA,1,LOTE 1B,0,4.56382063,-72.77198173,2062301.6779,5025282.75721,
2614,63,14,ACTIVA,1,LOTE 1B,0,4.56388179,-72.77205501,2062308.4331,5025274.62944,
2615,63,15,ACTIVA,1,LOTE 1B,0,4.56392973,-72.77212058,2062313.7275,5025267.35746,
2616,63,16,ACTIVA,1,LOTE 1B,0,4.56398200,-72.77219176,2062319.5012,5025259.46293,
2617,63,17,ACTIVA,1,LOTE 1B,0,4.56404055,-72.77227355,2062325.9670,5025250.39209,
2618,63,18,ACTIVA,1,LOTE 1B,0,4.56409737,-72.77233984,2062332.2431,5025243.03962,
2619,63,19,ACTIVA,1,LOTE 1B,0,4.56414558,-72.77240527,2062337.5679,5025235.78291,
2620,63,20,ACTIVA,1,LOTE 1B,0,4.56420498,-72.77247845,2062344.1292,5025227.66666,
2621,63,21,ACTIVA,1,LOTE 1B,0,4.56426525,-72.77254733,2062350.7857,5025220.02769,
2622,63,22,ACTIVA,1,LOTE 1B,0,4.56432035,-72.77261620,2062356.8714,5025212.38889,
2623,63,23,ACTIVA,1,LOTE 1B,0,4.56436426,-72.77268766,2062361.7204,5025204.46411,
2624,64,1,ACTIVA,1,LOTE 1B,0,4.56313054,-72.77109235,2062225.4587,5025381.39641,
2625,64,2,ACTIVA,1,LOTE 1B,0,4.56319253,-72.77116036,2062232.3055,5025373.85281,
2626,64,3,ACTIVA,1,LOTE 1B,0,4.56325365,-72.77122149,2062239.0574,5025367.07294,
2627,64,4,ACTIVA,1,LOTE 1B,0,4.56331995,-72.77128778,2062246.3799,5025359.72011,
2628,64,5,ACTIVA,1,LOTE 1B,0,4.56338279,-72.77135063,2062253.3220,5025352.74925,
2629,64,6,ACTIVA,1,LOTE 1B,0,4.56343962,-72.77141606,2062259.5981,5025345.49223,
2630,64,7,ACTIVA,1,LOTE 1B,0,4.56352054,-72.77147977,2062268.5378,5025338.42528,
2631,64,8,ACTIVA,1,LOTE 1B,0,4.56357995,-72.77155898,2062275.0989,5025329.64079,
2632,64,9,ACTIVA,1,LOTE 1B,0,4.56363246,-72.77162613,2062280.8993,5025322.19299,
2633,64,10,ACTIVA,1,LOTE 1B,0,4.56369015,-72.77169242,2062287.2705,5025314.84048,
2634,64,11,ACTIVA,1,LOTE 1B,0,4.56374438,-72.77176216,2062293.2611,5025307.10624,
2635,64,12,ACTIVA,1,LOTE 1B,0,4.56379776,-72.77183534,2062299.1564,5025298.99019,
2636,64,13,ACTIVA,1,LOTE 1B,0,4.56385372,-72.77190507,2062305.3372,5025291.25590,
2637,64,14,ACTIVA,1,LOTE 1B,0,4.56390796,-72.77197481,2062311.3278,5025283.52166,
2638,64,15,ACTIVA,1,LOTE 1B,0,4.56396737,-72.77204024,2062317.8893,5025276.26456,
2639,64,16,ACTIVA,1,LOTE 1B,0,4.56401644,-72.77210567,2062323.3093,5025269.00781,
2640,64,17,ACTIVA,1,LOTE 1B,0,4.56408359,-72.77218573,2062330.7264,5025260.12760,
2641,64,18,ACTIVA,1,LOTE 1B,0,4.56412664,-72.77225891,2062335.4802,5025252.01192,
2642,64,19,ACTIVA,1,LOTE 1B,0,4.56418346,-72.77232262,2062341.7564,5025244.94583,
2643,64,20,ACTIVA,1,LOTE 1B,0,4.56424028,-72.77239150,2062348.0324,5025237.30697,
2644,64,21,ACTIVA,1,LOTE 1B,0,4.56429969,-72.77246037,2062354.5938,5025229.66803,
2645,64,22,ACTIVA,1,LOTE 1B,0,4.56435179,-72.77252997,2062360.3485,5025221.94916,
2646,64,23,ACTIVA,1,LOTE 1B,0,4.56440413,-72.77259774,2062366.1299,5025214.43265,
2647,65,1,ACTIVA,1,LOTE 1B,0,4.56316670,-72.77100798,2062229.4571,5025390.75032,
2648,65,2,ACTIVA,1,LOTE 1B,0,4.56323471,-72.77107772,2062236.9697,5025383.01559,
2649,65,3,ACTIVA,1,LOTE 1B,0,4.56329067,-72.77113626,2062243.1509,5025376.52228,
2650,65,4,ACTIVA,1,LOTE 1B,0,4.56334922,-72.77119997,2062249.6173,5025369.45611,
2651,65,5,ACTIVA,1,LOTE 1B,0,4.56341207,-72.77127229,2062256.5591,5025361.43518,
2652,65,6,ACTIVA,1,LOTE 1B,0,4.56347491,-72.77133427,2062263.5012,5025354.55978,
2653,65,7,ACTIVA,1,LOTE 1B,0,4.56354121,-72.77140401,2062270.8236,5025346.82512,
2654,65,8,ACTIVA,1,LOTE 1B,0,4.56360664,-72.77147891,2062278.0506,5025338.51772,
2655,65,9,ACTIVA,1,LOTE 1B,0,4.56366346,-72.77154520,2062284.3267,5025331.16523,
2656,65,10,ACTIVA,1,LOTE 1B,0,4.56371856,-72.77161580,2062290.4124,5025323.33550,
2657,65,11,ACTIVA,1,LOTE 1B,0,4.56378227,-72.77169328,2062297.4491,5025314.74179,
2658,65,12,ACTIVA,1,LOTE 1B,0,4.56383134,-72.77175096,2062302.8693,5025308.34419,
2659,65,13,ACTIVA,1,LOTE 1B,0,4.56388675,-72.77181973,2062308.9893,5025300.71683,
2660,65,14,ACTIVA,1,LOTE 1B,0,4.56394185,-72.77189136,2062315.0750,5025292.77255,
2661,65,15,ACTIVA,1,LOTE 1B,0,4.56399970,-72.77196850,2062321.4648,5025284.21723,
2662,65,16,ERRADICADA,0,LOTE 1B,0,4.56405751,-72.77203921,2062327.8495,5025276.37495,
2663,65,17,ACTIVA,1,LOTE 1B,0,4.56410139,-72.77209062,2062332.6966,5025270.67339,
2664,65,18,ACTIVA,1,LOTE 1B,0,4.56415844,-72.77216648,2062338.9975,5025262.26039,
2665,65,19,ACTIVA,1,LOTE 1B,0,4.56421612,-72.77224233,2062345.3676,5025253.84736,
2666,65,20,ACTIVA,1,LOTE 1B,0,4.56427602,-72.77230482,2062351.9849,5025246.91626,
2667,65,21,ACTIVA,1,LOTE 1B,0,4.56433541,-72.77238025,2062358.5434,5025238.55045,
2668,65,22,ACTIVA,1,LOTE 1B,0,4.56439118,-72.77245127,2062364.7032,5025230.67413,
2669,65,23,ACTIVA,1,LOTE 1B,0,4.56443531,-72.77251908,2062369.5774,5025223.15412,
2670,66,1,ACTIVA,1,LOTE 1B,0,4.56319633,-72.77091900,2062232.7345,5025400.61573,
2671,66,2,ACTIVA,1,LOTE 1B,0,4.56326494,-72.77099001,2062240.3128,5025392.73893,
2672,66,3,ACTIVA,1,LOTE 1B,0,4.56332151,-72.77105260,2062246.5615,5025385.79681,
2673,66,4,ACTIVA,1,LOTE 1B,0,4.56338009,-72.77111359,2062253.0320,5025379.03257,
2674,66,5,ACTIVA,1,LOTE 1B,0,4.56345111,-72.77118982,2062260.8761,5025370.57735,
2675,66,6,ACTIVA,1,LOTE 1B,0,4.56351774,-72.77124930,2062268.2360,5025363.97966,
2676,66,7,ACTIVA,1,LOTE 1B,0,4.56357604,-72.77130886,2062274.6760,5025357.37392,
2677,66,8,ACTIVA,1,LOTE 1B,0,4.56364061,-72.77139663,2062281.8077,5025347.63990,
2678,66,9,ACTIVA,1,LOTE 1B,0,4.56369327,-72.77146434,2062287.6240,5025340.13069,
2679,66,10,ACTIVA,1,LOTE 1B,0,4.56374907,-72.77153267,2062293.7866,5025332.55187,
2680,66,11,ACTIVA,1,LOTE 1B,0,4.56380925,-72.77160288,2062300.4340,5025324.76436,
2681,66,12,ACTIVA,1,LOTE 1B,0,4.56386505,-72.77167122,2062306.5966,5025317.18554,
2682,66,13,ACTIVA,1,LOTE 1B,0,4.56392335,-72.77174331,2062313.0362,5025309.18956,
2683,66,14,ACTIVA,1,LOTE 1B,0,4.56397288,-72.77180851,2062318.5062,5025301.95852,
2684,66,15,ACTIVA,1,LOTE 1B,0,4.56403745,-72.77187747,2062325.6386,5025294.30988,
2685,66,16,ACTIVA,1,LOTE 1B,0,4.56408760,-72.77194392,2062331.1778,5025286.93980,
2686,66,17,ACTIVA,1,LOTE 1B,0,4.56414026,-72.77200724,2062336.9942,5025279.91720,
2687,66,18,ACTIVA,1,LOTE 1B,0,4.56419794,-72.77208310,2062343.3644,5025271.50417,
2688,66,19,ACTIVA,1,LOTE 1B,0,4.56425185,-72.77215519,2062349.3191,5025263.50835,
2689,66,20,ACTIVA,1,LOTE 1B,0,4.56431015,-72.77222415,2062355.7587,5025255.85994,
2690,66,21,ACTIVA,1,LOTE 1B,0,4.56437159,-72.77230126,2062362.5445,5025247.30775,
2691,66,22,ACTIVA,1,LOTE 1B,0,4.56442174,-72.77236395,2062368.0838,5025240.35475,
2692,66,23,ACTIVA,1,LOTE 1B,0,4.56447127,-72.77243479,2062373.5537,5025232.49812,
2693,67,1,ACTIVA,1,LOTE 1B,0,4.56322666,-72.77084459,2062236.0875,5025408.86459,
2694,67,2,ACTIVA,1,LOTE 1B,0,4.56329033,-72.77091022,2062243.1204,5025401.58526,
2695,67,3,ACTIVA,1,LOTE 1B,0,4.56335302,-72.77097487,2062250.0451,5025394.41457,
2696,67,4,ACTIVA,1,LOTE 1B,0,4.56341375,-72.77103561,2062256.7535,5025387.67840,
2697,67,5,ACTIVA,1,LOTE 1B,0,4.56348134,-72.77110222,2062264.2192,5025380.29032,
2698,67,6,ACTIVA,1,LOTE 1B,0,4.56354011,-72.77116589,2062270.7110,5025373.22839,
2699,67,7,ACTIVA,1,LOTE 1B,0,4.56360868,-72.77122858,2062278.2852,5025366.27472,
2700,67,8,ACTIVA,1,LOTE 1B,0,4.56366647,-72.77130596,2062284.6683,5025357.69224,
2701,67,9,ACTIVA,1,LOTE 1B,0,4.56373112,-72.77138531,2062291.8089,5025348.89229,
2702,67,10,ACTIVA,1,LOTE 1B,0,4.56379381,-72.77145583,2062298.7334,5025341.06993,
2703,67,11,ACTIVA,1,LOTE 1B,0,4.56384083,-72.77151461,2062303.9266,5025334.55148,
2704,67,12,ACTIVA,1,LOTE 1B,0,4.56390058,-72.77159003,2062310.5262,5025326.18616,
2705,67,13,ACTIVA,1,LOTE 1B,0,4.56395595,-72.77165930,2062316.6412,5025318.50309,
2706,67,14,ACTIVA,1,LOTE 1B,0,4.56400673,-72.77172701,2062322.2496,5025310.99396,
2707,67,15,ACTIVA,1,LOTE 1B,0,4.56406817,-72.77180412,2062329.0354,5025302.44177,
2708,67,16,ACTIVA,1,LOTE 1B,0,4.56412396,-72.77186242,2062335.1983,5025295.97515,
2709,67,17,ACTIVA,1,LOTE 1B,0,4.56416910,-72.77193264,2062340.1833,5025288.18817,
2710,67,18,ACTIVA,1,LOTE 1B,0,4.56423265,-72.77200340,2062347.2030,5025280.33973,
2711,67,19,ACTIVA,1,LOTE 1B,0,4.56428457,-72.77207099,2062352.9370,5025272.84360,
2712,67,20,ACTIVA,1,LOTE 1B,0,4.56433844,-72.77213956,2062358.8875,5025265.23879,
2713,67,21,ACTIVA,1,LOTE 1B,0,4.56439541,-72.77221099,2062365.1799,5025257.31672,
2714,67,22,ACTIVA,1,LOTE 1B,0,4.56445560,-72.77228057,2062371.8273,5025249.59873,
2715,67,23,ACTIVA,1,LOTE 1B,0,4.56450888,-72.77234577,2062377.7130,5025242.36757,
2716,68,1,ACTIVA,1,LOTE 1B,0,4.56326290,-72.77075350,2062240.0954,5025418.96437,
2717,68,2,ACTIVA,1,LOTE 1B,0,4.56333343,-72.77082598,2062247.8857,5025410.92449,
2718,68,3,ACTIVA,1,LOTE 1B,0,4.56338436,-72.77088182,2062253.5119,5025404.73174,
2719,68,4,ACTIVA,1,LOTE 1B,0,4.56344999,-72.77095137,2062260.7611,5025397.01788,
2720,68,5,ACTIVA,1,LOTE 1B,0,4.56351170,-72.77101210,2062267.5777,5025390.28168,
2721,68,6,ACTIVA,1,LOTE 1B,0,4.56357929,-72.77108165,2062275.0434,5025382.56776,
2722,68,7,ACTIVA,1,LOTE 1B,0,4.56364100,-72.77114238,2062281.8600,5025375.83156,
2723,68,8,ACTIVA,1,LOTE 1B,0,4.56370663,-72.77122172,2062289.1089,5025367.03158,
2724,68,9,ACTIVA,1,LOTE 1B,0,4.56376933,-72.77130204,2062296.0330,5025358.12308,
2725,68,10,ACTIVA,1,LOTE 1B,0,4.56382222,-72.77136669,2062301.8754,5025350.95275,
2726,68,11,ACTIVA,1,LOTE 1B,0,4.56386924,-72.77143722,2062307.0681,5025343.13094,
2727,68,12,ACTIVA,1,LOTE 1B,0,4.56393977,-72.77151069,2062314.8584,5025334.98247,
2728,68,13,ACTIVA,1,LOTE 1B,0,4.56399070,-72.77158317,2062320.4840,5025326.94330,
2729,68,14,ACTIVA,1,LOTE 1B,0,4.56403870,-72.77165174,2062325.7850,5025319.33869,
2730,68,15,ACTIVA,1,LOTE 1B,0,4.56410531,-72.77172227,2062333.1425,5025311.51620,
2731,68,16,ACTIVA,1,LOTE 1B,0,4.56415821,-72.77179378,2062338.9846,5025303.58557,
2732,68,17,ERRADICADA,0,LOTE 1B,0,4.56420914,-72.77186137,2062344.6104,5025296.08947,
2733,68,18,ACTIVA,1,LOTE 1B,0,4.56426400,-72.77191720,2062350.6695,5025289.89660,
2734,68,19,ACTIVA,1,LOTE 1B,0,4.56432473,-72.77198871,2062357.3775,5025281.96571,
2735,68,20,ACTIVA,1,LOTE 1B,0,4.56437371,-72.77205826,2062362.7868,5025274.25245,
2736,68,21,ACTIVA,1,LOTE 1B,0,4.56442660,-72.77212584,2062368.6290,5025266.75629,
2737,68,22,ACTIVA,1,LOTE 1B,0,4.56448635,-72.77220421,2062375.2286,5025258.06514,
2738,68,23,ACTIVA,1,LOTE 1B,0,4.56454317,-72.77227474,2062381.5037,5025250.24300,
2739,69,1,ACTIVA,1,LOTE 1B,0,4.56329670,-72.77067222,2062243.8332,5025427.97555,
2740,69,2,ACTIVA,1,LOTE 1B,0,4.56335610,-72.77073765,2062250.3946,5025420.71842,
2741,69,3,ACTIVA,1,LOTE 1B,0,4.56342067,-72.77080738,2062257.5268,5025412.98381,
2742,69,4,ACTIVA,1,LOTE 1B,0,4.56348008,-72.77086765,2062264.0884,5025406.29945,
2743,69,5,ACTIVA,1,LOTE 1B,0,4.56354121,-72.77092964,2062270.8403,5025399.42411,
2744,69,6,ACTIVA,1,LOTE 1B,0,4.56361611,-72.77099507,2062279.1141,5025392.16645,
2745,69,7,ACTIVA,1,LOTE 1B,0,4.56367121,-72.77106136,2062285.1999,5025384.81402,
2746,69,8,ACTIVA,1,LOTE 1B,0,4.56373357,-72.77114201,2062292.0881,5025375.86904,
2747,69,9,ACTIVA,1,LOTE 1B,0,4.56379639,-72.77121419,2062299.0261,5025367.86339,
2748,69,10,ACTIVA,1,LOTE 1B,0,4.56385424,-72.77128306,2062305.4162,5025360.22449,
2749,69,11,ACTIVA,1,LOTE 1B,0,4.56390747,-72.77135190,2062311.2959,5025352.58989,
2750,69,12,ACTIVA,1,LOTE 1B,0,4.56396823,-72.77143072,2062318.0064,5025343.84805,
2751,69,13,ACTIVA,1,LOTE 1B,0,4.56402242,-72.77149969,2062323.9916,5025336.19890,
2752,69,14,ACTIVA,1,LOTE 1B,0,4.56407816,-72.77156759,2062330.1483,5025328.66871,
2753,69,15,ACTIVA,1,LOTE 1B,0,4.56413018,-72.77163813,2062335.8931,5025320.84440,
2754,69,16,ACTIVA,1,LOTE 1B,0,4.56419176,-72.77170988,2062342.6949,5025312.88717,
2755,69,17,ACTIVA,1,LOTE 1B,0,4.56423567,-72.77178282,2062347.5441,5025304.79797,
2756,69,18,ACTIVA,1,LOTE 1B,0,4.56429094,-72.77184340,2062353.6489,5025298.07842,
2757,69,23,ACTIVA,1,LOTE 1B,0,4.56457860,-72.77218467,2062385.4213,5025260.22815,
2758,70,1,ACTIVA,1,LOTE 1B,0,4.56333262,-72.77059127,2062247.8050,5025436.95027,
2759,70,2,ACTIVA,1,LOTE 1B,0,4.56339540,-72.77064986,2062254.7393,5025430.45141,
2760,70,3,ACTIVA,1,LOTE 1B,0,4.56345937,-72.77072339,2062261.8052,5025422.29520,
2761,70,4,ACTIVA,1,LOTE 1B,0,4.56351676,-72.77078497,2062268.1448,5025415.46507,
2762,70,5,ACTIVA,1,LOTE 1B,0,4.56357861,-72.77084502,2062274.9759,5025408.80465,
2763,70,6,ACTIVA,1,LOTE 1B,0,4.56364680,-72.77091415,2062282.5085,5025401.13721,
2764,70,7,ACTIVA,1,LOTE 1B,0,4.56370629,-72.77097868,2062289.0793,5025393.97969,
2765,70,8,ACTIVA,1,LOTE 1B,0,4.56376906,-72.77105581,2062296.0129,5025385.42577,
2766,70,9,ACTIVA,1,LOTE 1B,0,4.56383177,-72.77112809,2062302.9394,5025377.40956,
2767,70,10,ACTIVA,1,LOTE 1B,0,4.56388598,-72.77120461,2062308.9262,5025368.92224,
2768,70,11,ACTIVA,1,LOTE 1B,0,4.56393806,-72.77127157,2062314.6785,5025361.49568,
2769,70,12,ACTIVA,1,LOTE 1B,0,4.56399440,-72.77133854,2062320.9005,5025354.06896,
2770,70,13,ACTIVA,1,LOTE 1B,0,4.56406242,-72.77141187,2062328.4142,5025345.93472,
2771,70,14,ACTIVA,1,LOTE 1B,0,4.56411556,-72.77148521,2062334.2837,5025337.80100,
2772,70,15,ACTIVA,1,LOTE 1B,0,4.56416658,-72.77155430,2062339.9184,5025330.13877,
2773,70,16,ACTIVA,1,LOTE 1B,0,4.56422717,-72.77163295,2062346.6098,5025321.41553,
2774,70,17,ACTIVA,1,LOTE 1B,0,4.56427287,-72.77169991,2062351.6575,5025313.98920,
2775,70,18,ACTIVA,1,LOTE 1B,0,4.56432827,-72.77176564,2062357.7762,5025306.69923,
2776,71,1,ACTIVA,1,LOTE 1B,0,4.56336776,-72.77050923,2062251.6910,5025446.04464,
2777,71,2,ACTIVA,1,LOTE 1B,0,4.56342627,-72.77056978,2062258.1529,5025439.32967,
2778,71,3,ACTIVA,1,LOTE 1B,0,4.56348885,-72.77062964,2062265.0657,5025432.68998,
2779,71,4,ACTIVA,1,LOTE 1B,0,4.56355687,-72.77069970,2062272.5795,5025424.91871,
2780,71,5,ACTIVA,1,LOTE 1B,0,4.56361061,-72.77076297,2062278.5151,5025417.90221,
2781,71,6,ACTIVA,1,LOTE 1B,0,4.56367251,-72.77082351,2062285.3527,5025411.18712,
2782,71,7,ACTIVA,1,LOTE 1B,0,4.56374190,-72.77089221,2062293.0169,5025403.56666,
2783,71,8,ACTIVA,1,LOTE 1B,0,4.56380516,-72.77097248,2062300.0042,5025394.66418,
2784,71,9,ACTIVA,1,LOTE 1B,0,4.56385835,-72.77104624,2062305.8783,5025386.48331,
2785,71,10,ACTIVA,1,LOTE 1B,0,4.56391999,-72.77112171,2062312.6873,5025378.11358,
2786,71,11,ACTIVA,1,LOTE 1B,0,4.56397314,-72.77118867,2062318.5570,5025370.68698,
2787,71,12,ACTIVA,1,LOTE 1B,0,4.56402841,-72.77125563,2062324.6616,5025363.26030,
2788,71,13,ACTIVA,1,LOTE 1B,0,4.56409005,-72.77133428,2062331.4704,5025354.53702,
2789,71,14,ACTIVA,1,LOTE 1B,0,4.56414320,-72.77140124,2062337.3401,5025347.11042,
2790,71,15,ACTIVA,1,LOTE 1B,0,4.56420272,-72.77146821,2062343.9145,5025339.68360,
2791,71,16,ACTIVA,1,LOTE 1B,0,4.56426118,-72.77155111,2062350.3708,5025330.48902,
2792,71,17,ACTIVA,1,LOTE 1B,0,4.56431538,-72.77161913,2062356.3580,5025322.94453,
2793,71,18,ACTIVA,1,LOTE 1B,0,4.56436640,-72.77168503,2062361.9928,5025315.63586,
2794,72,1,ACTIVA,1,LOTE 1B,0,4.56346132,-72.77048413,2062262.0296,5025448.82473,
2795,72,2,ACTIVA,1,LOTE 1B,0,4.56351937,-72.77054760,2062268.4412,5025441.78561,
2796,72,3,ACTIVA,1,LOTE 1B,0,4.56358438,-72.77061648,2062275.6223,5025434.14552,
2797,72,4,ACTIVA,1,LOTE 1B,0,4.56364475,-72.77068072,2062282.2905,5025427.02051,
2798,72,5,ACTIVA,1,LOTE 1B,0,4.56370822,-72.77074186,2062289.3008,5025420.23865,
2799,72,6,ACTIVA,1,LOTE 1B,0,4.56377555,-72.77080920,2062296.7385,5025412.77012,
2800,72,7,ACTIVA,1,LOTE 1B,0,4.56383955,-72.77089569,2062303.8068,5025403.17772,
2801,72,8,ACTIVA,1,LOTE 1B,0,4.56389518,-72.77096099,2062309.9511,5025395.93488,
2802,72,9,ACTIVA,1,LOTE 1B,0,4.56395685,-72.77103718,2062316.7631,5025387.48501,
2803,72,10,ACTIVA,1,LOTE 1B,0,4.56400885,-72.77110732,2062322.5064,5025379.70593,
2804,72,11,ACTIVA,1,LOTE 1B,0,4.56405844,-72.77117262,2062327.9826,5025372.46330,
2805,72,12,ACTIVA,1,LOTE 1B,0,4.56412374,-72.77124881,2062335.1955,5025364.01331,
2806,72,13,ACTIVA,1,LOTE 1B,0,4.56417937,-72.77131532,2062341.3398,5025356.63638,
2807,72,14,ACTIVA,1,LOTE 1B,0,4.56423983,-72.77138909,2062348.0183,5025348.45474,
2808,72,15,ACTIVA,1,LOTE 1B,0,4.56429721,-72.77145778,2062354.3549,5025340.83639,
2809,72,16,ERRADICADA,0,LOTE 1B,0,4.56435370,-72.77153440,2062360.5951,5025332.33844,
2810,73,1,ACTIVA,1,LOTE 1B,0,4.56349228,-72.77039900,2062265.4534,5025458.26362,
2811,73,2,ACTIVA,1,LOTE 1B,0,4.56355343,-72.77046556,2062272.2069,5025450.88112,
2812,73,3,ACTIVA,1,LOTE 1B,0,4.56361534,-72.77053212,2062279.0460,5025443.49859,
2813,73,4,ACTIVA,1,LOTE 1B,0,4.56368036,-72.77059249,2062286.2274,5025436.80250,
2814,73,5,ACTIVA,1,LOTE 1B,0,4.56374391,-72.77065536,2062293.2480,5025429.82841,
2815,73,6,ACTIVA,1,LOTE 1B,0,4.56380930,-72.77072372,2062300.4701,5025422.24667,
2816,73,7,ACTIVA,1,LOTE 1B,0,4.56387171,-72.77080545,2062307.3634,5025413.18210,
2817,73,8,ACTIVA,1,LOTE 1B,0,4.56392415,-72.77087576,2062313.1557,5025405.38456,
2818,73,9,ACTIVA,1,LOTE 1B,0,4.56398685,-72.77095315,2062320.0799,5025396.80056,
2819,73,10,ACTIVA,1,LOTE 1B,0,4.56403947,-72.77102126,2062325.8928,5025389.24673,
2820,73,11,ACTIVA,1,LOTE 1B,0,4.56409520,-72.77109402,2062332.0475,5025381.17789,
2821,73,12,ACTIVA,1,LOTE 1B,0,4.56415325,-72.77116213,2062338.4590,5025373.62388,
2822,73,13,ACTIVA,1,LOTE 1B,0,4.56421516,-72.77123488,2062345.2979,5025365.55482,
2823,73,14,ACTIVA,1,LOTE 1B,0,4.56427553,-72.77130531,2062351.9658,5025357.74328,
2824,73,15,ACTIVA,1,LOTE 1B,0,4.56432662,-72.77137264,2062357.6076,5025350.27533,
2825,73,16,ACTIVA,1,LOTE 1B,0,4.56439395,-72.77145081,2062365.0450,5025341.60536,
2826,73,17,ACTIVA,1,LOTE 1B,0,4.56444194,-72.77151273,2062370.3449,5025334.73825,
2827,74,1,ACTIVA,1,LOTE 1B,0,4.56352556,-72.77032315,2062269.1333,5025466.67261,
2828,74,2,ACTIVA,1,LOTE 1B,0,4.56358671,-72.77038120,2062275.8872,5025460.23410,
2829,74,3,ACTIVA,1,LOTE 1B,0,4.56364785,-72.77044466,2062282.6409,5025453.19488,
2830,74,4,ACTIVA,1,LOTE 1B,0,4.56371905,-72.77051509,2062290.5061,5025445.38293,
2831,74,5,ACTIVA,1,LOTE 1B,0,4.56377323,-72.77057391,2062296.4903,5025438.85886,
2832,74,6,ACTIVA,1,LOTE 1B,0,4.56383824,-72.77063428,2062303.6717,5025432.16277,
2833,74,7,ACTIVA,1,LOTE 1B,0,4.56390326,-72.77072484,2062310.8520,5025422.11979,
2834,74,8,ACTIVA,1,LOTE 1B,0,4.56395976,-72.77079217,2062317.0925,5025414.65164,
2835,74,9,ERRADICADA,0,LOTE 1B,0,4.56402216,-72.77086787,2062323.9847,5025406.25538,
2836,74,10,ACTIVA,1,LOTE 1B,0,4.56408383,-72.77093560,2062330.7970,5025398.74414,
2837,74,11,ACTIVA,1,LOTE 1B,0,4.56413622,-72.77100888,2062336.5830,5025390.61642,
2838,74,12,ACTIVA,1,LOTE 1B,0,4.56419117,-72.77107622,2062342.6524,5025383.14833,
2839,74,13,ACTIVA,1,LOTE 1B,0,4.56425309,-72.77114819,2062349.4913,5025375.16509,
2840,74,14,ACTIVA,1,LOTE 1B,0,4.56430727,-72.77122095,2062355.4750,5025367.09631,
2841,74,15,ACTIVA,1,LOTE 1B,0,4.56436686,-72.77128828,2062362.0575,5025359.62806,
2842,74,16,ACTIVA,1,LOTE 1B,0,4.56443420,-72.77137032,2062369.4947,5025350.52901,
2843,74,17,ACTIVA,1,LOTE 1B,0,4.56448218,-72.77143146,2062374.7947,5025343.74771,
2844,75,1,ACTIVA,1,LOTE 1B,0,4.56355899,-72.77023416,2062272.8297,5025476.53821,
2845,75,2,ACTIVA,1,LOTE 1B,0,4.56362239,-72.77030285,2062279.8329,5025468.91991,
2846,75,3,ACTIVA,1,LOTE 1B,0,4.56367875,-72.77035657,2062286.0583,5025462.96178,
2847,75,4,ACTIVA,1,LOTE 1B,0,4.56374744,-72.77042613,2062293.6453,5025455.24566,
2848,75,5,ACTIVA,1,LOTE 1B,0,4.56381348,-72.77049130,2062300.9405,5025448.01784,
2849,75,6,ACTIVA,1,LOTE 1B,0,4.56387248,-72.77055646,2062307.4574,5025440.79028,
2850,75,7,ACTIVA,1,LOTE 1B,0,4.56394293,-72.77064188,2062315.2384,5025431.31655,
2851,75,8,ACTIVA,1,LOTE 1B,0,4.56399400,-72.77070528,2062320.8796,5025424.28455,
2852,75,9,ACTIVA,1,LOTE 1B,0,4.56405124,-72.77077661,2062327.2016,5025416.37355,
2853,75,10,ACTIVA,1,LOTE 1B,0,4.56411200,-72.77085675,2062333.9126,5025407.48602,
2854,75,11,ACTIVA,1,LOTE 1B,0,4.56416572,-72.77092543,2062339.8455,5025399.86808,
2855,75,12,ACTIVA,1,LOTE 1B,0,4.56422384,-72.77099412,2062346.2649,5025392.24998,
2856,75,13,ACTIVA,1,LOTE 1B,0,4.56428900,-72.77106721,2062353.4626,5025384.14343,
2857,75,14,ACTIVA,1,LOTE 1B,0,4.56434096,-72.77113590,2062359.2009,5025376.52556,
2858,75,15,ACTIVA,1,LOTE 1B,0,4.56440084,-72.77120370,2062365.8150,5025369.00505,
2859,75,16,ACTIVA,1,LOTE 1B,0,4.56446953,-72.77128736,2062373.4015,5025359.72668,
2860,75,17,ACTIVA,1,LOTE 1B,0,4.56452229,-72.77135376,2062379.2294,5025352.36265,
2861,76,1,ACTIVA,1,LOTE 1B,0,4.56359685,-72.77015051,2062277.0166,5025485.81284,
2862,76,2,ACTIVA,1,LOTE 1B,0,4.56365938,-72.77021655,2062283.9226,5025478.48750,
2863,76,3,ACTIVA,1,LOTE 1B,0,4.56371926,-72.77028083,2062290.5368,5025471.35754,
2864,76,4,ACTIVA,1,LOTE 1B,0,4.56378354,-72.77035304,2062297.6372,5025463.34865,
2865,76,5,ACTIVA,1,LOTE 1B,0,4.56384166,-72.77041380,2062304.0569,5025456.60932,
2866,76,6,ACTIVA,1,LOTE 1B,0,4.56390770,-72.77046928,2062311.3525,5025450.45557,
2867,76,7,ACTIVA,1,LOTE 1B,0,4.56397287,-72.77055998,2062318.5495,5025440.39617,
2868,76,8,ACTIVA,1,LOTE 1B,0,4.56402659,-72.77062867,2062324.4824,5025432.77823,
2869,76,9,ACTIVA,1,LOTE 1B,0,4.56408118,-72.77069912,2062330.5126,5025424.96497,
2870,76,10,ACTIVA,1,LOTE 1B,0,4.56414723,-72.77077309,2062337.8075,5025416.76074,
2871,76,11,ACTIVA,1,LOTE 1B,0,4.56420711,-72.77084442,2062344.4215,5025408.84966,
2872,76,12,ACTIVA,1,LOTE 1B,0,4.56426171,-72.77091222,2062350.4517,5025401.32933,
2873,76,13,ACTIVA,1,LOTE 1B,0,4.56431190,-72.77097827,2062355.9955,5025394.00444,
2874,76,14,ACTIVA,1,LOTE 1B,0,4.56437971,-72.77105488,2062363.4850,5025385.50723,
2875,76,15,ERRADICADA,0,LOTE 1B,0,4.56444487,-72.77113678,2062370.6824,5025376.42427,
2876,76,16,ACTIVA,1,LOTE 1B,0,4.56450123,-72.77119490,2062376.9076,5025369.97794,
2877,76,17,ACTIVA,1,LOTE 1B,0,4.56456287,-72.77126711,2062383.7161,5025361.96916,
2878,77,1,ACTIVA,1,LOTE 1B,0,4.56362855,-72.77006597,2062280.5224,5025495.18533,
2879,77,2,ACTIVA,1,LOTE 1B,0,4.56368667,-72.77013025,2062286.9420,5025488.05543,
2880,77,3,ACTIVA,1,LOTE 1B,0,4.56374832,-72.77019454,2062293.7508,5025480.92541,
2881,77,4,ACTIVA,1,LOTE 1B,0,4.56381700,-72.77025970,2062301.3379,5025473.69750,
2882,77,5,ACTIVA,1,LOTE 1B,0,4.56387953,-72.77032486,2062308.2440,5025466.46981,
2883,77,6,ACTIVA,1,LOTE 1B,0,4.56393941,-72.77039003,2062314.8581,5025459.24221,
2884,77,7,ACTIVA,1,LOTE 1B,0,4.56400826,-72.77045206,2062322.4636,5025452.36214,
2885,77,8,ACTIVA,1,LOTE 1B,0,4.56406054,-72.77054562,2062328.2375,5025441.98587,
2886,77,9,ACTIVA,1,LOTE 1B,0,4.56411696,-72.77061304,2062334.4685,5025434.50819,
2887,77,10,ACTIVA,1,LOTE 1B,0,4.56417365,-72.77068063,2062340.7298,5025427.01219,
2888,77,11,ACTIVA,1,LOTE 1B,0,4.56423265,-72.77076076,2062347.2462,5025418.12472,
2889,77,12,ACTIVA,1,LOTE 1B,0,4.56428900,-72.77083033,2062353.4709,5025410.40905,
2890,77,13,ACTIVA,1,LOTE 1B,0,4.56434889,-72.77089725,2062360.0850,5025402.98617,
2891,77,14,ACTIVA,1,LOTE 1B,0,4.56441053,-72.77096770,2062366.8936,5025395.17267,
2892,77,15,ACTIVA,1,LOTE 1B,0,4.56446953,-72.77103639,2062373.4103,5025387.55455,
2893,77,16,ACTIVA,1,LOTE 1B,0,4.56453029,-72.77111564,2062380.1213,5025378.76467,
2894,77,17,ACTIVA,1,LOTE 1B,0,4.56459986,-72.77118785,2062387.8055,5025370.75561,
2895,78,1,ACTIVA,1,LOTE 1B,0,4.56366026,-72.76997791,2062284.0284,5025504.94839,
2896,78,2,ACTIVA,1,LOTE 1B,0,4.56372454,-72.77004395,2062291.1290,5025497.62299,
2897,78,3,ACTIVA,1,LOTE 1B,0,4.56378706,-72.77010912,2062298.0350,5025490.39529,
2898,78,4,ACTIVA,1,LOTE 1B,0,4.56384518,-72.77017428,2062304.4546,5025483.16775,
2899,78,5,ACTIVA,1,LOTE 1B,0,4.56391651,-72.77023945,2062312.3336,5025475.93975,
2900,78,6,ACTIVA,1,LOTE 1B,0,4.56397903,-72.77030197,2062319.2398,5025469.00498,
2901,78,7,ACTIVA,1,LOTE 1B,0,4.56403870,-72.77036799,2062325.8303,5025461.68244,
2902,78,8,ACTIVA,1,LOTE 1B,0,4.56410226,-72.77045985,2062332.8502,5025451.49469,
2903,78,9,ACTIVA,1,LOTE 1B,0,4.56415685,-72.77052896,2062338.8788,5025443.82950,
2904,78,10,ACTIVA,1,LOTE 1B,0,4.56420718,-72.77060243,2062344.4383,5025435.68173,
2905,78,11,ACTIVA,1,LOTE 1B,0,4.56427045,-72.77067930,2062351.4257,5025427.15638,
2906,78,12,ACTIVA,1,LOTE 1B,0,4.56432623,-72.77074664,2062357.5866,5025419.68725,
2907,78,13,ACTIVA,1,LOTE 1B,0,4.56438201,-72.77081194,2062363.7476,5025412.44441,
2908,78,14,ACTIVA,1,LOTE 1B,0,4.56444119,-72.77088677,2062370.2841,5025404.14548,
2909,78,15,ACTIVA,1,LOTE 1B,0,4.56449969,-72.77095411,2062376.7457,5025396.67627,
2910,78,16,ACTIVA,1,LOTE 1B,0,4.56456431,-72.77102962,2062383.8835,5025388.30173,
2911,78,17,ACTIVA,1,LOTE 1B,0,4.56463438,-72.77110309,2062391.6226,5025380.15327,
2912,79,1,ACTIVA,1,LOTE 1B,0,4.56369224,-72.76989226,2062287.5654,5025514.44454,
2913,79,2,ACTIVA,1,LOTE 1B,0,4.56375686,-72.76996504,2062294.7032,5025506.37168,
2914,79,3,ACTIVA,1,LOTE 1B,0,4.56381604,-72.77002558,2062301.2402,5025499.65669,
2915,79,4,ACTIVA,1,LOTE 1B,0,4.56387863,-72.77008885,2062308.1529,5025492.63987,
2916,79,5,ACTIVA,1,LOTE 1B,0,4.56394597,-72.77016299,2062315.5914,5025484.41607,
2917,79,6,ACTIVA,1,LOTE 1B,0,4.56401127,-72.77022217,2062322.8049,5025477.85171,
2918,79,7,ACTIVA,1,LOTE 1B,0,4.56407250,-72.77028067,2062329.5675,5025471.36292,
2919,79,8,ACTIVA,1,LOTE 1B,0,4.56413236,-72.77037591,2062336.1784,5025460.80119,
2920,79,9,ACTIVA,1,LOTE 1B,0,4.56418065,-72.77044937,2062341.5123,5025452.65349,
2921,79,10,ACTIVA,1,LOTE 1B,0,4.56424120,-72.77051944,2062348.1993,5025444.88249,
2922,79,11,ACTIVA,1,LOTE 1B,0,4.56430157,-72.77058921,2062354.8675,5025437.14450,
2923,79,12,ACTIVA,1,LOTE 1B,0,4.56436003,-72.77066786,2062361.3240,5025428.42132,
2924,79,13,ACTIVA,1,LOTE 1B,0,4.56441848,-72.77073376,2062367.7810,5025421.11239,
2925,79,14,ACTIVA,1,LOTE 1B,0,4.56447056,-72.77080178,2062373.5332,5025413.56797,
2926,79,15,ACTIVA,1,LOTE 1B,0,4.56453009,-72.77087193,2062380.1074,5025405.78758,
2927,79,16,ACTIVA,1,LOTE 1B,0,4.56460130,-72.77094314,2062387.9735,5025397.88894,
2928,79,17,ACTIVA,1,LOTE 1B,0,4.56466692,-72.77101841,2062395.2214,5025389.54114,
2929,80,1,ACTIVA,1,LOTE 1B,0,4.56372625,-72.76981335,2062291.3263,5025523.19275,
2930,80,2,ACTIVA,1,LOTE 1B,0,4.56379496,-72.76987865,2062298.9154,5025515.94943,
2931,80,3,ACTIVA,1,LOTE 1B,0,4.56385958,-72.76994259,2062306.0536,5025508.85711,
2932,80,4,ACTIVA,1,LOTE 1B,0,4.56392148,-72.77000586,2062312.8911,5025501.84032,
2933,80,5,ACTIVA,1,LOTE 1B,0,4.56398678,-72.77007456,2062320.1043,5025494.21999,
2934,80,6,ACTIVA,1,LOTE 1B,0,4.56405073,-72.77013374,2062327.1675,5025487.65569,
2935,80,7,ACTIVA,1,LOTE 1B,0,4.56410923,-72.77019904,2062333.6291,5025480.41274,
2936,80,10,ACTIVA,1,LOTE 1B,0,4.56427705,-72.77042579,2062352.1648,5025455.26525,
2937,80,11,ACTIVA,1,LOTE 1B,0,4.56432688,-72.77049554,2062357.6674,5025447.52940,
2938,80,12,ACTIVA,1,LOTE 1B,0,4.56439331,-72.77057359,2062365.0047,5025438.87223,
2939,80,13,ACTIVA,1,LOTE 1B,0,4.56445568,-72.77064341,2062371.8946,5025431.12857,
2940,80,14,ACTIVA,1,LOTE 1B,0,4.56450777,-72.77071463,2062377.6467,5025423.23060,
2941,80,15,ACTIVA,1,LOTE 1B,0,4.56456410,-72.77079434,2062383.8683,5025414.38965,
2942,80,16,ACTIVA,1,LOTE 1B,0,4.56462893,-72.77085705,2062391.0300,5025407.43405,
2943,80,11,ACTIVA,1,LOTE 1B,0,4.56436747,-72.77041915,2062362.1549,5025455.99865,
2944,80,12,ACTIVA,1,LOTE 1B,0,4.56442805,-72.77049142,2062368.8465,5025447.98251,
2945,80,13,ACTIVA,1,LOTE 1B,0,4.56449820,-72.77055626,2062376.5953,5025440.79102,
2946,80,14,ACTIVA,1,LOTE 1B,0,4.56454071,-72.77063491,2062381.2902,5025432.06840,
2947,80,15,ACTIVA,1,LOTE 1B,0,4.56460024,-72.77071037,2062387.8643,5025423.69875,
2948,80,16,ACTIVA,1,LOTE 1B,0,4.56466082,-72.77078159,2062394.5559,5025415.80048,
2949,81,1,ACTIVA,1,LOTE 1B,0,4.56376230,-72.76972219,2062295.3132,5025533.29855,
2950,81,2,ACTIVA,1,LOTE 1B,0,4.56382149,-72.76978886,2062301.8499,5025525.90472,
2951,81,3,ACTIVA,1,LOTE 1B,0,4.56388747,-72.76985960,2062309.1382,5025518.05809,
2952,81,4,ACTIVA,1,LOTE 1B,0,4.56394937,-72.76992559,2062315.9756,5025510.73959,
2953,81,5,ACTIVA,1,LOTE 1B,0,4.56400651,-72.76998953,2062322.2870,5025503.64754,
2954,81,6,ACTIVA,1,LOTE 1B,0,4.56408006,-72.77005671,2062330.4112,5025496.19588,
2955,81,7,ACTIVA,1,LOTE 1B,0,4.56414319,-72.77012027,2062337.3840,5025489.14586,
2956,81,11,ACTIVA,1,LOTE 1B,0,4.56440161,-72.77035604,2062365.9299,5025462.99496,
2957,81,12,ERRADICADA,0,LOTE 1B,0,4.56445994,-72.77041702,2062372.3724,5025456.23109,
2958,81,13,ACTIVA,1,LOTE 1B,0,4.56452690,-72.77048930,2062379.7686,5025448.21474,
2959,81,14,ACTIVA,1,LOTE 1B,0,4.56457996,-72.77054733,2062385.6293,5025441.77810,
2960,81,15,ACTIVA,1,LOTE 1B,0,4.56462621,-72.77062556,2062390.7375,5025433.10250,
2961,81,16,ACTIVA,1,LOTE 1B,0,4.56468948,-72.77069358,2062397.7252,5025425.55769,
2962,75,23,ACTIVA,1,LOTE 1B,0,4.56495615,-72.77165717,2062427.1576,5025318.70518,
2963,75,24,ACTIVA,1,LOTE 1B,0,4.56501705,-72.77172013,2062433.8842,5025311.72177,
2964,75,25,ACTIVA,1,LOTE 1B,0,4.56507692,-72.77178412,2062440.4967,5025304.62394,
2965,75,26,ACTIVA,1,LOTE 1B,0,4.56514504,-72.77184915,2062448.0216,5025297.41138,
2966,75,28,ACTIVA,1,LOTE 1B,0,4.56528748,-72.77195649,2062463.7564,5025285.50388,
2967,75,27,ACTIVA,1,LOTE 1B,0,4.56520387,-72.77191314,2062454.5201,5025290.31359,
2968,75,29,ACTIVA,1,LOTE 1B,0,4.56534734,-72.77203391,2062470.3685,5025276.91825,
2969,75,30,ACTIVA,1,LOTE 1B,0,4.56540411,-72.77210409,2062476.6386,5025269.13386,
2970,75,31,ACTIVA,1,LOTE 1B,0,4.56545056,-72.77217944,2062481.7681,5025260.77759,
2971,75,32,ACTIVA,1,LOTE 1B,0,4.56550733,-72.77225272,2062488.0382,5025252.64986,
2972,75,33,ACTIVA,1,LOTE 1B,0,4.56555894,-72.77233014,2062493.7378,5025244.06452,
2973,75,34,ACTIVA,1,LOTE 1B,0,4.56561880,-72.77240445,2062500.3500,5025235.82223,
2974,75,35,ACTIVA,1,LOTE 1B,0,4.56566422,-72.77246948,2062505.3658,5025228.61048,
2975,75,37,ACTIVA,1,LOTE 1B,0,4.56577363,-72.77262121,2062517.4496,5025211.78293,
2976,75,36,ACTIVA,1,LOTE 1B,0,4.56572202,-72.77255102,2062511.7496,5025219.56714,
2977,75,38,ACTIVA,1,LOTE 1B,0,4.56582214,-72.77269243,2062522.8073,5025203.88439,
2978,75,39,ACTIVA,1,LOTE 1B,0,4.56588510,-72.77277500,2062529.7613,5025194.72642,
2979,75,40,ACTIVA,1,LOTE 1B,0,4.56593774,-72.77284725,2062535.5752,5025186.71329,
2980,75,41,ACTIVA,1,LOTE 1B,0,4.56598935,-72.77292054,2062541.2751,5025178.58575,
2981,75,42,ACTIVA,1,LOTE 1B,0,4.56604096,-72.77299795,2062546.9747,5025170.00042,
2982,75,43,ACTIVA,1,LOTE 1B,0,4.56609257,-72.77307020,2062552.6746,5025161.98733,
2983,75,44,ACTIVA,1,LOTE 1B,0,4.56614830,-72.77313935,2062558.8307,5025154.31744,
2984,75,45,ACTIVA,1,LOTE 1B,0,4.56620094,-72.77322193,2062564.6443,5025145.15984,
2985,75,46,ACTIVA,1,LOTE 1B,0,4.56626184,-72.77329934,2062571.3704,5025136.57419,
2986,75,47,ACTIVA,1,LOTE 1B,0,4.56631345,-72.77336437,2062577.0705,5025129.36224,
2987,75,48,ACTIVA,1,LOTE 1B,0,4.56636460,-72.77344062,2062582.7201,5025120.90511,
2988,75,49,ACTIVA,1,LOTE 1B,0,4.56641613,-72.77351593,2062588.4107,5025112.55327,
2989,75,50,ACTIVA,1,LOTE 1B,0,4.56648021,-72.77359190,2062595.4881,5025104.12774,
2990,76,23,ACTIVA,1,LOTE 1B,0,4.56498905,-72.77156730,2062430.7961,5025328.66806,
2991,76,24,ACTIVA,1,LOTE 1B,0,4.56505698,-72.77163349,2062438.2995,5025321.32675,
2992,76,25,ACTIVA,1,LOTE 1B,0,4.56511098,-72.77169742,2062444.2634,5025314.23628,
2993,76,26,ACTIVA,1,LOTE 1B,0,4.56517869,-72.77176013,2062451.7424,5025307.28077,
2994,76,27,ACTIVA,1,LOTE 1B,0,4.56524332,-72.77182401,2062458.8822,5025300.19478,
2995,76,28,ACTIVA,1,LOTE 1B,0,4.56530370,-72.77188891,2062465.5516,5025292.99729,
2996,76,29,ACTIVA,1,LOTE 1B,0,4.56536448,-72.77195497,2062472.2644,5025285.67054,
2997,76,30,ACTIVA,1,LOTE 1B,0,4.56543648,-72.77203424,2062480.2176,5025276.87848,
2998,76,31,ACTIVA,1,LOTE 1B,0,4.56548999,-72.77209963,2062486.1275,5025269.62523,
2999,76,32,ACTIVA,1,LOTE 1B,0,4.56554350,-72.77216966,2062492.0373,5025261.85927,
3000,76,33,ACTIVA,1,LOTE 1B,0,4.56559766,-72.77223836,2062498.0201,5025254.23977,
3001,76,34,ACTIVA,1,LOTE 1B,0,4.56565906,-72.77231672,2062504.8009,5025245.54880,
3002,76,35,ACTIVA,1,LOTE 1B,0,4.56570034,-72.77237762,2062509.3607,5025238.79498,
3003,76,36,ERRADICADA,0,LOTE 1B,0,4.56576244,-72.77248556,2062516.2185,5025226.82368,
3004,76,37,ACTIVA,1,LOTE 1B,0,4.56580824,-72.77254076,2062521.2773,5025220.70195,
3005,76,38,ACTIVA,1,LOTE 1B,0,4.56585639,-72.77260770,2062526.5951,5025213.27800,
3006,76,39,ACTIVA,1,LOTE 1B,0,4.56591746,-72.77269108,2062533.3398,5025204.03058,
3007,76,40,ACTIVA,1,LOTE 1B,0,4.56596326,-72.77276389,2062538.3979,5025195.95563,
3008,76,41,ACTIVA,1,LOTE 1B,0,4.56602316,-72.77283553,2062545.0132,5025188.01040,
3009,76,42,ACTIVA,1,LOTE 1B,0,4.56607248,-72.77291069,2062550.4605,5025179.67490,
3010,76,43,ACTIVA,1,LOTE 1B,0,4.56612767,-72.77298350,2062556.5568,5025171.59963,
3011,76,44,ACTIVA,1,LOTE 1B,0,4.56618052,-72.77305631,2062562.3935,5025163.52444,
3012,76,45,ACTIVA,1,LOTE 1B,0,4.56623454,-72.77313499,2062568.3597,5025154.79813,
3013,76,46,ERRADICADA,0,LOTE 1B,0,4.56629561,-72.77322424,2062575.1042,5025144.89965,
3014,76,47,ACTIVA,1,LOTE 1B,0,4.56634376,-72.77328179,2062580.4223,5025138.51742,
3015,76,48,ACTIVA,1,LOTE 1B,0,4.56639543,-72.77335225,2062586.1294,5025130.70271,
3016,76,49,ACTIVA,1,LOTE 1B,0,4.56645409,-72.77342952,2062592.6081,5025122.13292,
3017,76,50,ACTIVA,1,LOTE 1B,0,4.56651181,-72.77350456,2062598.9835,5025113.81047,
3018,77,23,ACTIVA,1,LOTE 1B,0,4.56501788,-72.77148325,2062433.9844,5025337.98735,
3019,77,24,ACTIVA,1,LOTE 1B,0,4.56508168,-72.77155564,2062441.0307,5025329.95791,
3020,77,25,ACTIVA,1,LOTE 1B,0,4.56514189,-72.77161943,2062447.6812,5025322.88232,
3021,77,26,ACTIVA,1,LOTE 1B,0,4.56520353,-72.77168179,2062454.4902,5025315.96564,
3022,77,27,ACTIVA,1,LOTE 1B,0,4.56526947,-72.77175132,2062461.7741,5025308.25404,
3023,77,28,ACTIVA,1,LOTE 1B,0,4.56533112,-72.77181153,2062468.5832,5025301.57580,
3024,77,29,ACTIVA,1,LOTE 1B,0,4.56539204,-72.77187604,2062475.3129,5025294.42072,
3025,77,30,ACTIVA,1,LOTE 1B,0,4.56546421,-72.77194170,2062483.2844,5025287.13808,
3026,77,31,ACTIVA,1,LOTE 1B,0,4.56552614,-72.77200776,2062490.1250,5025279.81129,
3027,77,32,ACTIVA,1,LOTE 1B,0,4.56557843,-72.77206694,2062495.9013,5025273.24783,
3028,77,33,ACTIVA,1,LOTE 1B,0,4.56565137,-72.77213621,2062503.9583,5025265.56460,
3029,77,34,ACTIVA,1,LOTE 1B,0,4.56570734,-72.77220685,2062510.1397,5025257.72937,
3030,77,36,ACTIVA,1,LOTE 1B,0,4.56581387,-72.77230584,2062521.9069,5025246.74946,
3031,77,37,ACTIVA,1,LOTE 1B,0,4.56592027,-72.77242456,2062533.6589,5025233.58234,
3032,77,38,ACTIVA,1,LOTE 1B,0,4.56597962,-72.77251080,2062540.2147,5025224.01817,
3033,77,39,ACTIVA,1,LOTE 1B,0,4.56603114,-72.77258807,2062545.9044,5025215.44774,
3034,77,40,ACTIVA,1,LOTE 1B,0,4.56607818,-72.77266759,2062551.0991,5025206.62911,
3035,77,41,ACTIVA,1,LOTE 1B,0,4.56612858,-72.77273815,2062556.6654,5025198.80382,
3036,77,42,ACTIVA,1,LOTE 1B,0,4.56618906,-72.77281655,2062563.3451,5025190.10890,
3037,77,43,ACTIVA,1,LOTE 1B,0,4.56623498,-72.77288487,2062568.4165,5025182.53214,
3038,77,44,ACTIVA,1,LOTE 1B,0,4.56629098,-72.77296550,2062574.6011,5025173.58901,
3039,77,45,ACTIVA,1,LOTE 1B,0,4.56634679,-72.77303723,2062580.7663,5025165.63439,
3040,77,46,ACTIVA,1,LOTE 1B,0,4.56640629,-72.77311249,2062587.3373,5025157.28722,
3041,77,47,ACTIVA,1,LOTE 1B,0,4.56646220,-72.77318703,2062593.5122,5025149.01966,
3042,77,48,ACTIVA,1,LOTE 1B,0,4.56651945,-72.77325782,2062599.8359,5025141.16930,
3043,77,49,ACTIVA,1,LOTE 1B,0,4.56657657,-72.77334405,2062606.1441,5025131.60523,
3044,77,35,ACTIVA,1,LOTE 1B,0,4.56573191,-72.77230236,2062512.8512,5025247.13834,
3045,77,36,ACTIVA,1,LOTE 1B,0,4.56578828,-72.77239396,2062519.0765,5025236.97957,
3046,77,37,ACTIVA,1,LOTE 1B,0,4.56584230,-72.77245855,2062525.0432,5025229.81584,
3047,77,38,ACTIVA,1,LOTE 1B,0,4.56588575,-72.77252901,2062529.8419,5025222.00140,
3048,77,39,ACTIVA,1,LOTE 1B,0,4.56594212,-72.77260183,2062536.0679,5025213.92608,
3049,77,40,ACTIVA,1,LOTE 1B,0,4.56599967,-72.77267111,2062542.4238,5025206.24137,
3050,77,41,ACTIVA,1,LOTE 1B,0,4.56605486,-72.77274862,2062548.5198,5025197.64523,
3051,77,42,ACTIVA,1,LOTE 1B,0,4.56609956,-72.77282386,2062553.4562,5025189.30175,
3052,77,43,ACTIVA,1,LOTE 1B,0,4.56615461,-72.77290459,2062559.5359,5025180.34753,
3053,77,44,ACTIVA,1,LOTE 1B,0,4.56620966,-72.77297432,2062565.6160,5025172.61408,
3054,77,45,ACTIVA,1,LOTE 1B,0,4.56626390,-72.77304926,2062571.6067,5025164.30283,
3055,77,46,ACTIVA,1,LOTE 1B,0,4.56632967,-72.77313851,2062578.8702,5025154.40417,
3056,77,47,ACTIVA,1,LOTE 1B,0,4.56637312,-72.77320193,2062583.6692,5025147.37104,
3057,77,48,ACTIVA,1,LOTE 1B,0,4.56642831,-72.77327357,2062589.7654,5025139.42598,
3058,77,49,ACTIVA,1,LOTE 1B,0,4.56648468,-72.77334990,2062595.9913,5025130.96003,
3059,77,50,ACTIVA,1,LOTE 1B,0,4.56654340,-72.77342859,2062602.4766,5025122.23357,
3060,78,23,ACTIVA,1,LOTE 1B,0,4.56505292,-72.77140184,2062437.8586,5025347.01303,
3061,78,24,ACTIVA,1,LOTE 1B,0,4.56512085,-72.77147383,2062445.3618,5025339.02795,
3062,78,25,ACTIVA,1,LOTE 1B,0,4.56518181,-72.77153653,2062452.0956,5025332.07315,
3063,78,26,ACTIVA,1,LOTE 1B,0,4.56523987,-72.77159459,2062458.5087,5025325.63346,
3064,78,27,ACTIVA,1,LOTE 1B,0,4.56530548,-72.77166659,2062465.7553,5025317.64847,
3065,78,28,ACTIVA,1,LOTE 1B,0,4.56536760,-72.77172813,2062472.6174,5025310.82238,
3066,78,29,ACTIVA,1,LOTE 1B,0,4.56543263,-72.77179141,2062479.8002,5025303.80306,
3067,78,30,ACTIVA,1,LOTE 1B,0,4.56549533,-72.77186225,2062486.7261,5025295.94692,
3068,78,31,ACTIVA,1,LOTE 1B,0,4.56555745,-72.77192611,2062493.5881,5025288.86333,
3069,78,32,ACTIVA,1,LOTE 1B,0,4.56561726,-72.77198881,2062500.1935,5025281.90857,
3070,78,33,ACTIVA,1,LOTE 1B,0,4.56568366,-72.77205094,2062507.5287,5025275.01796,
3071,78,34,ACTIVA,1,LOTE 1B,0,4.56574898,-72.77212986,2062514.7430,5025266.26450,
3072,78,35,ACTIVA,1,LOTE 1B,0,4.56580794,-72.77218701,2062521.2564,5025259.92537,
3073,78,36,ACTIVA,1,LOTE 1B,0,4.56587054,-72.77224779,2062528.1707,5025253.18377,
3074,78,37,ACTIVA,1,LOTE 1B,0,4.56594221,-72.77231765,2062536.0870,5025245.43597,
3075,78,38,ACTIVA,1,LOTE 1B,0,4.56600117,-72.77237752,2062542.6003,5025238.79508,
3076,78,39,ACTIVA,1,LOTE 1B,0,4.56605923,-72.77244737,2062549.0130,5025231.04776,
3077,78,40,ACTIVA,1,LOTE 1B,0,4.56613816,-72.77250997,2062557.7315,5025224.10442,
3078,78,41,ACTIVA,1,LOTE 1B,0,4.56618533,-72.77257347,2062562.9416,5025217.06159,
3079,78,42,ACTIVA,1,LOTE 1B,0,4.56623432,-72.77264695,2062568.3518,5025208.91224,
3080,78,43,ACTIVA,1,LOTE 1B,0,4.56629963,-72.77272043,2062575.5663,5025200.76231,
3081,78,44,ACTIVA,1,LOTE 1B,0,4.56634681,-72.77279391,2062580.7761,5025192.61302,
3082,78,45,ACTIVA,1,LOTE 1B,0,4.56640487,-72.77286921,2062587.1886,5025184.26218,
3083,78,46,ACTIVA,1,LOTE 1B,0,4.56646746,-72.77294269,2062594.1024,5025176.11235,
3084,78,47,ACTIVA,1,LOTE 1B,0,4.56652824,-72.77302162,2062600.8156,5025167.35907,
3085,78,48,ACTIVA,1,LOTE 1B,0,4.56657995,-72.77309056,2062606.5267,5025159.71256,
3086,78,49,ACTIVA,1,LOTE 1B,0,4.56664316,-72.77317671,2062613.5082,5025150.15851,
3087,78,40,ACTIVA,1,LOTE 1B,0,4.56611236,-72.77258022,2062554.8785,5025216.31602,
3088,78,41,ACTIVA,1,LOTE 1B,0,4.56616197,-72.77265393,2062560.3576,5025208.14149,
3089,78,42,ACTIVA,1,LOTE 1B,0,4.56620449,-72.77272196,2062565.0539,5025200.59589,
3090,78,43,ACTIVA,1,LOTE 1B,0,4.56626686,-72.77280843,2062571.9422,5025191.00640,
3091,78,44,ACTIVA,1,LOTE 1B,0,4.56631931,-72.77287789,2062577.7347,5025183.30329,
3092,78,45,ACTIVA,1,LOTE 1B,0,4.56637601,-72.77295301,2062583.9969,5025174.97135,
3093,78,46,ACTIVA,1,LOTE 1B,0,4.56643270,-72.77303239,2062590.2589,5025166.16791,
3094,78,47,ACTIVA,1,LOTE 1B,0,4.56649224,-72.77310468,2062596.8345,5025158.15022,
3095,78,48,ACTIVA,1,LOTE 1B,0,4.56654327,-72.77317413,2062602.4704,5025150.44716,
3096,78,49,ACTIVA,1,LOTE 1B,0,4.56660989,-72.77325918,2062609.8286,5025141.01470,
3097,79,23,ACTIVA,1,LOTE 1B,0,4.56508703,-72.77132411,2062441.6306,5025355.63028,
3098,79,24,ACTIVA,1,LOTE 1B,0,4.56515970,-72.77139281,2062449.6571,5025348.01013,
3099,79,25,ACTIVA,1,LOTE 1B,0,4.56521386,-72.77145292,2062455.6402,5025341.34282,
3100,79,26,ACTIVA,1,LOTE 1B,0,4.56527728,-72.77151436,2062462.6452,5025334.52870,
3101,79,27,ACTIVA,1,LOTE 1B,0,4.56534070,-72.77158438,2062469.6498,5025326.76238,
3102,79,28,ACTIVA,1,LOTE 1B,0,4.56540266,-72.77164889,2062476.4944,5025319.60682,
3103,79,29,ACTIVA,1,LOTE 1B,0,4.56546054,-72.77171052,2062482.8868,5025312.77108,
3104,79,30,ACTIVA,1,LOTE 1B,0,4.56552593,-72.77177591,2062490.1096,5025305.51840,
3105,79,31,ACTIVA,1,LOTE 1B,0,4.56559432,-72.77184281,2062497.6645,5025298.09893,
3106,79,32,ACTIVA,1,LOTE 1B,0,4.56565370,-72.77190293,2062504.2231,5025291.42982,
3107,79,33,ACTIVA,1,LOTE 1B,0,4.56571157,-72.77196907,2062510.6154,5025284.09407,
3108,79,34,ACTIVA,1,LOTE 1B,0,4.56577921,-72.77203597,2062518.0873,5025276.67463,
3109,79,35,ACTIVA,1,LOTE 1B,0,4.56584235,-72.77209234,2062525.0613,5025270.42208,
3110,79,36,ACTIVA,1,LOTE 1B,0,4.56590236,-72.77216539,2062531.6892,5025262.31955,
3111,79,37,ACTIVA,1,LOTE 1B,0,4.56596729,-72.77222937,2062538.8622,5025255.22356,
3112,79,38,ACTIVA,1,LOTE 1B,0,4.56603025,-72.77229978,2062545.8157,5025247.41428,
3113,79,39,ACTIVA,1,LOTE 1B,0,4.56609113,-72.77236291,2062552.5403,5025240.41177,
3114,79,40,ACTIVA,1,LOTE 1B,0,4.56616446,-72.77242707,2062560.6409,5025233.29549,
3115,79,41,ACTIVA,1,LOTE 1B,0,4.56622090,-72.77249292,2062566.8749,5025225.99239,
3116,79,42,ACTIVA,1,LOTE 1B,0,4.56626879,-72.77255449,2062572.1641,5025219.16369,
3117,79,43,ACTIVA,1,LOTE 1B,0,4.56632608,-72.77263402,2062578.4921,5025210.34344,
3118,79,44,ACTIVA,1,LOTE 1B,0,4.56638338,-72.77271269,2062584.8201,5025201.61801,
3119,79,45,ACTIVA,1,LOTE 1B,0,4.56643811,-72.77278110,2062590.8650,5025194.03051,
3120,79,46,ERRADICADA,0,LOTE 1B,0,4.56649369,-72.77286063,2062597.0040,5025185.21033,
3121,79,47,ACTIVA,1,LOTE 1B,0,4.56655612,-72.77293845,2062603.8990,5025176.57955,
3122,79,48,ACTIVA,1,LOTE 1B,0,4.56661342,-72.77300772,2062610.2273,5025168.89714,
3123,80,23,ACTIVA,1,LOTE 1B,0,4.56512305,-72.77122656,2062445.6133,5025366.44554,
3124,80,24,ACTIVA,1,LOTE 1B,0,4.56518245,-72.77129793,2062452.1745,5025358.52955,
3125,80,25,ACTIVA,1,LOTE 1B,0,4.56524584,-72.77137063,2062459.1765,5025350.46595,
3126,80,26,ACTIVA,1,LOTE 1B,0,4.56531101,-72.77142693,2062466.3751,5025344.22102,
3127,80,27,ACTIVA,1,LOTE 1B,0,4.56537130,-72.77149742,2062473.0343,5025336.40331,
3128,80,28,ACTIVA,1,LOTE 1B,0,4.56543647,-72.77156525,2062480.2324,5025328.88036,
3129,80,29,ACTIVA,1,LOTE 1B,0,4.56549587,-72.77162465,2062486.7941,5025322.29155,
3130,80,30,ACTIVA,1,LOTE 1B,0,4.56555882,-72.77168849,2062493.7474,5025315.21107,
3131,80,31,ACTIVA,1,LOTE 1B,0,4.56562490,-72.77175618,2062501.0466,5025307.70345,
3132,80,32,ACTIVA,1,LOTE 1B,0,4.56568447,-72.77182129,2062507.6264,5025300.48177,
3133,80,33,ACTIVA,1,LOTE 1B,0,4.56574058,-72.77188640,2062513.8236,5025293.26021,
3134,80,34,ACTIVA,1,LOTE 1B,0,4.56581539,-72.77195220,2062522.0871,5025285.96120,
3135,80,35,ACTIVA,1,LOTE 1B,0,4.56587426,-72.77202147,2062528.5903,5025278.27873,
3136,80,36,ACTIVA,1,LOTE 1B,0,4.56593661,-72.77208520,2062535.4763,5025271.21056,
3137,80,37,ACTIVA,1,LOTE 1B,0,4.56600349,-72.77214723,2062542.8646,5025264.32945,
3138,80,38,ACTIVA,1,LOTE 1B,0,4.56607059,-72.77221217,2062550.2768,5025257.12672,
3139,80,39,ACTIVA,1,LOTE 1B,0,4.56612254,-72.77227170,2062556.0149,5025250.52455,
3140,80,40,ACTIVA,1,LOTE 1B,0,4.56618921,-72.77233395,2062563.3787,5025243.61983,
3141,80,41,ACTIVA,1,LOTE 1B,0,4.56625792,-72.77240887,2062570.9685,5025235.31030,
3142,80,42,ACTIVA,1,LOTE 1B,0,4.56629693,-72.77247005,2062575.2769,5025228.52560,
3143,80,43,ACTIVA,1,LOTE 1B,0,4.56635359,-72.77254513,2062581.5349,5025220.19806,
3144,80,44,ACTIVA,1,LOTE 1B,0,4.56641663,-72.77262617,2062588.4968,5025211.20978,
3145,80,45,ACTIVA,1,LOTE 1B,0,4.56646650,-72.77269544,2062594.0050,5025203.52763,
3146,80,46,ACTIVA,1,LOTE 1B,0,4.56652125,-72.77276884,2062600.0519,5025195.38756,
3147,80,47,ACTIVA,1,LOTE 1B,0,4.56658495,-72.77285406,2062607.0871,5025185.93536,
3148,80,48,ACTIVA,1,LOTE 1B,0,4.56664452,-72.77292056,2062613.6669,5025178.56010,
3149,80,49,ACTIVA,1,LOTE 1B,0,4.56669993,-72.77299675,2062619.7871,5025170.10972,
3150,81,23,ACTIVA,1,LOTE 1B,0,4.56515032,-72.77114969,2062448.6299,5025374.96775,
3151,81,24,ACTIVA,1,LOTE 1B,0,4.56521359,-72.77121554,2062455.6186,5025367.66368,
3152,81,25,ACTIVA,1,LOTE 1B,0,4.56528332,-72.77128656,2062463.3205,5025359.78669,
3153,81,26,ACTIVA,1,LOTE 1B,0,4.56534013,-72.77134596,2062469.5960,5025353.19872,
3154,81,27,ACTIVA,1,LOTE 1B,0,4.56540211,-72.77141181,2062476.4421,5025345.89470,
3155,81,28,ACTIVA,1,LOTE 1B,0,4.56547184,-72.77148154,2062484.1440,5025338.16089,
3156,81,29,ACTIVA,1,LOTE 1B,0,4.56553124,-72.77154481,2062490.7047,5025331.14332,
3157,81,30,ACTIVA,1,LOTE 1B,0,4.56559193,-72.77161066,2062497.4081,5025323.83935,
3158,81,31,ACTIVA,1,LOTE 1B,0,4.56565907,-72.77167651,2062504.8248,5025316.53515,
3159,81,32,ACTIVA,1,LOTE 1B,0,4.56571847,-72.77173979,2062511.3856,5025309.51758,
3160,81,33,ACTIVA,1,LOTE 1B,0,4.56578561,-72.77180176,2062518.8024,5025302.64290,
3161,81,34,ACTIVA,1,LOTE 1B,0,4.56584759,-72.77186504,2062525.6485,5025295.62524,
3162,81,35,ACTIVA,1,LOTE 1B,0,4.56591086,-72.77193993,2062532.6369,5025287.31897,
3163,81,36,ACTIVA,1,LOTE 1B,0,4.56597671,-72.77200062,2062539.9111,5025280.58752,
3164,81,37,ACTIVA,1,LOTE 1B,0,4.56603095,-72.77206259,2062545.9012,5025273.71331,
3165,81,38,ACTIVA,1,LOTE 1B,0,4.56610067,-72.77213620,2062553.6030,5025265.54999,
3166,81,39,ACTIVA,1,LOTE 1B,0,4.56616007,-72.77219172,2062560.1641,5025259.39147,
3167,81,40,ACTIVA,1,LOTE 1B,0,4.56622173,-72.77225563,2062566.9745,5025252.30223,
3168,81,41,ACTIVA,1,LOTE 1B,0,4.56629073,-72.77232681,2062574.5961,5025244.40740,
3169,81,42,ACTIVA,1,LOTE 1B,0,4.56635101,-72.77237838,2062581.2554,5025238.68731,
3170,81,43,ACTIVA,1,LOTE 1B,0,4.56638719,-72.77246668,2062585.2500,5025228.89602,
3171,81,44,ACTIVA,1,LOTE 1B,0,4.56644507,-72.77254612,2062591.6424,5025220.08549,
3172,81,45,ACTIVA,1,LOTE 1B,0,4.56649501,-72.77261421,2062597.1575,5025212.53360,
3173,81,46,ERRADICADA,0,LOTE 1B,0,4.56656083,-72.77269706,2062604.4276,5025203.34529,
3174,81,47,ACTIVA,1,LOTE 1B,0,4.56662438,-72.77277082,2062611.4472,5025195.16375,
3175,81,48,ACTIVA,1,LOTE 1B,0,4.56667886,-72.77283892,2062617.4639,5025187.61170,
3176,81,49,ACTIVA,1,LOTE 1B,0,4.56673524,-72.77291513,2062623.6909,5025179.15861,
3177,82,1,ACTIVA,1,LOTE 1B,0,4.56379090,-72.76964353,2062298.4751,5025542.02020,
3178,82,2,ACTIVA,1,LOTE 1B,0,4.56385555,-72.76970547,2062305.6165,5025535.14954,
3179,82,3,ACTIVA,1,LOTE 1B,0,4.56392325,-72.76977419,2062313.0943,5025527.52812,
3180,82,4,ACTIVA,1,LOTE 1B,0,4.56398384,-72.76983342,2062319.7869,5025520.95786,
3181,82,5,ACTIVA,1,LOTE 1B,0,4.56404510,-72.76989943,2062326.5542,5025513.63693,
3182,82,6,ACTIVA,1,LOTE 1B,0,4.56411314,-72.76996983,2062334.0693,5025505.82785,
3183,82,7,ACTIVA,1,LOTE 1B,0,4.56417644,-72.77002941,2062341.0612,5025499.21996,
3184,82,8,ACTIVA,1,LOTE 1B,0,4.56423567,-72.77009440,2062347.6041,5025492.01171,
3185,82,9,ACTIVA,1,LOTE 1B,0,4.56430311,-72.77016182,2062355.0535,5025484.53293,
3186,82,10,ERRADICADA,0,LOTE 1B,0,4.56437042,-72.77022547,2062362.4877,5025477.47309,
3187,82,11,ACTIVA,1,LOTE 1B,0,4.56443901,-72.77027092,2062370.0649,5025472.43096,
3188,82,12,ACTIVA,1,LOTE 1B,0,4.56449685,-72.77033373,2062376.4545,5025465.46495,
3189,82,13,ACTIVA,1,LOTE 1B,0,4.56456379,-72.77040315,2062383.8482,5025457.76558,
3190,82,14,ACTIVA,1,LOTE 1B,0,4.56461255,-72.77047504,2062389.2330,5025449.79196,
3191,82,15,ACTIVA,1,LOTE 1B,0,4.56466131,-72.77053620,2062394.6182,5025443.00954,
3192,82,16,ACTIVA,1,LOTE 1B,0,4.56473403,-72.77062049,2062402.6506,5025433.66061,
3193,82,23,ACTIVA,1,LOTE 1B,0,4.56518696,-72.77106995,2062452.6806,5025383.80840,
3194,82,24,ACTIVA,1,LOTE 1B,0,4.56524937,-72.77113341,2062459.5741,5025376.76894,
3195,82,25,ACTIVA,1,LOTE 1B,0,4.56531495,-72.77120164,2062466.8182,5025369.20158,
3196,82,26,ACTIVA,1,LOTE 1B,0,4.56537789,-72.77126511,2062473.7702,5025362.16211,
3197,82,27,ACTIVA,1,LOTE 1B,0,4.56543765,-72.77132646,2062480.3717,5025355.35733,
3198,82,28,ACTIVA,1,LOTE 1B,0,4.56549953,-72.77139257,2062487.2067,5025348.02468,
3199,82,29,ACTIVA,1,LOTE 1B,0,4.56556776,-72.77145921,2062494.7430,5025340.63317,
3200,82,30,ACTIVA,1,LOTE 1B,0,4.56562858,-72.77152003,2062501.4614,5025333.88700,
3201,82,31,ACTIVA,1,LOTE 1B,0,4.56568940,-72.77158509,2062508.1796,5025326.67168,
3202,82,32,ACTIVA,1,LOTE 1B,0,4.56575869,-72.77165331,2062515.8327,5025319.10420,
3203,82,33,ACTIVA,1,LOTE 1B,0,4.56581660,-72.77171298,2062522.2297,5025312.48642,
3204,82,34,ACTIVA,1,LOTE 1B,0,4.56587769,-72.77178448,2062528.9769,5025304.55637,
3205,82,35,ACTIVA,1,LOTE 1B,0,4.56594856,-72.77184953,2062536.8055,5025297.34070,
3206,82,36,ACTIVA,1,LOTE 1B,0,4.56600832,-72.77191131,2062543.4069,5025290.48828,
3207,82,37,ACTIVA,1,LOTE 1B,0,4.56606782,-72.77197495,2062549.9791,5025283.43062,
3208,82,38,ACTIVA,1,LOTE 1B,0,4.56613807,-72.77204519,2062557.7381,5025275.63954,
3209,82,39,ACTIVA,1,LOTE 1B,0,4.56619757,-72.77210717,2062564.3103,5025268.76514,
3210,82,40,ACTIVA,1,LOTE 1B,0,4.56626037,-72.77216667,2062571.2479,5025262.16552,
3211,82,41,ACTIVA,1,LOTE 1B,0,4.56632401,-72.77223856,2062578.2763,5025254.19141,
3212,82,42,ACTIVA,1,LOTE 1B,0,4.56638846,-72.77230137,2062585.3964,5025247.22521,
3213,82,43,ACTIVA,1,LOTE 1B,0,4.56642139,-72.77237895,2062589.0315,5025238.62176,
3214,82,44,ACTIVA,1,LOTE 1B,0,4.56647375,-72.77245458,2062594.8143,5025230.23387,
3215,82,45,ACTIVA,1,LOTE 1B,0,4.56653298,-72.77252545,2062601.3570,5025222.37354,
3216,82,46,ACTIVA,1,LOTE 1B,0,4.56658763,-72.77259887,2062607.3919,5025214.23115,
3217,82,47,ACTIVA,1,LOTE 1B,0,4.56665126,-72.77267986,2062614.4200,5025205.24911,
3218,82,48,ACTIVA,1,LOTE 1B,0,4.56670699,-72.77275764,2062620.5753,5025196.62288,
3219,82,49,ACTIVA,1,LOTE 1B,0,4.56676623,-72.77283274,2062627.1179,5025188.29340,
3220,83,1,ACTIVA,1,LOTE 1B,0,4.56382789,-72.76955992,2062302.5658,5025551.28959,
3221,83,2,ACTIVA,1,LOTE 1B,0,4.56388858,-72.76962416,2062309.2698,5025544.16413,
3222,83,3,ACTIVA,1,LOTE 1B,0,4.56395622,-72.76969568,2062316.7407,5025536.23165,
3223,83,4,ACTIVA,1,LOTE 1B,0,4.56401778,-72.76976057,2062323.5402,5025529.03484,
3224,83,5,ACTIVA,1,LOTE 1B,0,4.56407989,-72.76982046,2062330.4012,5025522.39144,
3225,83,6,ACTIVA,1,LOTE 1B,0,4.56413923,-72.76988424,2062336.9557,5025515.31769,
3226,83,7,ACTIVA,1,LOTE 1B,0,4.56421022,-72.76995079,2062344.7969,5025507.93607,
3227,83,8,ACTIVA,1,LOTE 1B,0,4.56427233,-72.77001235,2062351.6578,5025501.10820,
3228,83,9,ACTIVA,1,LOTE 1B,0,4.56433223,-72.77007834,2062358.2735,5025493.78846,
3229,83,10,ACTIVA,1,LOTE 1B,0,4.56440044,-72.77014156,2062365.8085,5025486.77590,
3230,83,11,ACTIVA,1,LOTE 1B,0,4.56446200,-72.77020701,2062372.6080,5025479.51760,
3231,83,12,ACTIVA,1,LOTE 1B,0,4.56452411,-72.77026745,2062379.4690,5025472.81272,
3232,83,13,ACTIVA,1,LOTE 1B,0,4.56458955,-72.77033789,2062386.6973,5025465.00086,
3233,83,14,ACTIVA,1,LOTE 1B,0,4.56464335,-72.77039501,2062392.6392,5025458.66522,
3234,83,15,ACTIVA,1,LOTE 1B,0,4.56469382,-72.77046100,2062398.2132,5025451.34583,
3235,83,16,ACTIVA,1,LOTE 1B,0,4.56476536,-72.77052644,2062406.1157,5025444.08719,
3236,83,23,ACTIVA,1,LOTE 1B,0,4.56521904,-72.77098373,2062456.2287,5025393.36678,
3237,83,24,ACTIVA,1,LOTE 1B,0,4.56528316,-72.77104439,2062463.3118,5025386.63878,
3238,83,25,ACTIVA,1,LOTE 1B,0,4.56534469,-72.77110765,2062470.1076,5025379.62263,
3239,83,26,ACTIVA,1,LOTE 1B,0,4.56541413,-72.77117928,2062477.7774,5025371.67754,
3240,83,27,ACTIVA,1,LOTE 1B,0,4.56547344,-72.77124301,2062484.3289,5025364.60901,
3241,83,28,ACTIVA,1,LOTE 1B,0,4.56553413,-72.77131112,2062491.0327,5025357.05506,
3242,83,29,ACTIVA,1,LOTE 1B,0,4.56560019,-72.77137323,2062498.3294,5025350.16558,
3243,83,30,ACTIVA,1,LOTE 1B,0,4.56565639,-72.77143633,2062504.5367,5025343.16713,
3244,83,31,ACTIVA,1,LOTE 1B,0,4.56571850,-72.77150041,2062511.3976,5025336.05915,
3245,83,32,ACTIVA,1,LOTE 1B,0,4.56578456,-72.77156647,2062518.6941,5025328.73240,
3246,83,33,ACTIVA,1,LOTE 1B,0,4.56584470,-72.77163746,2062525.3369,5025320.85925,
3247,83,34,ACTIVA,1,LOTE 1B,0,4.56590878,-72.77170056,2062532.4156,5025313.86053,
3248,83,35,ACTIVA,1,LOTE 1B,0,4.56597188,-72.77176366,2062539.3855,5025306.86184,
3249,83,36,ACTIVA,1,LOTE 1B,0,4.56603498,-72.77182774,2062546.3553,5025299.75384,
3250,83,37,ACTIVA,1,LOTE 1B,0,4.56609907,-72.77189478,2062553.4339,5025292.31784,
3251,83,38,ACTIVA,1,LOTE 1B,0,4.56616315,-72.77196281,2062560.5125,5025284.77252,
3252,83,39,ACTIVA,1,LOTE 1B,0,4.56622822,-72.77202591,2062567.7003,5025277.77377,
3253,83,40,ACTIVA,1,LOTE 1B,0,4.56629329,-72.77208507,2062574.8881,5025271.21230,
3254,83,41,ACTIVA,1,LOTE 1B,0,4.56635245,-72.77215211,2062581.4221,5025263.77648,
3255,83,42,ACTIVA,1,LOTE 1B,0,4.56641851,-72.77222113,2062588.7185,5025256.12178,
3256,83,43,ERRADICADA,0,LOTE 1B,0,4.56647802,-72.77231203,2062595.2912,5025246.03964,
3257,83,44,ACTIVA,1,LOTE 1B,0,4.56654668,-72.77235422,2062602.8758,5025241.35912,
3258,83,45,ACTIVA,1,LOTE 1B,0,4.56656190,-72.77243748,2062604.5549,5025232.12762,
3259,83,46,ACTIVA,1,LOTE 1B,0,4.56661743,-72.77251698,2062610.6876,5025223.31013,
3260,83,47,ACTIVA,1,LOTE 1B,0,4.56667737,-72.77259586,2062617.3083,5025214.56245,
3261,83,48,ACTIVA,1,LOTE 1B,0,4.56674110,-72.77266905,2062624.3475,5025206.44433,
3262,83,49,ACTIVA,1,LOTE 1B,0,4.56680074,-72.77275065,2062630.9346,5025197.39441,
3263,84,1,ACTIVA,1,LOTE 1B,0,4.56386317,-72.76947437,2062306.4673,5025560.77399,
3264,84,2,ACTIVA,1,LOTE 1B,0,4.56392484,-72.76953797,2062313.2791,5025553.72015,
3265,84,3,ACTIVA,1,LOTE 1B,0,4.56399133,-72.76960253,2062320.6233,5025546.55928,
3266,84,4,ACTIVA,1,LOTE 1B,0,4.56405493,-72.76966998,2062327.6479,5025539.07799,
3267,84,5,ACTIVA,1,LOTE 1B,0,4.56411467,-72.76973358,2062334.2468,5025532.02422,
3268,84,6,ACTIVA,1,LOTE 1B,0,4.56417489,-72.76979476,2062340.8990,5025525.23753,
3269,84,7,ACTIVA,1,LOTE 1B,0,4.56424647,-72.76986637,2062348.8053,5025517.29520,
3270,84,8,ACTIVA,1,LOTE 1B,0,4.56430444,-72.76993186,2062355.2078,5025510.03114,
3271,84,9,ACTIVA,1,LOTE 1B,0,4.56436617,-72.76998983,2062362.0265,5025503.60167,
3272,84,10,ACTIVA,1,LOTE 1B,0,4.56443467,-72.77005984,2062369.5934,5025495.83641,
3273,84,11,ACTIVA,1,LOTE 1B,0,4.56449640,-72.77012082,2062376.4120,5025489.07305,
3274,84,12,ACTIVA,1,LOTE 1B,0,4.56455738,-72.77018330,2062383.1473,5025482.14277,
3275,84,13,ACTIVA,1,LOTE 1B,0,4.56462362,-72.77025030,2062390.4648,5025474.71149,
3276,84,14,ACTIVA,1,LOTE 1B,0,4.56468837,-72.77031805,2062397.6159,5025467.19678,
3277,84,15,ACTIVA,1,LOTE 1B,0,4.56473579,-72.77037150,2062402.8543,5025461.26864,
3278,84,16,ACTIVA,1,LOTE 1B,0,4.56479827,-72.77044904,2062409.7555,5025452.66889,
3279,84,22,ACTIVA,1,LOTE 1B,0,4.56519124,-72.77083297,2062453.1619,5025410.08469,
3280,84,23,ACTIVA,1,LOTE 1B,0,4.56525598,-72.77090448,2062460.3128,5025402.15264,
3281,84,24,ACTIVA,1,LOTE 1B,0,4.56532301,-72.77096070,2062467.7172,5025395.91664,
3282,84,25,ACTIVA,1,LOTE 1B,0,4.56537938,-72.77102623,2062473.9434,5025388.64932,
3283,84,26,ACTIVA,1,LOTE 1B,0,4.56544635,-72.77109320,2062481.3407,5025381.22137,
3284,84,27,ACTIVA,1,LOTE 1B,0,4.56550513,-72.77115390,2062487.8332,5025374.48818,
3285,84,28,ACTIVA,1,LOTE 1B,0,4.56556969,-72.77122232,2062494.9643,5025366.90004,
3286,84,29,ACTIVA,1,LOTE 1B,0,4.56563376,-72.77128929,2062502.0423,5025359.47219,
3287,84,30,ACTIVA,1,LOTE 1B,0,4.56569543,-72.77135047,2062508.8542,5025352.68548,
3288,84,31,ACTIVA,1,LOTE 1B,0,4.56575659,-72.77141488,2062515.6095,5025345.54154,
3289,84,32,ACTIVA,1,LOTE 1B,0,4.56582359,-72.77147887,2062523.0102,5025338.44414,
3290,84,33,ACTIVA,1,LOTE 1B,0,4.56588683,-72.77154813,2062529.9949,5025330.76257,
3291,84,34,ACTIVA,1,LOTE 1B,0,4.56594538,-72.77161471,2062536.4621,5025323.37795,
3292,84,35,ACTIVA,1,LOTE 1B,0,4.56600619,-72.77167820,2062543.1793,5025316.33604,
3293,84,36,ERRADICADA,0,LOTE 1B,0,4.56606700,-72.77174501,2062549.8964,5025308.92612,
3294,84,37,ACTIVA,1,LOTE 1B,0,4.56613381,-72.77180839,2062557.2762,5025301.89588,
3295,84,38,ACTIVA,1,LOTE 1B,0,4.56619719,-72.77187606,2062564.2772,5025294.39089,
3296,84,39,ACTIVA,1,LOTE 1B,0,4.56626229,-72.77194287,2062571.4675,5025286.98083,
3297,84,40,ACTIVA,1,LOTE 1B,0,4.56632824,-72.77200025,2062578.7528,5025280.61542,
3298,84,41,ACTIVA,1,LOTE 1B,0,4.56638477,-72.77206963,2062584.9966,5025272.92074,
3299,84,42,ACTIVA,1,LOTE 1B,0,4.56645158,-72.77213130,2062592.3763,5025266.08045,
3300,84,43,ACTIVA,1,LOTE 1B,0,4.56651411,-72.77219640,2062599.2828,5025258.86042,
3301,84,44,ACTIVA,1,LOTE 1B,0,4.56658006,-72.77226577,2062606.5677,5025251.16541,
3302,84,45,ACTIVA,1,LOTE 1B,0,4.56665286,-72.77242851,2062614.6064,5025233.11826,
3303,84,46,ACTIVA,1,LOTE 1B,0,4.56671282,-72.77251074,2062621.2283,5025223.99890,
3304,84,47,ACTIVA,1,LOTE 1B,0,4.56676849,-72.77258697,2062627.3773,5025215.54448,
3305,84,48,ACTIVA,1,LOTE 1B,0,4.56683177,-72.77266400,2062634.3666,5025207.00074,
3306,85,1,ACTIVA,1,LOTE 1B,0,4.56389432,-72.76939303,2062309.9112,5025569.79233,
3307,85,2,ACTIVA,1,LOTE 1B,0,4.56395699,-72.76945207,2062316.8343,5025563.24354,
3308,85,3,ACTIVA,1,LOTE 1B,0,4.56402103,-72.76951656,2062323.9077,5025556.09041,
3309,85,4,ACTIVA,1,LOTE 1B,0,4.56409006,-72.76958287,2062331.5330,5025548.73568,
3310,85,5,ACTIVA,1,LOTE 1B,0,4.56415078,-72.76964699,2062338.2395,5025541.62358,
3311,85,6,ACTIVA,1,LOTE 1B,0,4.56421464,-72.76970660,2062345.2943,5025535.01181,
3312,85,7,ACTIVA,1,LOTE 1B,0,4.56428490,-72.76977685,2062353.0544,5025527.21955,
3313,85,8,ACTIVA,1,LOTE 1B,0,4.56434238,-72.76984072,2062359.4033,5025520.13590,
3314,85,9,ACTIVA,1,LOTE 1B,0,4.56440341,-72.76990530,2062366.1443,5025512.97344,
3315,85,10,ACTIVA,1,LOTE 1B,0,4.56447011,-72.76997768,2062373.5122,5025504.94525,
3316,85,11,ACTIVA,1,LOTE 1B,0,4.56453327,-72.77003871,2062380.4885,5025498.17615,
3317,85,12,ACTIVA,1,LOTE 1B,0,4.56459572,-72.77009832,2062387.3865,5025491.56443,
3318,85,13,ACTIVA,1,LOTE 1B,0,4.56465887,-72.77016786,2062394.3625,5025483.85111,
3319,85,14,ACTIVA,1,LOTE 1B,0,4.56472132,-72.77023457,2062401.2602,5025476.45256,
3320,85,15,ACTIVA,1,LOTE 1B,0,4.56478093,-72.77029701,2062407.8445,5025469.52621,
3321,85,16,ACTIVA,1,LOTE 1B,0,4.56484866,-72.77035990,2062415.3255,5025462.55040,
3322,85,17,ACTIVA,1,LOTE 1B,0,4.56491075,-72.77042865,2062422.1839,5025454.92564,
3323,85,18,ACTIVA,1,LOTE 1B,0,4.56497386,-72.77049256,2062429.1556,5025447.83709,
3324,85,19,ACTIVA,1,LOTE 1B,0,4.56503072,-72.77055674,2062435.4356,5025440.71885,
3325,85,20,ACTIVA,1,LOTE 1B,0,4.56509743,-72.77062344,2062442.8037,5025433.32015,
3326,85,21,ACTIVA,1,LOTE 1B,0,4.56516200,-72.77069086,2062449.9366,5025425.84285,
3327,85,22,ACTIVA,1,LOTE 1B,0,4.56522303,-72.77075189,2062456.6777,5025419.07383,
3328,85,23,ACTIVA,1,LOTE 1B,0,4.56528832,-72.77082001,2062463.8890,5025411.51782,
3329,85,24,ACTIVA,1,LOTE 1B,0,4.56534946,-72.77088178,2062470.6427,5025404.66696,
3330,85,25,ACTIVA,1,LOTE 1B,0,4.56540578,-72.77094445,2062476.8631,5025397.71556,
3331,85,26,ACTIVA,1,LOTE 1B,0,4.56547753,-72.77101394,2062484.7894,5025390.00825,
3332,85,27,ACTIVA,1,LOTE 1B,0,4.56554066,-72.77107616,2062491.7626,5025383.10698,
3333,85,28,ACTIVA,1,LOTE 1B,0,4.56560334,-72.77113793,2062498.6855,5025376.25608,
3334,85,29,ACTIVA,1,LOTE 1B,0,4.56566919,-72.77120333,2062505.9597,5025369.00220,
3335,85,30,ACTIVA,1,LOTE 1B,0,4.56572959,-72.77126555,2062512.6317,5025362.10102,
3336,85,31,ACTIVA,1,LOTE 1B,0,4.56579074,-72.77133308,2062519.3851,5025354.61126,
3337,85,32,ACTIVA,1,LOTE 1B,0,4.56585105,-72.77139552,2062526.0478,5025347.68491,
3338,85,33,ACTIVA,1,LOTE 1B,0,4.56591847,-72.77146862,2062533.4941,5025339.57804,
3339,85,34,ACTIVA,1,LOTE 1B,0,4.56597666,-72.77153035,2062539.9216,5025332.73045,
3340,85,35,ACTIVA,1,LOTE 1B,0,4.56603698,-72.77159280,2062546.5842,5025325.80410,
3341,85,36,ERRADICADA,0,LOTE 1B,0,4.56611601,-72.77167494,2062555.3142,5025316.69361,
3342,85,37,ACTIVA,1,LOTE 1B,0,4.56616741,-72.77172879,2062560.9912,5025310.72044,
3343,85,38,ACTIVA,1,LOTE 1B,0,4.56622872,-72.77178420,2062567.7638,5025304.57462,
3344,85,39,ACTIVA,1,LOTE 1B,0,4.56629821,-72.77185551,2062575.4392,5025296.66597,
3345,85,40,ACTIVA,1,LOTE 1B,0,4.56636043,-72.77191636,2062582.3121,5025289.91581,
3346,85,41,ACTIVA,1,LOTE 1B,0,4.56641876,-72.77198097,2062588.7551,5025282.75034,
3347,85,42,ACTIVA,1,LOTE 1B,0,4.56648547,-72.77205264,2062596.1231,5025274.80088,
3348,85,43,ACTIVA,1,LOTE 1B,0,4.56654578,-72.77211722,2062602.7857,5025267.63849,
3349,85,44,ACTIVA,1,LOTE 1B,0,4.56660894,-72.77218392,2062609.7618,5025260.23995,
3350,85,45,ACTIVA,1,LOTE 1B,0,4.56667849,-72.77225347,2062617.4435,5025252.52645,
3351,85,46,ACTIVA,1,LOTE 1B,0,4.56668629,-72.77235424,2062618.3025,5025241.35299,
3352,85,47,ACTIVA,1,LOTE 1B,0,4.56674945,-72.77240746,2062625.2791,5025235.44946,
3353,85,48,ACTIVA,1,LOTE 1B,0,4.56680369,-72.77249906,2062631.2696,5025225.29098,
3354,85,49,ACTIVA,1,LOTE 1B,0,4.56686228,-72.77258035,2062637.7402,5025216.27486,
3355,86,1,ACTIVA,1,LOTE 1B,0,4.56393199,-72.76930835,2062314.0767,5025579.17986,
3356,86,2,ACTIVA,1,LOTE 1B,0,4.56398975,-72.76936821,2062320.4568,5025572.54117,
3357,86,3,ACTIVA,1,LOTE 1B,0,4.56405258,-72.76943225,2062327.3971,5025565.43778,
3358,86,4,ACTIVA,1,LOTE 1B,0,4.56412068,-72.76950368,2062334.9192,5025557.51471,
3359,86,5,ACTIVA,1,LOTE 1B,0,4.56418259,-72.76956559,2062341.7576,5025550.64795,
3360,86,6,ACTIVA,1,LOTE 1B,0,4.56424355,-72.76963226,2062348.4906,5025543.25319,
3361,86,7,ACTIVA,1,LOTE 1B,0,4.56430700,-72.76969236,2062355.4995,5025536.58703,
3362,86,8,ACTIVA,1,LOTE 1B,0,4.56437395,-72.76976216,2062362.8952,5025528.84565,
3363,86,9,ACTIVA,1,LOTE 1B,0,4.56443737,-72.76982228,2062369.9002,5025522.17739,
3364,86,10,ACTIVA,1,LOTE 1B,0,4.56449642,-72.76988419,2062376.4228,5025515.31074,
3365,86,11,ACTIVA,1,LOTE 1B,0,4.56456345,-72.76995247,2062383.8267,5025507.73755,
3366,86,12,ACTIVA,1,LOTE 1B,0,4.56462596,-72.77001720,2062390.7308,5025500.55725,
3367,86,13,ACTIVA,1,LOTE 1B,0,4.56468310,-72.77008029,2062397.0429,5025493.56049,
3368,86,14,ACTIVA,1,LOTE 1B,0,4.56474829,-72.77014886,2062404.2436,5025485.95436,
3369,86,15,ACTIVA,1,LOTE 1B,0,4.56481433,-72.77020982,2062411.5381,5025479.19308,
3370,86,16,ACTIVA,1,LOTE 1B,0,4.56487613,-72.77027924,2062418.3645,5025471.49320,
3371,86,17,ACTIVA,1,LOTE 1B,0,4.56494217,-72.77034020,2062425.6590,5025464.73192,
3372,86,18,ACTIVA,1,LOTE 1B,0,4.56500313,-72.77040539,2062432.3921,5025457.50144,
3373,86,19,ACTIVA,1,LOTE 1B,0,4.56506916,-72.77047058,2062439.6864,5025450.27079,
3374,86,20,ACTIVA,1,LOTE 1B,0,4.56512589,-72.77053154,2062445.9519,5025443.50984,
3375,86,21,ACTIVA,1,LOTE 1B,0,4.56519531,-72.77060011,2062453.6203,5025435.90358,
3376,86,22,ACTIVA,1,LOTE 1B,0,4.56525590,-72.77066757,2062460.3121,5025428.42154,
3377,86,23,ACTIVA,1,LOTE 1B,0,4.56532525,-72.77073422,2062467.9731,5025421.02931,
3378,86,24,ACTIVA,1,LOTE 1B,0,4.56539059,-72.77079792,2062475.1905,5025413.96396,
3379,86,25,ACTIVA,1,LOTE 1B,0,4.56544951,-72.77085754,2062481.6988,5025407.35099,
3380,86,26,ACTIVA,1,LOTE 1B,0,4.56550725,-72.77092056,2062488.0766,5025400.36162,
3381,86,27,ACTIVA,1,LOTE 1B,0,4.56557549,-72.77099328,2062495.6136,5025392.29549,
3382,86,28,ACTIVA,1,LOTE 1B,0,4.56563879,-72.77105882,2062502.6053,5025385.02594,
3383,86,29,ACTIVA,1,LOTE 1B,0,4.56569939,-72.77111853,2062509.2995,5025378.40358,
3384,86,30,ACTIVA,1,LOTE 1B,0,4.56576493,-72.77118766,2062516.5390,5025370.73575,
3385,86,31,ACTIVA,1,LOTE 1B,0,4.56582197,-72.77125034,2062522.8394,5025363.78376,
3386,86,32,ACTIVA,1,LOTE 1B,0,4.56588721,-72.77131277,2062530.0451,5025356.85947,
3387,86,33,ACTIVA,1,LOTE 1B,0,4.56595595,-72.77138642,2062537.6379,5025348.69066,
3388,86,34,ACTIVA,1,LOTE 1B,0,4.56601487,-72.77144464,2062544.1461,5025342.23325,
3389,86,35,ACTIVA,1,LOTE 1B,0,4.56607308,-72.77150847,2062550.5767,5025335.15366,
3390,86,36,ACTIVA,1,LOTE 1B,0,4.56614393,-72.77157651,2062558.4022,5025327.60698,
3391,86,37,ACTIVA,1,LOTE 1B,0,4.56620566,-72.77164244,2062565.2202,5025320.29395,
3392,86,38,ACTIVA,1,LOTE 1B,0,4.56627006,-72.77170364,2062572.3339,5025313.50581,
3393,86,39,ACTIVA,1,LOTE 1B,0,4.56633035,-72.77177565,2062578.9933,5025305.51959,
3394,86,40,ACTIVA,1,LOTE 1B,0,4.56639570,-72.77183853,2062586.2117,5025298.54488,
3395,86,41,ACTIVA,1,LOTE 1B,0,4.56645365,-72.77190203,2062592.6126,5025291.50207,
3396,86,42,ACTIVA,1,LOTE 1B,0,4.56652023,-72.77196738,2062599.9671,5025284.25389,
3397,86,43,ACTIVA,1,LOTE 1B,0,4.56658619,-72.77203026,2062607.2536,5025277.27916,
3398,86,44,ACTIVA,1,LOTE 1B,0,4.56665077,-72.77210158,2062614.3865,5025269.36884,
3399,86,45,ACTIVA,1,LOTE 1B,0,4.56670760,-72.77216130,2062620.6641,5025262.74476,
3400,86,46,ACTIVA,1,LOTE 1B,0,4.56677792,-72.77222970,2062628.4315,5025255.15894,
3401,87,2,ACTIVA,1,LOTE 1B,0,4.56402713,-72.76928995,2062324.5902,5025581.21694,
3402,87,3,ACTIVA,1,LOTE 1B,0,4.56409001,-72.76935283,2062331.5360,5025574.24227,
3403,87,4,ACTIVA,1,LOTE 1B,0,4.56414971,-72.76941325,2062338.1305,5025567.54114,
3404,87,5,ACTIVA,1,LOTE 1B,0,4.56421614,-72.76948372,2062345.4678,5025559.72528,
3405,87,6,ACTIVA,1,LOTE 1B,0,4.56427857,-72.76955046,2062352.3633,5025552.32196,
3406,87,7,ACTIVA,1,LOTE 1B,0,4.56434321,-72.76960927,2062359.5039,5025545.79899,
3407,87,8,ACTIVA,1,LOTE 1B,0,4.56440933,-72.76967704,2062366.8070,5025538.28243,
3408,87,9,ACTIVA,1,LOTE 1B,0,4.56446852,-72.76974197,2062373.3442,5025531.08070,
3409,87,10,ACTIVA,1,LOTE 1B,0,4.56453221,-72.76980186,2062380.3797,5025524.43830,
3410,87,11,ACTIVA,1,LOTE 1B,0,4.56459999,-72.76987368,2062387.8671,5025516.47170,
3411,87,12,ACTIVA,1,LOTE 1B,0,4.56465925,-72.76993519,2062394.4125,5025509.65027,
3412,87,13,ACTIVA,1,LOTE 1B,0,4.56472030,-72.77000028,2062401.1561,5025502.43056,
3413,87,14,ACTIVA,1,LOTE 1B,0,4.56478455,-72.77006893,2062408.2528,5025494.81651,
3414,87,15,ACTIVA,1,LOTE 1B,0,4.56485004,-72.77013181,2062415.4866,5025487.84155,
3415,87,16,ACTIVA,1,LOTE 1B,0,4.56490526,-72.77019376,2062421.5855,5025480.97048,
3416,87,17,ACTIVA,1,LOTE 1B,0,4.56497798,-72.77026334,2062429.6186,5025473.25260,
3417,87,18,ACTIVA,1,LOTE 1B,0,4.56504128,-72.77032484,2062436.6104,5025466.43103,
3418,87,19,ACTIVA,1,LOTE 1B,0,4.56510143,-72.77038859,2062443.2548,5025459.36069,
3419,87,20,ACTIVA,1,LOTE 1B,0,4.56516293,-72.77045458,2062450.0480,5025452.04142,
3420,87,21,ACTIVA,1,LOTE 1B,0,4.56522937,-72.77051698,2062457.3870,5025445.12019,
3421,87,22,ACTIVA,1,LOTE 1B,0,4.56528998,-72.77058432,2062464.0809,5025437.65163,
3422,87,23,ACTIVA,1,LOTE 1B,0,4.56535013,-72.77064941,2062470.7254,5025430.43196,
3423,87,24,ACTIVA,1,LOTE 1B,0,4.56541837,-72.77071406,2062478.2627,5025423.26179,
3424,87,25,ACTIVA,1,LOTE 1B,0,4.56547725,-72.77077915,2062484.7662,5025416.04217,
3425,87,26,ACTIVA,1,LOTE 1B,0,4.56554092,-72.77084245,2062491.7996,5025409.02149,
3426,87,27,ACTIVA,1,LOTE 1B,0,4.56560916,-72.77091293,2062499.3367,5025401.20424,
3427,87,28,ACTIVA,1,LOTE 1B,0,4.56567227,-72.77097646,2062506.3074,5025394.15681,
3428,87,29,ACTIVA,1,LOTE 1B,0,4.56572590,-72.77103827,2062512.2311,5025387.30219,
3429,87,30,ACTIVA,1,LOTE 1B,0,4.56580206,-72.77110469,2062520.6446,5025379.93480,
3430,87,31,ACTIVA,1,LOTE 1B,0,4.56585818,-72.77116749,2062526.8436,5025372.96909,
3431,87,32,ACTIVA,1,LOTE 1B,0,4.56592050,-72.77123491,2062533.7265,5025365.49118,
3432,87,33,ACTIVA,1,LOTE 1B,0,4.56598281,-72.77130029,2062540.6094,5025358.23982,
3433,87,34,ACTIVA,1,LOTE 1B,0,4.56604433,-72.77136538,2062547.4041,5025351.02081,
3434,87,35,ACTIVA,1,LOTE 1B,0,4.56610745,-72.77143061,2062554.3771,5025343.78550,
3435,87,36,ACTIVA,1,LOTE 1B,0,4.56616944,-72.77149268,2062561.2243,5025336.90114,
3436,87,37,ACTIVA,1,LOTE 1B,0,4.56623664,-72.77155803,2062568.6470,5025329.65293,
3437,87,38,ACTIVA,1,LOTE 1B,0,4.56629965,-72.77162420,2062575.6063,5025322.31281,
3438,87,39,ACTIVA,1,LOTE 1B,0,4.56636137,-72.77169295,2062582.4243,5025314.68868,
3439,87,40,ACTIVA,1,LOTE 1B,0,4.56642661,-72.77174976,2062589.6301,5025308.38660,
3440,87,41,ACTIVA,1,LOTE 1B,0,4.56649114,-72.77181499,2062596.7582,5025301.15125,
3441,87,42,ACTIVA,1,LOTE 1B,0,4.56655031,-72.77188154,2062603.2945,5025293.77025,
3442,87,43,ACTIVA,1,LOTE 1B,0,4.56662092,-72.77195509,2062611.0937,5025285.61246,
3443,87,44,ACTIVA,1,LOTE 1B,0,4.56668133,-72.77201427,2062617.7663,5025279.04825,
3444,87,45,ACTIVA,1,LOTE 1B,0,4.56674060,-72.77207424,2062624.3135,5025272.39666,
3445,87,46,ACTIVA,1,LOTE 1B,0,4.56680652,-72.77214606,2062631.5939,5025264.43200,
3446,88,1,ACTIVA,1,LOTE 1B,0,4.56399059,-72.76913322,2062320.5577,5025598.59638,
3447,88,2,ACTIVA,1,LOTE 1B,0,4.56406188,-72.76920452,2062328.4329,5025590.68847,
3448,88,3,ACTIVA,1,LOTE 1B,0,4.56412421,-72.76926660,2062335.3174,5025583.80250,
3449,88,4,ACTIVA,1,LOTE 1B,0,4.56418232,-72.76932861,2062341.7359,5025576.92478,
3450,88,5,ACTIVA,1,LOTE 1B,0,4.56424823,-72.76940154,2062349.0159,5025568.83598,
3451,88,6,ACTIVA,1,LOTE 1B,0,4.56430907,-72.76946394,2062355.7360,5025561.91493,
3452,88,7,ACTIVA,1,LOTE 1B,0,4.56437154,-72.76952955,2062362.6368,5025554.63731,
3453,88,8,ACTIVA,1,LOTE 1B,0,4.56443899,-72.76959301,2062370.0870,5025547.59917,
3454,88,9,ACTIVA,1,LOTE 1B,0,4.56449959,-72.76965510,2062376.7809,5025540.71151,
3455,88,10,ACTIVA,1,LOTE 1B,0,4.56456371,-72.76971973,2062383.8633,5025533.54382,
3456,88,11,ACTIVA,1,LOTE 1B,0,4.56463086,-72.76978637,2062391.2802,5025526.15211,
3457,88,12,ACTIVA,1,LOTE 1B,0,4.56469301,-72.76985013,2062398.1451,5025519.07978,
3458,88,13,ACTIVA,1,LOTE 1B,0,4.56475160,-72.76991332,2062404.6169,5025512.07152,
3459,88,14,ACTIVA,1,LOTE 1B,0,4.56481510,-72.76998069,2062411.6317,5025504.59941,
3460,88,15,ACTIVA,1,LOTE 1B,0,4.56488585,-72.77004723,2062419.4465,5025497.21876,
3461,88,16,ACTIVA,1,LOTE 1B,0,4.56494598,-72.77011009,2062426.0882,5025490.24612,
3462,88,17,ACTIVA,1,LOTE 1B,0,4.56500848,-72.77017149,2062432.9916,5025483.43645,
3463,88,18,ACTIVA,1,LOTE 1B,0,4.56506987,-72.77024244,2062439.7728,5025475.56698,
3464,88,19,ACTIVA,1,LOTE 1B,0,4.56513678,-72.77030237,2062447.1637,5025468.92021,
3465,88,20,ACTIVA,1,LOTE 1B,0,4.56519487,-72.77036266,2062453.5797,5025462.23299,
3466,88,21,ACTIVA,1,LOTE 1B,0,4.56526509,-72.77043177,2062461.3358,5025454.56702,
3467,88,22,ACTIVA,1,LOTE 1B,0,4.56532207,-72.77049942,2062467.6297,5025447.06458,
3468,88,23,ACTIVA,1,LOTE 1B,0,4.56538640,-72.77056007,2062474.7362,5025440.33638,
3469,88,24,ACTIVA,1,LOTE 1B,0,4.56545147,-72.77062956,2062481.9237,5025432.62984,
3470,88,25,ACTIVA,1,LOTE 1B,0,4.56551360,-72.77069169,2062488.7864,5025425.73866,
3471,88,26,ACTIVA,1,LOTE 1B,0,4.56557610,-72.77075896,2062495.6896,5025418.27679,
3472,88,27,ACTIVA,1,LOTE 1B,0,4.56564023,-72.77082436,2062502.7731,5025411.02378,
3473,88,28,ACTIVA,1,LOTE 1B,0,4.56570112,-72.77089099,2062509.4986,5025403.63330,
3474,88,29,ACTIVA,1,LOTE 1B,0,4.56576186,-72.77095367,2062516.2084,5025396.68072,
3475,88,30,ACTIVA,1,LOTE 1B,0,4.56582828,-72.77101650,2062523.5449,5025389.71202,
3476,88,31,ACTIVA,1,LOTE 1B,0,4.56589201,-72.77108292,2062530.5838,5025382.34533,
3477,88,32,ACTIVA,1,LOTE 1B,0,4.56595214,-72.77114485,2062537.2261,5025375.47637,
3478,88,33,ACTIVA,1,LOTE 1B,0,4.56602036,-72.77121755,2062544.7607,5025367.41289,
3479,88,34,ACTIVA,1,LOTE 1B,0,4.56608541,-72.77127987,2062551.9465,5025360.49997,
3480,88,35,ACTIVA,1,LOTE 1B,0,4.56614572,-72.77134306,2062558.6086,5025353.49168,
3481,88,36,ACTIVA,1,LOTE 1B,0,4.56620489,-72.77140452,2062565.1439,5025346.67450,
3482,88,37,ACTIVA,1,LOTE 1B,0,4.56627382,-72.77147460,2062572.7578,5025338.90160,
3483,88,38,ACTIVA,1,LOTE 1B,0,4.56633586,-72.77153664,2062579.6104,5025332.02064,
3484,88,39,ACTIVA,1,LOTE 1B,0,4.56639387,-72.77159868,2062586.0188,5025325.13982,
3485,88,40,ACTIVA,1,LOTE 1B,0,4.56646338,-72.77166933,2062593.6962,5025317.30321,
3486,88,41,ACTIVA,1,LOTE 1B,0,4.56652427,-72.77172907,2062600.4219,5025310.67706,
3487,88,42,ACTIVA,1,LOTE 1B,0,4.56658631,-72.77179341,2062607.2744,5025303.54133,
3488,88,43,ACTIVA,1,LOTE 1B,0,4.56665409,-72.77186406,2062614.7614,5025295.70479,
3489,88,44,ACTIVA,1,LOTE 1B,0,4.56671670,-72.77192668,2062621.6775,5025288.76012,
3490,88,45,ERRADICADA,0,LOTE 1B,0,4.56678046,-72.77199503,2062628.7203,5025281.17849,
3491,88,46,ACTIVA,1,LOTE 1B,0,4.56684595,-72.77205649,2062635.9537,5025274.36110,
3492,89,1,ACTIVA,1,LOTE 1B,0,4.56409308,-72.76912153,2062331.8827,5025599.88876,
3493,89,2,ACTIVA,1,LOTE 1B,0,4.56415477,-72.76918667,2062338.6971,5025592.66382,
3494,89,3,ACTIVA,1,LOTE 1B,0,4.56421623,-72.76925131,2062345.4861,5025585.49495,
3495,89,4,ACTIVA,1,LOTE 1B,0,4.56428241,-72.76931748,2062352.7955,5025578.15521,
3496,89,5,ACTIVA,1,LOTE 1B,0,4.56434548,-72.76937738,2062359.7624,5025571.51111,
3497,89,6,ACTIVA,1,LOTE 1B,0,4.56441034,-72.76944836,2062366.9270,5025563.63895,
3498,89,7,ACTIVA,1,LOTE 1B,0,4.56447013,-72.76951122,2062373.5307,5025556.66631,
3499,89,8,ACTIVA,1,LOTE 1B,0,4.56453561,-72.76957154,2062380.7642,5025549.97627,
3500,89,9,ACTIVA,1,LOTE 1B,0,4.56459823,-72.76963760,2062387.6801,5025542.64940,
3501,89,10,ACTIVA,1,LOTE 1B,0,4.56465797,-72.76969906,2062394.2788,5025535.83218,
3502,89,11,ACTIVA,1,LOTE 1B,0,4.56473092,-72.76976914,2062402.3370,5025528.05910,
3503,89,12,ACTIVA,1,LOTE 1B,0,4.56478549,-72.76983405,2062408.3644,5025520.85991,
3504,89,13,ACTIVA,1,LOTE 1B,0,4.56484867,-72.76989724,2062415.3439,5025513.85149,
3505,89,14,ACTIVA,1,LOTE 1B,0,4.56491531,-72.76996215,2062422.7041,5025506.65187,
3506,89,15,ACTIVA,1,LOTE 1B,0,4.56497613,-72.77002517,2062429.4221,5025499.66137,
3507,89,16,ACTIVA,1,LOTE 1B,0,4.56503789,-72.77009171,2062436.2441,5025492.28104,
3508,89,17,ACTIVA,1,LOTE 1B,0,4.56510700,-72.77015899,2062443.8785,5025484.81893,
3509,89,18,ACTIVA,1,LOTE 1B,0,4.56516656,-72.77022259,2062450.4568,5025477.76478,
3510,89,19,ACTIVA,1,LOTE 1B,0,4.56522906,-72.77028398,2062457.3602,5025470.95512,
3511,89,20,ACTIVA,1,LOTE 1B,0,4.56529376,-72.77035310,2062464.5070,5025463.28935,
3512,89,21,ACTIVA,1,LOTE 1B,0,4.56535589,-72.77041307,2062471.3699,5025456.63765,
3513,89,22,ACTIVA,1,LOTE 1B,0,4.56541850,-72.77047913,2062478.2858,5025449.31080,
3514,89,23,ACTIVA,1,LOTE 1B,0,4.56548341,-72.77055265,2062485.4553,5025441.15587,
3515,89,24,ACTIVA,1,LOTE 1B,0,4.56554545,-72.77061239,2062492.3080,5025434.52966,
3516,89,25,ACTIVA,1,LOTE 1B,0,4.56560634,-72.77067788,2062499.0335,5025427.26657,
3517,89,26,ACTIVA,1,LOTE 1B,0,4.56566608,-72.77073704,2062505.6323,5025420.70413,
3518,89,27,ACTIVA,1,LOTE 1B,0,4.56573444,-72.77081000,2062513.1827,5025412.61278,
3519,89,28,ACTIVA,1,LOTE 1B,0,4.56580049,-72.77087031,2062520.4797,5025405.92274,
3520,89,29,ACTIVA,1,LOTE 1B,0,4.56585966,-72.77093407,2062527.0149,5025398.85079,
3521,89,30,ACTIVA,1,LOTE 1B,0,4.56592457,-72.77100128,2062534.1846,5025391.39648,
3522,89,31,ACTIVA,1,LOTE 1B,0,4.56598661,-72.77106332,2062541.0372,5025384.51551,
3523,89,32,ACTIVA,1,LOTE 1B,0,4.56604635,-72.77112593,2062547.6359,5025377.57093,
3524,89,33,ACTIVA,1,LOTE 1B,0,4.56612314,-72.77119755,2062556.1181,5025369.62705,
3525,89,38,ACTIVA,1,LOTE 1B,0,4.56642974,-72.77151555,2062589.9848,5025334.35613,
3526,89,39,ACTIVA,1,LOTE 1B,0,4.56649957,-72.77158604,2062597.6977,5025326.53735,
3527,89,40,ACTIVA,1,LOTE 1B,0,4.56656275,-72.77165440,2062604.6770,5025318.95573,
3528,89,41,ACTIVA,1,LOTE 1B,0,4.56662164,-72.77171186,2062611.1820,5025312.58187,
3529,89,42,ACTIVA,1,LOTE 1B,0,4.56668561,-72.77177620,2062618.2478,5025305.44608,
3530,89,43,ERRADICADA,0,LOTE 1B,0,4.56675461,-72.77185085,2062625.8692,5025297.16619,
3531,89,44,ACTIVA,1,LOTE 1B,0,4.56681148,-72.77190829,2062632.1507,5025290.79496,
3532,90,1,ACTIVA,1,LOTE 1B,0,4.56412318,-72.76903445,2062335.2116,5025609.54350,
3533,90,2,ACTIVA,1,LOTE 1B,0,4.56419441,-72.76910166,2062343.0795,5025602.08894,
3534,90,3,ACTIVA,1,LOTE 1B,0,4.56424898,-72.76916082,2062349.1071,5025595.52666,
3535,90,4,ACTIVA,1,LOTE 1B,0,4.56431035,-72.76922668,2062355.8859,5025588.22276,
3536,90,5,ACTIVA,1,LOTE 1B,0,4.56438277,-72.76929469,2062363.8858,5025580.67898,
3537,90,6,ACTIVA,1,LOTE 1B,0,4.56444306,-72.76936233,2062370.5453,5025573.17640,
3538,90,7,ACTIVA,1,LOTE 1B,0,4.56450225,-72.76942336,2062377.0831,5025566.40760,
3539,90,8,ACTIVA,1,LOTE 1B,0,4.56457352,-72.76949399,2062384.9560,5025558.57343,
3540,90,9,ACTIVA,1,LOTE 1B,0,4.56463039,-72.76955488,2062391.2374,5025551.82000,
3541,90,10,ACTIVA,1,LOTE 1B,0,4.56469301,-72.76961749,2062398.1534,5025544.87529,
3542,90,11,ACTIVA,1,LOTE 1B,0,4.56476481,-72.76968642,2062406.0847,5025537.22964,
3543,90,12,ACTIVA,1,LOTE 1B,0,4.56482246,-72.76974687,2062412.4524,5025530.52459,
3544,90,13,ACTIVA,1,LOTE 1B,0,4.56488422,-72.76981195,2062419.2745,5025523.30731,
3545,90,14,ACTIVA,1,LOTE 1B,0,4.56495150,-72.76988032,2062426.7057,5025515.72297,
3546,90,15,ACTIVA,1,LOTE 1B,0,4.56501215,-72.76994282,2062433.4059,5025508.79107,
3547,90,16,ACTIVA,1,LOTE 1B,0,4.56506987,-72.77000532,2062439.7812,5025501.85928,
3548,90,17,ACTIVA,1,LOTE 1B,0,4.56513991,-72.77006956,2062447.5172,5025494.73343,
3549,90,18,ACTIVA,1,LOTE 1B,0,4.56519448,-72.77013792,2062453.5445,5025487.15208,
3550,90,19,ACTIVA,1,LOTE 1B,0,4.56526214,-72.77019980,2062461.0191,5025480.28873,
3551,90,20,ACTIVA,1,LOTE 1B,0,4.56532648,-72.77026854,2062468.1253,5025472.66374,
3552,90,21,ACTIVA,1,LOTE 1B,0,4.56538971,-72.77033251,2062475.1098,5025465.56871,
3553,90,22,ACTIVA,1,LOTE 1B,0,4.56545221,-72.77039685,2062482.0131,5025458.43294,
3554,90,23,ACTIVA,1,LOTE 1B,0,4.56551156,-72.77045902,2062488.5687,5025451.53676,
3555,90,24,ACTIVA,1,LOTE 1B,0,4.56558106,-72.77052910,2062496.2461,5025443.76382,
3556,90,25,ACTIVA,1,LOTE 1B,0,4.56564253,-72.77059229,2062503.0352,5025436.75548,
3557,90,26,ACTIVA,1,LOTE 1B,0,4.56570514,-72.77065605,2062509.9512,5025429.68340,
3558,90,27,ACTIVA,1,LOTE 1B,0,4.56577104,-72.77072101,2062517.2305,5025422.47810,
3559,90,28,ACTIVA,1,LOTE 1B,0,4.56583171,-72.77078408,2062523.9315,5025415.48234,
3560,90,29,ACTIVA,1,LOTE 1B,0,4.56589430,-72.77084571,2062530.8454,5025408.64667,
3561,90,30,ACTIVA,1,LOTE 1B,0,4.56596267,-72.77091249,2062538.3974,5025401.24023,
3562,90,31,ACTIVA,1,LOTE 1B,0,4.56602210,-72.77097719,2062544.9620,5025394.06434,
3563,90,32,ACTIVA,1,LOTE 1B,0,4.56608196,-72.77104094,2062551.5741,5025386.99362,
3564,90,38,ACTIVA,1,LOTE 1B,0,4.56646125,-72.77143380,2062593.4687,5025343.41942,
3565,90,39,ACTIVA,1,LOTE 1B,0,4.56652265,-72.77150441,2062600.2510,5025335.58746,
3566,90,40,ACTIVA,1,LOTE 1B,0,4.56659195,-72.77156187,2062607.9061,5025329.21419,
3567,90,41,ACTIVA,1,LOTE 1B,0,4.56665555,-72.77162547,2062614.9310,5025322.16027,
3568,90,42,ACTIVA,1,LOTE 1B,0,4.56671476,-72.77168863,2062621.4712,5025315.15513,
3569,90,43,ACTIVA,1,LOTE 1B,0,4.56678537,-72.77175573,2062629.2713,5025307.71191,
3570,90,44,ACTIVA,1,LOTE 1B,0,4.56685029,-72.77182065,2062636.4415,5025300.51205,
3571,87,1,ERRADICADA,0,LOTE 1B,0,4.56395620,-72.76923757,2062316.7542,5025587.02729,
3572,91,1,ACTIVA,1,LOTE 1B,0,4.56415660,-72.76894569,2062338.9078,5025619.38399,
3573,91,2,ACTIVA,1,LOTE 1B,0,4.56422506,-72.76901822,2062346.4699,5025611.33948,
3574,91,3,ACTIVA,1,LOTE 1B,0,4.56428268,-72.76908126,2062352.8339,5025604.34760,
3575,91,4,ACTIVA,1,LOTE 1B,0,4.56434775,-72.76914227,2062360.0218,5025597.58092,
3576,91,5,ACTIVA,1,LOTE 1B,0,4.56441418,-72.76921412,2062367.3592,5025589.61165,
3577,91,6,ACTIVA,1,LOTE 1B,0,4.56447518,-72.76927919,2062374.0976,5025582.39417,
3578,91,7,ACTIVA,1,LOTE 1B,0,4.56453687,-72.76934087,2062380.9111,5025575.55246,
3579,91,8,ACTIVA,1,LOTE 1B,0,4.56460126,-72.76941001,2062388.0239,5025567.88390,
3580,91,9,ACTIVA,1,LOTE 1B,0,4.56466672,-72.76947280,2062395.2539,5025560.91992,
3581,91,10,ACTIVA,1,LOTE 1B,0,4.56472815,-72.76953529,2062402.0392,5025553.98898,
3582,91,11,ACTIVA,1,LOTE 1B,0,4.56479275,-72.76960095,2062409.1755,5025546.70561,
3583,91,12,ACTIVA,1,LOTE 1B,0,4.56485524,-72.76966344,2062416.0779,5025539.77462,
3584,91,13,ACTIVA,1,LOTE 1B,0,4.56491667,-72.76972699,2062422.8632,5025532.72624,
3585,91,14,ACTIVA,1,LOTE 1B,0,4.56498471,-72.76979131,2062430.3786,5025525.59169,
3586,91,15,ACTIVA,1,LOTE 1B,0,4.56504690,-72.76985795,2062437.2481,5025518.20101,
3587,91,16,ACTIVA,1,LOTE 1B,0,4.56510909,-72.76992125,2062444.1177,5025511.17975,
3588,91,17,ACTIVA,1,LOTE 1B,0,4.56517129,-72.76998677,2062450.9873,5025503.91221,
3589,91,18,ACTIVA,1,LOTE 1B,0,4.56523681,-72.77005452,2062458.2248,5025496.39828,
3590,91,19,ACTIVA,1,LOTE 1B,0,4.56529789,-72.77011671,2062464.9718,5025489.50020,
3591,91,20,ACTIVA,1,LOTE 1B,0,4.56535786,-72.77018001,2062471.5959,5025482.47903,
3592,91,21,ACTIVA,1,LOTE 1B,0,4.56542659,-72.77025021,2062479.1880,5025474.69348,
3593,91,22,ACTIVA,1,LOTE 1B,0,4.56548573,-72.77031253,2062485.7200,5025467.78130,
3594,91,23,ACTIVA,1,LOTE 1B,0,4.56554441,-72.77037758,2062492.2015,5025460.56649,
3595,91,24,ACTIVA,1,LOTE 1B,0,4.56561516,-72.77044420,2062500.0160,5025453.17642,
3596,91,25,ACTIVA,1,LOTE 1B,0,4.56567778,-72.77050786,2062506.9335,5025446.11548,
3597,91,26,ACTIVA,1,LOTE 1B,0,4.56573763,-72.77057057,2062513.5445,5025439.16025,
3598,91,27,ACTIVA,1,LOTE 1B,0,4.56580223,-72.77064477,2062520.6789,5025430.93083,
3599,91,28,ACTIVA,1,LOTE 1B,0,4.56586384,-72.77070505,2062527.4844,5025424.24410,
3600,91,29,ACTIVA,1,LOTE 1B,0,4.56592880,-72.77077027,2062534.6603,5025417.01093,
3601,91,30,ACTIVA,1,LOTE 1B,0,4.56598884,-72.77083393,2062541.2918,5025409.95010,
3602,91,31,ACTIVA,1,LOTE 1B,0,4.56605302,-72.77089655,2062548.3809,5025403.00390,
3603,91,32,ACTIVA,1,LOTE 1B,0,4.56611564,-72.77095866,2062555.2984,5025396.11514,
3604,91,38,ACTIVA,1,LOTE 1B,0,4.56650083,-72.77134937,2062597.8455,5025352.78012,
3605,91,39,ACTIVA,1,LOTE 1B,0,4.56655699,-72.77141532,2062604.0480,5025345.46514,
3606,91,40,ACTIVA,1,LOTE 1B,0,4.56662633,-72.77148240,2062611.7079,5025338.02433,
3607,91,41,ACTIVA,1,LOTE 1B,0,4.56668814,-72.77153856,2062618.5353,5025331.79566,
3608,91,42,ACTIVA,1,LOTE 1B,0,4.56674882,-72.77160414,2062625.2375,5025324.52231,
3609,91,43,ACTIVA,1,LOTE 1B,0,4.56681816,-72.77167009,2062632.8975,5025317.20688,
3610,91,44,ACTIVA,1,LOTE 1B,0,4.56688261,-72.77173604,2062640.0161,5025309.89161,
3611,91,45,ACTIVA,1,LOTE 1B,0,4.56694329,-72.77179597,2062646.7185,5025303.24510,
3612,92,1,ACTIVA,1,LOTE 1B,0,4.56418336,-72.76886535,2062341.8671,5025628.29115,
3613,92,2,ACTIVA,1,LOTE 1B,0,4.56425773,-72.76893570,2062350.0821,5025620.48795,
3614,92,3,ACTIVA,1,LOTE 1B,0,4.56431669,-72.76899466,2062356.5948,5025613.94824,
3615,92,4,ACTIVA,1,LOTE 1B,0,4.56438034,-72.76906434,2062363.6253,5025606.21971,
3616,92,5,ACTIVA,1,LOTE 1B,0,4.56444801,-72.76912800,2062371.1003,5025599.15965,
3617,92,7,ACTIVA,1,LOTE 1B,0,4.56456660,-72.76925530,2062384.1994,5025585.04014,
3618,92,8,ACTIVA,1,LOTE 1B,0,4.56464030,-72.76932498,2062392.3404,5025577.31126,
3619,92,9,ACTIVA,1,LOTE 1B,0,4.56470127,-72.76938662,2062399.0751,5025570.47433,
3620,92,10,ACTIVA,1,LOTE 1B,0,4.56475822,-72.76945094,2062405.3655,5025563.34037,
3621,92,11,ACTIVA,1,LOTE 1B,0,4.56482589,-72.76951191,2062412.8405,5025556.57749,
3622,92,12,ACTIVA,1,LOTE 1B,0,4.56488887,-72.76958762,2062419.7968,5025548.18037,
3623,92,13,ACTIVA,1,LOTE 1B,0,4.56494851,-72.76964390,2062426.3836,5025541.93781,
3624,92,14,ACTIVA,1,LOTE 1B,0,4.56501484,-72.76970554,2062433.7106,5025535.10069,
3625,92,15,ACTIVA,1,LOTE 1B,0,4.56507983,-72.76977991,2062440.8890,5025526.85209,
3626,92,16,ACTIVA,1,LOTE 1B,0,4.56514013,-72.76984222,2062447.5497,5025519.94089,
3627,92,17,ACTIVA,1,LOTE 1B,0,4.56520579,-72.76990654,2062454.8025,5025512.80663,
3628,92,18,ACTIVA,1,LOTE 1B,0,4.56526877,-72.76997422,2062461.7591,5025505.30102,
3629,92,19,ACTIVA,1,LOTE 1B,0,4.56533309,-72.77003184,2062468.8641,5025498.90972,
3630,92,20,ACTIVA,1,LOTE 1B,0,4.56539138,-72.77010018,2062475.3024,5025491.32998,
3631,92,21,ACTIVA,1,LOTE 1B,0,4.56545905,-72.77016651,2062482.7773,5025483.97278,
3632,92,22,ACTIVA,1,LOTE 1B,0,4.56551734,-72.77023083,2062489.2157,5025476.83879,
3633,92,23,ACTIVA,1,LOTE 1B,0,4.56558367,-72.77029381,2062496.5426,5025469.85310,
3634,92,24,ACTIVA,1,LOTE 1B,0,4.56564954,-72.77036073,2062503.8185,5025462.43097,
3635,92,25,ACTIVA,1,LOTE 1B,0,4.56570817,-72.77042982,2062510.2938,5025454.76765,
3636,92,26,ACTIVA,1,LOTE 1B,0,4.56576994,-72.77048949,2062517.1165,5025448.14893,
3637,92,27,ACTIVA,1,LOTE 1B,0,4.56583694,-72.77055545,2062524.5174,5025440.83355,
3638,92,28,ACTIVA,1,LOTE 1B,0,4.56589595,-72.77061850,2062531.0361,5025433.84025,
3639,92,29,ACTIVA,1,LOTE 1B,0,4.56595918,-72.77068032,2062538.0205,5025426.98285,
3640,92,30,ACTIVA,1,LOTE 1B,0,4.56601960,-72.77074777,2062544.6941,5025419.50236,
3641,92,31,ACTIVA,1,LOTE 1B,0,4.56608775,-72.77081100,2062552.2217,5025412.48899,
3642,92,32,ACTIVA,1,LOTE 1B,0,4.56614958,-72.77087282,2062559.0508,5025405.63164,
3643,92,38,ACTIVA,1,LOTE 1B,0,4.56653247,-72.77126906,2062601.3440,5025361.68278,
3644,92,39,ACTIVA,1,LOTE 1B,0,4.56659025,-72.77133502,2062607.7266,5025354.36792,
3645,92,40,ACTIVA,1,LOTE 1B,0,4.56666380,-72.77140198,2062615.8509,5025346.94053,
3646,92,41,ERRADICADA,0,LOTE 1B,0,4.56672707,-72.77147374,2062622.8397,5025338.98119,
3647,92,42,ACTIVA,1,LOTE 1B,0,4.56678828,-72.77152120,2062629.6003,5025333.71649,
3648,92,43,ACTIVA,1,LOTE 1B,0,4.56685322,-72.77158990,2062636.7741,5025326.09737,
3649,92,44,ACTIVA,1,LOTE 1B,0,4.56691442,-72.77165360,2062643.5341,5025319.03232,
3650,92,45,ACTIVA,1,LOTE 1B,0,4.56697188,-72.77171605,2062649.8802,5025312.10590,
3651,92,46,ACTIVA,1,LOTE 1B,0,4.56703058,-72.77177974,2062656.3642,5025305.04095,
3652,93,1,ACTIVA,1,LOTE 1B,0,4.56422425,-72.76878252,2062346.3885,5025637.47422,
3653,93,2,ACTIVA,1,LOTE 1B,0,4.56429383,-72.76885261,2062354.0737,5025629.70043,
3654,93,3,ACTIVA,1,LOTE 1B,0,4.56435010,-72.76891297,2062360.2895,5025623.00489,
3655,93,4,ACTIVA,1,LOTE 1B,0,4.56441489,-72.76897639,2062367.4457,5025615.97096,
3656,93,5,ACTIVA,1,LOTE 1B,0,4.56447495,-72.76903794,2062374.0799,5025609.14369,
3657,93,6,ACTIVA,1,LOTE 1B,0,4.56454534,-72.76911259,2062381.8553,5025600.86389,
3658,93,7,ACTIVA,1,LOTE 1B,0,4.56460436,-72.76917081,2062388.3742,5025594.40650,
3659,93,8,ACTIVA,1,LOTE 1B,0,4.56466319,-72.76923169,2062394.8726,5025587.65415,
3660,93,9,ACTIVA,1,LOTE 1B,0,4.56473197,-72.76930479,2062402.4695,5025579.54685,
3661,93,10,ACTIVA,1,LOTE 1B,0,4.56479569,-72.76936828,2062409.5082,5025572.50390,
3662,93,11,ACTIVA,1,LOTE 1B,0,4.56485248,-72.76943019,2062415.7805,5025565.63817,
3663,93,12,ACTIVA,1,LOTE 1B,0,4.56492256,-72.76949720,2062423.5223,5025558.20473,
3664,93,13,ACTIVA,1,LOTE 1B,0,4.56498139,-72.76956269,2062430.0206,5025550.94186,
3665,93,14,ACTIVA,1,LOTE 1B,0,4.56504585,-72.76962459,2062437.1408,5025544.07587,
3666,93,15,ACTIVA,1,LOTE 1B,0,4.56511696,-72.76969263,2062444.9956,5025536.52894,
3667,93,16,ACTIVA,1,LOTE 1B,0,4.56517529,-72.76975607,2062451.4374,5025529.49299,
3668,93,17,ACTIVA,1,LOTE 1B,0,4.56523974,-72.76981950,2062458.5575,5025522.45683,
3669,93,18,ACTIVA,1,LOTE 1B,0,4.56530369,-72.76988754,2062465.6210,5025514.91016,
3670,93,19,ACTIVA,1,LOTE 1B,0,4.56536253,-72.76995098,2062472.1193,5025507.87420,
3671,93,20,ACTIVA,1,LOTE 1B,0,4.56542340,-72.77001186,2062478.8439,5025501.12179,
3672,93,21,ACTIVA,1,LOTE 1B,0,4.56548633,-72.77007581,2062485.7944,5025494.02896,
3673,93,22,ACTIVA,1,LOTE 1B,0,4.56555418,-72.77014202,2062493.2889,5025486.68424,
3674,93,23,ACTIVA,1,LOTE 1B,0,4.56561253,-72.77021317,2062499.7340,5025478.79388,
3675,93,24,ACTIVA,1,LOTE 1B,0,4.56567408,-72.77027392,2062506.5328,5025472.05563,
3676,93,25,ACTIVA,1,LOTE 1B,0,4.56574123,-72.77034186,2062513.9495,5025464.51950,
3677,93,26,ACTIVA,1,LOTE 1B,0,4.56580278,-72.77040581,2062520.7481,5025457.42672,
3678,93,27,ACTIVA,1,LOTE 1B,0,4.56586912,-72.77046816,2062528.0768,5025450.51104,
3679,93,28,ACTIVA,1,LOTE 1B,0,4.56593307,-72.77053610,2062535.1402,5025442.97502,
3680,93,29,ACTIVA,1,LOTE 1B,0,4.56599222,-72.77059925,2062541.6739,5025435.97097,
3681,93,30,ACTIVA,1,LOTE 1B,0,4.56605617,-72.77066320,2062548.7375,5025428.87812,
3682,93,31,ACTIVA,1,LOTE 1B,0,4.56612069,-72.77073319,2062555.8645,5025421.11518,
3683,93,32,ACTIVA,1,LOTE 1B,0,4.56618413,-72.77079356,2062562.8717,5025414.41942,
3684,93,38,ACTIVA,1,LOTE 1B,0,4.56656536,-72.77118038,2062604.9812,5025371.51498,
3685,93,39,ACTIVA,1,LOTE 1B,0,4.56662611,-72.77124833,2062611.6913,5025363.97909,
3686,93,40,ACTIVA,1,LOTE 1B,0,4.56668846,-72.77130588,2062618.5785,5025357.59536,
3687,93,41,ACTIVA,1,LOTE 1B,0,4.56675735,-72.77137961,2062626.1883,5025349.41763,
3688,93,42,ACTIVA,1,LOTE 1B,0,4.56681727,-72.77144018,2062632.8065,5025342.69931,
3689,93,43,ACTIVA,1,LOTE 1B,0,4.56687784,-72.77150313,2062639.4971,5025335.71777,
3690,93,44,ERRADICADA,0,LOTE 1B,0,4.56695944,-72.77158805,2062648.5102,5025326.29860,
3691,93,45,ACTIVA,1,LOTE 1B,0,4.56700980,-72.77163201,2062654.0730,5025321.42205,
3692,93,46,ACTIVA,1,LOTE 1B,0,4.56706354,-72.77169446,2062660.0096,5025314.49621,
3693,94,1,ACTIVA,1,LOTE 1B,0,4.56425523,-72.76870159,2062349.8148,5025646.44630,
3694,94,2,ACTIVA,1,LOTE 1B,0,4.56431518,-72.76876474,2062356.4368,5025639.44218,
3695,94,3,ACTIVA,1,LOTE 1B,0,4.56438713,-72.76882949,2062364.3836,5025632.26038,
3696,94,4,ACTIVA,1,LOTE 1B,0,4.56444395,-72.76889705,2062370.6596,5025624.76672,
3697,94,5,ACTIVA,1,LOTE 1B,0,4.56450652,-72.76895731,2062377.5711,5025618.08366,
3698,94,6,ACTIVA,1,LOTE 1B,0,4.56457913,-72.76902760,2062385.5917,5025610.28677,
3699,94,7,ACTIVA,1,LOTE 1B,0,4.56463397,-72.76908708,2062391.6496,5025603.68964,
3700,94,8,ACTIVA,1,LOTE 1B,0,4.56469963,-72.76914193,2062398.9027,5025597.60603,
3701,94,9,ACTIVA,1,LOTE 1B,0,4.56476993,-72.76921608,2062406.6671,5025589.38097,
3702,94,10,ACTIVA,1,LOTE 1B,0,4.56482786,-72.76928252,2062413.0662,5025582.01287,
3703,94,11,ACTIVA,1,LOTE 1B,0,4.56488966,-72.76934354,2062419.8923,5025575.24419,
3704,94,12,ACTIVA,1,LOTE 1B,0,4.56495918,-72.76941461,2062427.5715,5025567.36177,
3705,94,13,ACTIVA,1,LOTE 1B,0,4.56501943,-72.76947640,2062434.2268,5025560.50750,
3706,94,14,ACTIVA,1,LOTE 1B,0,4.56507997,-72.76953925,2062440.9128,5025553.53673,
3707,94,15,ACTIVA,1,LOTE 1B,0,4.56514374,-72.76960451,2062447.9572,5025546.29862,
3708,94,16,ACTIVA,1,LOTE 1B,0,4.56520949,-72.76967175,2062455.2201,5025538.84117,
3709,94,17,ACTIVA,1,LOTE 1B,0,4.56526684,-72.76973602,2062461.5544,5025531.71292,
3710,94,18,ACTIVA,1,LOTE 1B,0,4.56533210,-72.76979930,2062468.7627,5025524.69402,
3711,94,19,ACTIVA,1,LOTE 1B,0,4.56539933,-72.76986604,2062476.1895,5025517.29134,
3712,94,20,ACTIVA,1,LOTE 1B,0,4.56546163,-72.76992734,2062483.0701,5025510.49182,
3713,94,21,ACTIVA,1,LOTE 1B,0,4.56552194,-72.76999111,2062489.7322,5025503.41829,
3714,94,22,ACTIVA,1,LOTE 1B,0,4.56558769,-72.77005983,2062496.9950,5025495.79640,
3715,94,23,ACTIVA,1,LOTE 1B,0,4.56565196,-72.77012311,2062504.0941,5025488.77754,
3716,94,24,ACTIVA,1,LOTE 1B,0,4.56570881,-72.77018887,2062510.3738,5025481.48487,
3717,94,25,ACTIVA,1,LOTE 1B,0,4.56577654,-72.77026203,2062517.8549,5025473.36956,
3718,94,26,ACTIVA,1,LOTE 1B,0,4.56583587,-72.77032185,2062524.4079,5025466.73460,
3719,94,27,ACTIVA,1,LOTE 1B,0,4.56589866,-72.77038316,2062531.3432,5025459.93507,
3720,94,28,ACTIVA,1,LOTE 1B,0,4.56596540,-72.77045286,2062538.7152,5025452.20352,
3721,94,29,ACTIVA,1,LOTE 1B,0,4.56602769,-72.77052059,2062545.5956,5025444.69139,
3722,94,30,ACTIVA,1,LOTE 1B,0,4.56608800,-72.77058041,2062552.2579,5025438.05640,
3723,94,31,ACTIVA,1,LOTE 1B,0,4.56615672,-72.77064468,2062559.8486,5025430.92777,
3724,94,32,ACTIVA,1,LOTE 1B,0,4.56621901,-72.77070747,2062566.7292,5025423.96382,
3725,94,38,ACTIVA,1,LOTE 1B,0,4.56659927,-72.77109665,2062608.7318,5025380.79747,
3726,94,39,ACTIVA,1,LOTE 1B,0,4.56666209,-72.77116020,2062615.6702,5025373.74908,
3727,94,40,ACTIVA,1,LOTE 1B,0,4.56672094,-72.77122527,2062622.1703,5025366.53221,
3728,94,41,ACTIVA,1,LOTE 1B,0,4.56679002,-72.77129436,2062629.8016,5025358.86933,
3729,94,42,ACTIVA,1,LOTE 1B,0,4.56685259,-72.77135302,2062636.7131,5025352.36297,
3730,94,43,ACTIVA,1,LOTE 1B,0,4.56691212,-72.77141819,2062643.2883,5025345.13403,
3731,94,44,ACTIVA,1,LOTE 1B,0,4.56697773,-72.77149032,2062650.5354,5025337.13402,
3732,94,45,ERRADICADA,0,LOTE 1B,0,4.56703889,-72.77155534,2062657.2907,5025329.92310,
3733,94,46,ACTIVA,1,LOTE 1B,0,4.56709321,-72.77161101,2062663.2901,5025323.74827,
3734,94,47,ACTIVA,1,LOTE 1B,0,4.56716992,-72.77167958,2062671.7646,5025316.14233,
3735,94,48,ACTIVA,1,LOTE 1B,0,4.56722899,-72.77174883,2062678.2887,5025308.46174,
3736,95,1,ACTIVA,1,LOTE 1B,0,4.56429201,-72.76860950,2062353.8821,5025656.65600,
3737,95,2,ACTIVA,1,LOTE 1B,0,4.56435458,-72.76867642,2062360.7932,5025649.23419,
3738,95,3,ACTIVA,1,LOTE 1B,0,4.56441889,-72.76874724,2062367.8963,5025641.37870,
3739,95,4,ACTIVA,1,LOTE 1B,0,4.56448016,-72.76880895,2062374.6637,5025634.53509,
3740,95,5,ACTIVA,1,LOTE 1B,0,4.56454099,-72.76887282,2062381.3829,5025627.45060,
3741,95,6,ACTIVA,1,LOTE 1B,0,4.56460964,-72.76894321,2062388.9662,5025619.64314,
3742,95,7,ACTIVA,1,LOTE 1B,0,4.56466830,-72.76900795,2062395.4453,5025612.46237,
3743,95,8,ACTIVA,1,LOTE 1B,0,4.56473261,-72.76906878,2062402.5488,5025605.71502,
3744,95,9,ACTIVA,1,LOTE 1B,0,4.56479257,-72.76913353,2062409.1720,5025598.53420,
3745,95,10,ACTIVA,1,LOTE 1B,0,4.56485862,-72.76920392,2062416.4671,5025590.72685,
3746,95,11,ACTIVA,1,LOTE 1B,0,4.56491901,-72.76926258,2062423.1386,5025584.22053,
3747,95,12,ACTIVA,1,LOTE 1B,0,4.56498549,-72.76932602,2062430.4820,5025577.18402,
3748,95,13,ACTIVA,1,LOTE 1B,0,4.56505024,-72.76939293,2062437.6332,5025569.76215,
3749,95,14,ACTIVA,1,LOTE 1B,0,4.56511020,-72.76945854,2062444.2564,5025562.48498,
3750,95,15,ACTIVA,1,LOTE 1B,0,4.56517407,-72.76952241,2062451.3117,5025555.40039,
3751,95,16,ACTIVA,1,LOTE 1B,0,4.56524055,-72.76959020,2062458.6550,5025547.88211,
3752,95,17,ACTIVA,1,LOTE 1B,0,4.56530486,-72.76965190,2062465.7584,5025541.03840,
3753,95,18,ACTIVA,1,LOTE 1B,0,4.56536135,-72.76971273,2062471.9977,5025534.29133,
3754,95,19,ACTIVA,1,LOTE 1B,0,4.56543217,-72.76978616,2062479.8209,5025526.14657,
3755,95,20,ACTIVA,1,LOTE 1B,0,4.56549214,-72.76984917,2062486.4441,5025519.15848,
3756,95,21,ACTIVA,1,LOTE 1B,0,4.56555471,-72.76991174,2062493.3555,5025512.21848,
3757,95,22,ACTIVA,1,LOTE 1B,0,4.56562075,-72.76998213,2062500.6507,5025504.41114,
3758,95,23,ACTIVA,1,LOTE 1B,0,4.56568292,-72.77004590,2062507.5178,5025497.33819,
3759,95,24,ACTIVA,1,LOTE 1B,0,4.56574024,-72.77010510,2062513.8493,5025490.77225,
3760,95,25,ACTIVA,1,LOTE 1B,0,4.56581194,-72.77017549,2062521.7686,5025482.96472,
3761,95,26,ACTIVA,1,LOTE 1B,0,4.56587407,-72.77023849,2062528.6319,5025475.97656,
3762,95,27,ACTIVA,1,LOTE 1B,0,4.56593143,-72.77029889,2062534.9672,5025469.27765,
3763,95,28,ACTIVA,1,LOTE 1B,0,4.56599747,-72.77036363,2062542.2626,5025462.09665,
3764,95,29,ACTIVA,1,LOTE 1B,0,4.56606265,-72.77043185,2062549.4618,5025454.53024,
3765,95,30,ACTIVA,1,LOTE 1B,0,4.56612348,-72.77049572,2062556.1811,5025447.44578,
3766,95,31,ACTIVA,1,LOTE 1B,0,4.56618779,-72.77055612,2062563.2846,5025440.74663,
3767,95,32,ACTIVA,1,LOTE 1B,0,4.56625210,-72.77062347,2062570.3878,5025433.27662,
3768,95,33,ACTIVA,1,LOTE 1B,0,4.56631119,-72.77068908,2062576.9150,5025425.99951,
3769,95,34,ACTIVA,1,LOTE 1B,0,4.56637246,-72.77075426,2062583.6822,5025418.77050,
3770,95,35,ACTIVA,1,LOTE 1B,0,4.56644008,-72.77082074,2062591.1516,5025411.39673,
3771,95,37,ACTIVA,1,LOTE 1B,0,4.56656712,-72.77094631,2062605.1843,5025397.46853,
3772,95,38,ACTIVA,1,LOTE 1B,0,4.56663259,-72.77101698,2062612.4161,5025389.63040,
3773,95,39,ACTIVA,1,LOTE 1B,0,4.56669313,-72.77107710,2062619.1029,5025382.96222,
3774,95,40,ACTIVA,1,LOTE 1B,0,4.56675613,-72.77114011,2062626.0622,5025375.97406,
3775,95,41,ACTIVA,1,LOTE 1B,0,4.56682435,-72.77120789,2062633.5975,5025368.45574,
3776,95,42,ACTIVA,1,LOTE 1B,0,4.56688258,-72.77127611,2062640.0286,5025360.88960,
3777,95,43,ACTIVA,1,LOTE 1B,0,4.56694520,-72.77133672,2062646.9460,5025354.16643,
3778,95,44,ACTIVA,1,LOTE 1B,0,4.56700834,-72.77140122,2062653.9204,5025347.01265,
3779,95,45,ERRADICADA,0,LOTE 1B,0,4.56708090,-72.77147794,2062661.9351,5025338.50350,
3780,95,46,ACTIVA,1,LOTE 1B,0,4.56713182,-72.77152674,2062667.5597,5025333.09099,
3781,95,47,ACTIVA,1,LOTE 1B,0,4.56719971,-72.77159145,2062675.0591,5025325.91352,
3782,95,48,ACTIVA,1,LOTE 1B,0,4.56727079,-72.77165722,2062682.9101,5025318.61832,
3783,96,1,ACTIVA,1,LOTE 1B,0,4.56432387,-72.76853140,2062357.4046,5025665.31507,
3784,96,2,ACTIVA,1,LOTE 1B,0,4.56437886,-72.76859454,2062363.4788,5025658.31208,
3785,96,3,ACTIVA,1,LOTE 1B,0,4.56445490,-72.76866243,2062371.8783,5025650.78139,
3786,96,4,ACTIVA,1,LOTE 1B,0,4.56451465,-72.76872014,2062378.4777,5025644.38048,
3787,96,5,ACTIVA,1,LOTE 1B,0,4.56457982,-72.76879075,2062385.6768,5025636.54906,
3788,96,6,ACTIVA,1,LOTE 1B,0,4.56464636,-72.76885796,2062393.0261,5025629.09398,
3789,96,7,ACTIVA,1,LOTE 1B,0,4.56470407,-72.76892246,2062399.4003,5025621.94035,
3790,96,8,ACTIVA,1,LOTE 1B,0,4.56477196,-72.76898424,2062406.8998,5025615.08747,
3791,96,9,ACTIVA,1,LOTE 1B,0,4.56482899,-72.76904399,2062413.1991,5025608.46082,
3792,96,10,ACTIVA,1,LOTE 1B,0,4.56489620,-72.76911731,2062420.6232,5025600.32821,
3793,96,11,ACTIVA,1,LOTE 1B,0,4.56495798,-72.76917842,2062427.4475,5025593.55084,
3794,96,12,ACTIVA,1,LOTE 1B,0,4.56501501,-72.76923613,2062433.7469,5025587.15003,
3795,96,13,ACTIVA,1,LOTE 1B,0,4.56508355,-72.76931187,2062441.3169,5025578.74905,
3796,96,14,ACTIVA,1,LOTE 1B,0,4.56514535,-72.76937289,2062448.1430,5025571.98037,
3797,96,15,ACTIVA,1,LOTE 1B,0,4.56520946,-72.76943469,2062455.2251,5025565.12597,
3798,96,16,ACTIVA,1,LOTE 1B,0,4.56527898,-72.76950344,2062462.9044,5025557.50050,
3799,96,17,ACTIVA,1,LOTE 1B,0,4.56533556,-72.76956793,2062469.1533,5025550.34830,
3800,96,18,ACTIVA,1,LOTE 1B,0,4.56539785,-72.76963121,2062476.0339,5025543.32951,
3801,96,19,ACTIVA,1,LOTE 1B,0,4.56546649,-72.76970149,2062483.6157,5025535.53428,
3802,96,20,ACTIVA,1,LOTE 1B,0,4.56552964,-72.76976588,2062490.5915,5025528.39197,
3803,96,21,ACTIVA,1,LOTE 1B,0,4.56558871,-72.76982475,2062497.1154,5025521.86213,
3804,96,22,ACTIVA,1,LOTE 1B,0,4.56565592,-72.76989536,2062504.5396,5025514.03066,
3805,96,23,ACTIVA,1,LOTE 1B,0,4.56571838,-72.76995511,2062511.4391,5025507.40383,
3806,96,24,ACTIVA,1,LOTE 1B,0,4.56577722,-72.77002177,2062517.9385,5025500.01062,
3807,96,25,ACTIVA,1,LOTE 1B,0,4.56583825,-72.77008743,2062524.6791,5025492.72808,
3808,96,26,ACTIVA,1,LOTE 1B,0,4.56590468,-72.77014922,2062532.0172,5025485.87360,
3809,96,27,ACTIVA,1,LOTE 1B,0,4.56596415,-72.77021717,2062538.5860,5025478.33717,
3810,96,28,ACTIVA,1,LOTE 1B,0,4.56602526,-72.77027828,2062545.3353,5025471.55984,
3811,96,29,ACTIVA,1,LOTE 1B,0,4.56609451,-72.77034888,2062552.9846,5025463.72830,
3812,96,30,ACTIVA,1,LOTE 1B,0,4.56615425,-72.77040999,2062559.5839,5025456.95102,
3813,96,31,ACTIVA,1,LOTE 1B,0,4.56622062,-72.77047366,2062566.9150,5025449.88878,
3814,96,32,ACTIVA,1,LOTE 1B,0,4.56628860,-72.77054086,2062574.4236,5025442.43470,
3815,96,33,ACTIVA,1,LOTE 1B,0,4.56634576,-72.77060421,2062580.7375,5025435.40926,
3816,96,34,ACTIVA,1,LOTE 1B,0,4.56640836,-72.77066792,2062587.6522,5025428.34251,
3817,96,35,ACTIVA,1,LOTE 1B,0,4.56647461,-72.77073515,2062594.9697,5025420.88507,
3818,96,36,ACTIVA,1,LOTE 1B,0,4.56653987,-72.77079695,2062602.1781,5025414.03064,
3819,96,37,ACTIVA,1,LOTE 1B,1,4.56659820,-72.77085776,2062608.6218,5025407.28610,
3820,96,38,ACTIVA,1,LOTE 1B,0,4.56666566,-72.77093039,2062616.0724,5025399.23002,
3821,96,39,ACTIVA,1,LOTE 1B,0,4.56672704,-72.77098830,2062622.8527,5025392.80769,
3822,96,40,ACTIVA,1,LOTE 1B,0,4.56678874,-72.77105474,2062629.6676,5025385.43812,
3823,96,41,ACTIVA,1,LOTE 1B,0,4.56685297,-72.77111960,2062636.7623,5025378.24388,
3824,96,42,ACTIVA,1,LOTE 1B,0,4.56691856,-72.77118356,2062644.0078,5025371.15045,
3825,96,43,ACTIVA,1,LOTE 1B,0,4.56697937,-72.77124931,2062650.7245,5025363.85766,
3826,96,44,ACTIVA,1,LOTE 1B,0,4.56704217,-72.77131514,2062657.6618,5025356.55603,
3827,96,45,ACTIVA,1,LOTE 1B,0,4.56711273,-72.77137842,2062665.4557,5025349.53698,
3828,96,46,ACTIVA,1,LOTE 1B,0,4.56717253,-72.77144170,2062672.0610,5025342.51831,
3829,96,47,ACTIVA,1,LOTE 1B,0,4.56723360,-72.77150435,2062678.8062,5025335.56977,
3830,96,48,ACTIVA,1,LOTE 1B,0,4.56730257,-72.77158029,2062686.4249,5025327.14747,
3831,97,1,ACTIVA,1,LOTE 1B,0,4.56441672,-72.76851130,2062367.6647,5025667.54006,
3832,97,2,ACTIVA,1,LOTE 1B,0,4.56447494,-72.76857257,2062374.0960,5025660.74473,
3833,97,3,ACTIVA,1,LOTE 1B,0,4.56454665,-72.76864600,2062382.0171,5025652.59991,
3834,97,4,ACTIVA,1,LOTE 1B,0,4.56460964,-72.76870423,2062388.9747,5025646.14167,
3835,97,5,ACTIVA,1,LOTE 1B,0,4.56467091,-72.76877027,2062395.7419,5025638.81626,
3836,97,6,ACTIVA,1,LOTE 1B,0,4.56473913,-72.76883806,2062403.2772,5025631.29790,
3837,97,7,ACTIVA,1,LOTE 1B,0,4.56479779,-72.76890237,2062409.7563,5025624.16531,
3838,97,8,ACTIVA,1,LOTE 1B,0,4.56485514,-72.76896450,2062416.0916,5025617.27366,
3839,97,9,ACTIVA,1,LOTE 1B,0,4.56492944,-72.76904098,2062424.2987,5025608.79150,
3840,97,10,ACTIVA,1,LOTE 1B,0,4.56499071,-72.76909746,2062431.0662,5025602.52605,
3841,97,11,ACTIVA,1,LOTE 1B,0,4.56504893,-72.76916481,2062437.4973,5025595.05622,
3842,97,12,ACTIVA,1,LOTE 1B,0,4.56511324,-72.76922912,2062444.6006,5025587.92344,
3843,97,16,ACTIVA,1,LOTE 1B,0,4.56537221,-72.76948461,2062473.2061,5025559.58497,
3844,97,17,ACTIVA,1,LOTE 1B,0,4.56543187,-72.76954707,2062479.7963,5025552.65711,
3845,97,18,ACTIVA,1,LOTE 1B,0,4.56549301,-72.76961453,2062486.5485,5025545.17515,
3846,97,19,ACTIVA,1,LOTE 1B,0,4.56555557,-72.76968188,2062493.4597,5025537.70518,
3847,97,20,ACTIVA,1,LOTE 1B,0,4.56562336,-72.76974271,2062500.9472,5025530.95772,
3848,97,21,ACTIVA,1,LOTE 1B,0,4.56567463,-72.76980746,2062506.6102,5025523.77722,
3849,97,22,ACTIVA,1,LOTE 1B,0,4.56574549,-72.76987738,2062514.4373,5025516.02175,
3850,97,23,ACTIVA,1,LOTE 1B,0,4.56581001,-72.76993744,2062521.5639,5025509.35919,
3851,97,24,ACTIVA,1,LOTE 1B,0,4.56587453,-72.77000603,2062528.6912,5025501.75234,
3852,97,25,ACTIVA,1,LOTE 1B,0,4.56593767,-72.77007256,2062535.6654,5025494.37269,
3853,97,26,ACTIVA,1,LOTE 1B,0,4.56600217,-72.77013367,2062542.7899,5025487.59524,
3854,97,27,ACTIVA,1,LOTE 1B,0,4.56606192,-72.77019748,2062549.3891,5025480.51683,
3855,97,28,ACTIVA,1,LOTE 1B,0,4.56612438,-72.77026606,2062556.2882,5025472.91138,
3856,97,29,ACTIVA,1,LOTE 1B,0,4.56619023,-72.77032648,2062563.5628,5025466.20916,
3857,97,30,ACTIVA,1,LOTE 1B,0,4.56625473,-72.77038894,2062570.6872,5025459.28115,
3858,97,31,ACTIVA,1,LOTE 1B,0,4.56631641,-72.77045444,2062577.4994,5025452.01599,
3859,97,32,ACTIVA,1,LOTE 1B,0,4.56637898,-72.77052049,2062584.4106,5025444.69058,
3860,97,33,ACTIVA,1,LOTE 1B,0,4.56644328,-72.77058349,2062591.5140,5025437.70235,
3861,97,34,ACTIVA,1,LOTE 1B,1,4.56650455,-72.77065171,2062598.2811,5025430.13609,
3862,97,35,ACTIVA,1,LOTE 1B,0,4.56656886,-72.77071906,2062605.3844,5025422.66608,
3863,97,36,ACTIVA,1,LOTE 1B,0,4.56663357,-72.77078068,2062612.5328,5025415.83142,
3864,97,37,ERRADICADA,0,LOTE 1B,0,4.56670214,-72.77085468,2062620.1069,5025407.62353,
3865,97,38,ACTIVA,1,LOTE 1B,0,4.56676189,-72.77091036,2062626.7065,5025401.44849,
3866,97,39,ACTIVA,1,LOTE 1B,0,4.56682231,-72.77097485,2062633.3807,5025394.29480,
3867,97,40,ACTIVA,1,LOTE 1B,0,4.56688388,-72.77103582,2062640.1811,5025387.53252,
3868,97,41,ACTIVA,1,LOTE 1B,0,4.56695688,-72.77110534,2062648.2445,5025379.82132,
3869,97,42,ACTIVA,1,LOTE 1B,0,4.56700902,-72.77116427,2062654.0037,5025373.28522,
3870,97,43,ACTIVA,1,LOTE 1B,0,4.56707216,-72.77123488,2062660.9778,5025365.45392,
3871,97,44,ACTIVA,1,LOTE 1B,0,4.56714345,-72.77130142,2062668.8523,5025358.07401,
3872,97,45,ACTIVA,1,LOTE 1B,0,4.56720412,-72.77136344,2062675.5536,5025351.19433,
3873,97,46,ACTIVA,1,LOTE 1B,0,4.56726633,-72.77142295,2062682.4261,5025344.59464,
3874,97,47,ACTIVA,1,LOTE 1B,0,4.56733558,-72.77149355,2062690.0753,5025336.76313,
3875,97,48,ACTIVA,1,LOTE 1B,0,4.56739261,-72.77155601,2062696.3745,5025329.83541,
3876,98,1,ACTIVA,1,LOTE 1B,0,4.56445495,-72.76841875,2062371.8930,5025677.80086,
3877,98,2,ACTIVA,1,LOTE 1B,0,4.56451579,-72.76848871,2062378.6120,5025670.04185,
3878,98,3,ACTIVA,1,LOTE 1B,0,4.56458225,-72.76855535,2062385.9534,5025662.65074,
3879,98,4,ACTIVA,1,LOTE 1B,0,4.56464657,-72.76862341,2062393.0585,5025655.10167,
3880,98,5,ACTIVA,1,LOTE 1B,0,4.56471175,-72.76868641,2062400.2579,5025648.11339,
3881,98,6,ACTIVA,1,LOTE 1B,0,4.56477345,-72.76875550,2062407.0730,5025640.45072,
3882,98,7,ACTIVA,1,LOTE 1B,0,4.56483168,-72.76881850,2062413.5042,5025633.46268,
3883,98,8,ACTIVA,1,LOTE 1B,0,4.56489294,-72.76888238,2062420.2714,5025626.37817,
3884,98,16,ACTIVA,1,LOTE 1B,0,4.56540372,-72.76940157,2062476.6908,5025568.79184,
3885,98,17,ACTIVA,1,LOTE 1B,0,4.56546629,-72.76946497,2062483.6021,5025561.75933,
3886,98,18,ACTIVA,1,LOTE 1B,0,4.56552692,-72.76952942,2062490.2994,5025554.61102,
3887,98,19,ACTIVA,1,LOTE 1B,0,4.56559142,-72.76960342,2062497.4233,5025546.40325,
3888,98,20,ACTIVA,1,LOTE 1B,0,4.56565464,-72.76966059,2062504.4069,5025540.06245,
3889,98,21,ACTIVA,1,LOTE 1B,0,4.56571504,-72.76972186,2062511.0782,5025533.26707,
3890,98,22,ACTIVA,1,LOTE 1B,0,4.56578152,-72.76979138,2062518.4215,5025525.55607,
3891,98,23,ACTIVA,1,LOTE 1B,0,4.56584409,-72.76985221,2062525.3329,5025518.80879,
3892,98,24,ACTIVA,1,LOTE 1B,0,4.56590623,-72.76991826,2062532.1961,5025511.48338,
3893,98,25,ACTIVA,1,LOTE 1B,0,4.56596967,-72.76998604,2062539.2033,5025503.96521,
3894,98,26,ACTIVA,1,LOTE 1B,0,4.56603137,-72.77005252,2062546.0185,5025496.59164,
3895,98,27,ACTIVA,1,LOTE 1B,0,4.56609785,-72.77011466,2062553.3619,5025489.69969,
3896,98,28,ACTIVA,1,LOTE 1B,0,4.56615477,-72.77017853,2062559.6491,5025482.61537,
3897,98,29,ACTIVA,1,LOTE 1B,0,4.56622342,-72.77024675,2062567.2324,5025475.04884,
3898,98,30,ACTIVA,1,LOTE 1B,0,4.56628556,-72.77030975,2062574.0957,5025468.06069,
3899,98,31,ACTIVA,1,LOTE 1B,0,4.56634899,-72.77037189,2062581.1031,5025461.16885,
3900,98,32,ACTIVA,1,LOTE 1B,0,4.56641292,-72.77044122,2062588.1643,5025453.47904,
3901,98,33,ACTIVA,1,LOTE 1B,0,4.56647335,-72.77050300,2062594.8386,5025446.62646,
3902,98,34,ACTIVA,1,LOTE 1B,0,4.56653581,-72.77056275,2062601.7381,5025439.99964,
3903,98,35,ACTIVA,1,LOTE 1B,0,4.56660710,-72.77063173,2062609.6124,5025432.34872,
3904,98,36,ACTIVA,1,LOTE 1B,0,4.56666880,-72.77069386,2062616.4278,5025425.45695,
3905,98,37,ACTIVA,1,LOTE 1B,0,4.56672919,-72.77075643,2062623.0991,5025418.51705,
3906,98,38,ACTIVA,1,LOTE 1B,0,4.56679524,-72.77082552,2062630.3943,5025410.85426,
3907,98,39,ACTIVA,1,LOTE 1B,0,4.56685651,-72.77088983,2062637.1616,5025403.72162,
3908,98,40,ACTIVA,1,LOTE 1B,0,4.56691951,-72.77095370,2062644.1209,5025396.63709,
3909,98,41,ACTIVA,1,LOTE 1B,0,4.56698860,-72.77102322,2062651.7522,5025388.92603,
3910,98,42,ACTIVA,1,LOTE 1B,0,4.56705030,-72.77108709,2062658.5675,5025381.84155,
3911,98,43,ACTIVA,1,LOTE 1B,0,4.56711026,-72.77114923,2062665.1908,5025374.94985,
3912,98,44,ACTIVA,1,LOTE 1B,0,4.56717674,-72.77121180,2062672.5343,5025368.00975,
3913,98,45,ACTIVA,1,LOTE 1B,0,4.56723801,-72.77127915,2062679.3014,5025360.53986,
3914,98,46,ACTIVA,1,LOTE 1B,0,4.56729824,-72.77133944,2062685.9548,5025353.85291,
3915,98,47,ACTIVA,1,LOTE 1B,0,4.56736342,-72.77140461,2062693.1541,5025346.62378,
3916,98,48,ACTIVA,1,LOTE 1B,0,4.56742588,-72.77147454,2062700.0533,5025338.86779,
3917,99,1,ACTIVA,1,LOTE 1B,0,4.56448430,-72.76834728,2062375.1376,5025685.72463,
3918,99,2,ACTIVA,1,LOTE 1B,0,4.56454500,-72.76840933,2062381.8424,5025678.84235,
3919,99,3,ACTIVA,1,LOTE 1B,0,4.56461019,-72.76847453,2062389.0440,5025671.61093,
3920,99,4,ACTIVA,1,LOTE 1B,0,4.56466859,-72.76854105,2062395.4940,5025664.23330,
3921,99,5,ACTIVA,1,LOTE 1B,0,4.56473955,-72.76860498,2062403.3321,5025657.14189,
3922,99,6,ACTIVA,1,LOTE 1B,0,4.56479154,-72.76866470,2062409.0745,5025650.51856,
3923,99,7,ACTIVA,1,LOTE 1B,0,4.56486320,-72.76873425,2062416.9900,5025642.80393,
3924,99,8,ACTIVA,1,LOTE 1B,0,4.56493064,-72.76879818,2062424.4400,5025635.71265,
3925,99,15,ACTIVA,1,LOTE 1B,0,4.56537277,-72.76924610,2062473.2769,5025586.03119,
3926,99,16,ACTIVA,1,LOTE 1B,0,4.56543617,-72.76931894,2062480.2794,5025577.95230,
3927,99,17,ACTIVA,1,LOTE 1B,0,4.56549867,-72.76938234,2062487.1829,5025570.92041,
3928,99,18,ACTIVA,1,LOTE 1B,0,4.56555521,-72.76945015,2062493.4280,5025563.39952,
3929,99,19,ACTIVA,1,LOTE 1B,0,4.56562477,-72.76951549,2062501.1109,5025556.15239,
3930,99,20,ACTIVA,1,LOTE 1B,0,4.56568940,-72.76957872,2062508.2504,5025549.13912,
3931,99,21,ACTIVA,1,LOTE 1B,0,4.56575123,-72.76963633,2062515.0796,5025542.74916,
3932,99,22,ACTIVA,1,LOTE 1B,0,4.56581375,-72.76970869,2062521.9859,5025534.72328,
3933,99,23,ACTIVA,1,LOTE 1B,0,4.56587909,-72.76977614,2062529.2029,5025527.24260,
3934,99,24,ACTIVA,1,LOTE 1B,0,4.56593797,-72.76983377,2062535.7061,5025520.84962,
3935,99,25,ACTIVA,1,LOTE 1B,0,4.56600046,-72.76989717,2062542.6096,5025513.81775,
3936,99,26,ACTIVA,1,LOTE 1B,0,4.56606878,-72.76996934,2062550.1556,5025505.81348,
3937,99,27,ACTIVA,1,LOTE 1B,0,4.56612639,-72.77003046,2062556.5189,5025499.03417,
3938,99,28,ACTIVA,1,LOTE 1B,0,4.56619103,-72.77008807,2062563.6586,5025492.64412,
3939,99,29,ACTIVA,1,LOTE 1B,0,4.56625777,-72.77016114,2062571.0307,5025484.54019,
3940,99,30,ACTIVA,1,LOTE 1B,0,4.56632240,-72.77022085,2062578.1703,5025477.91644,
3941,99,31,ACTIVA,1,LOTE 1B,0,4.56637861,-72.77028408,2062584.3783,5025470.90349,
3942,99,32,ACTIVA,1,LOTE 1B,0,4.56644816,-72.77035574,2062592.0609,5025462.95527,
3943,99,33,ACTIVA,1,LOTE 1B,0,4.56650718,-72.77041687,2062598.5795,5025456.17593,
3944,99,34,ACTIVA,1,LOTE 1B,0,4.56656900,-72.77048010,2062605.4085,5025449.16278,
3945,99,35,ACTIVA,1,LOTE 1B,0,4.56663364,-72.77055035,2062612.5478,5025441.37054,
3946,99,36,ACTIVA,1,LOTE 1B,0,4.56669897,-72.77061147,2062619.7650,5025434.59097,
3947,99,37,ACTIVA,1,LOTE 1B,0,4.56676291,-72.77068032,2062626.8267,5025426.95456,
3948,99,38,ACTIVA,1,LOTE 1B,0,4.56682684,-72.77073864,2062633.8888,5025420.48664,
3949,99,39,ACTIVA,1,LOTE 1B,0,4.56689218,-72.77080959,2062641.1057,5025412.61648,
3950,99,40,ACTIVA,1,LOTE 1B,0,4.56695259,-72.77087423,2062647.7794,5025405.44759,
3951,99,41,ACTIVA,1,LOTE 1B,0,4.56701372,-72.77093605,2062654.5308,5025398.59028,
3952,99,42,ACTIVA,1,LOTE 1B,0,4.56708364,-72.77100282,2062662.2540,5025391.18424,
3953,99,43,ACTIVA,1,LOTE 1B,0,4.56714299,-72.77106263,2062668.8099,5025384.55135,
3954,99,44,ACTIVA,1,LOTE 1B,0,4.56720414,-72.77112602,2062675.5644,5025377.51954,
3955,99,45,ACTIVA,1,LOTE 1B,0,4.56727068,-72.77119797,2062682.9148,5025369.54029,
3956,99,46,ACTIVA,1,LOTE 1B,0,4.56733093,-72.77126136,2062689.5699,5025362.50851,
3957,99,47,ACTIVA,1,LOTE 1B,0,4.56739253,-72.77132162,2062696.3742,5025355.82569,
3958,99,48,ACTIVA,1,LOTE 1B,0,4.56745532,-72.77138818,2062703.3094,5025348.44284,
3959,100,1,ACTIVA,1,LOTE 1B,0,4.56458232,-72.76832525,2062385.9690,5025688.16408,
3960,100,2,ACTIVA,1,LOTE 1B,0,4.56464257,-72.76838640,2062392.6242,5025681.38154,
3961,100,3,ACTIVA,1,LOTE 1B,0,4.56471128,-72.76845459,2062400.2138,5025673.81762,
3962,100,4,ACTIVA,1,LOTE 1B,0,4.56477727,-72.76851957,2062407.5035,5025666.61120,
3963,100,5,ACTIVA,1,LOTE 1B,0,4.56483543,-72.76857727,2062413.9274,5025660.21057,
3964,100,6,ACTIVA,1,LOTE 1B,0,4.56489954,-72.76865053,2062421.0087,5025652.08528,
3965,100,7,ACTIVA,1,LOTE 1B,0,4.56496298,-72.76871346,2062428.0158,5025645.10586,
3966,100,15,ACTIVA,1,LOTE 1B,0,4.56547047,-72.76923016,2062484.0721,5025587.79573,
3967,100,16,ACTIVA,1,LOTE 1B,0,4.56553339,-72.76929717,2062491.0225,5025580.36254,
3968,100,17,ACTIVA,1,LOTE 1B,0,4.56559632,-72.76936215,2062497.9730,5025573.15625,
3969,100,18,ACTIVA,1,LOTE 1B,0,4.56565976,-72.76943019,2062504.9799,5025565.60960,
3970,100,19,ACTIVA,1,LOTE 1B,0,4.56572473,-72.76949516,2062512.1565,5025558.40325,
3971,100,20,ACTIVA,1,LOTE 1B,0,4.56578612,-72.76955706,2062518.9376,5025551.53737,
3972,100,21,ACTIVA,1,LOTE 1B,0,4.56584517,-72.76962009,2062525.4608,5025544.54678,
3973,100,22,ACTIVA,1,LOTE 1B,0,4.56591164,-72.76968688,2062532.8024,5025537.13843,
3974,100,23,ACTIVA,1,LOTE 1B,0,4.56597581,-72.76975171,2062539.8908,5025529.94799,
3975,100,24,ACTIVA,1,LOTE 1B,0,4.56603606,-72.76981686,2062546.5451,5025522.72139,
3976,100,25,ACTIVA,1,LOTE 1B,0,4.56610481,-72.76988234,2062554.1400,5025515.45819,
3977,100,26,ACTIVA,1,LOTE 1B,0,4.56616473,-72.76994619,2062560.7582,5025508.37681,
3978,100,27,ACTIVA,1,LOTE 1B,0,4.56622530,-72.77000709,2062567.4488,5025501.62215,
3979,100,28,ACTIVA,1,LOTE 1B,0,4.56629209,-72.77007552,2062574.8265,5025494.03228,
3980,100,29,ACTIVA,1,LOTE 1B,0,4.56635299,-72.77014264,2062581.5531,5025486.58784,
3981,100,30,ACTIVA,1,LOTE 1B,0,4.56641960,-72.77020474,2062588.9108,5025479.69937,
3982,100,31,ACTIVA,1,LOTE 1B,0,4.56648226,-72.77027305,2062595.8312,5025472.12272,
3983,100,32,ACTIVA,1,LOTE 1B,0,4.56654027,-72.77033549,2062602.2396,5025465.19826,
3984,100,33,ACTIVA,1,LOTE 1B,0,4.56660452,-72.77039941,2062609.3366,5025458.10752,
3985,100,34,ACTIVA,1,LOTE 1B,0,4.56666527,-72.77046096,2062616.0470,5025451.28068,
3986,100,35,ACTIVA,1,LOTE 1B,0,4.56673306,-72.77053112,2062623.5343,5025443.49991,
3987,100,36,ACTIVA,1,LOTE 1B,0,4.56679650,-72.77059046,2062630.5415,5025436.91760,
3988,100,37,ACTIVA,1,LOTE 1B,0,4.56685635,-72.77065441,2062637.1529,5025429.82490,
3989,100,38,ACTIVA,1,LOTE 1B,0,4.56692900,-72.77072961,2062645.1771,5025421.48380,
3990,100,39,ACTIVA,1,LOTE 1B,0,4.56698738,-72.77078779,2062651.6256,5025415.03075,
3991,100,40,ACTIVA,1,LOTE 1B,0,4.56704514,-72.77085220,2062658.0054,5025407.88685,
3992,100,41,ACTIVA,1,LOTE 1B,0,4.56711202,-72.77091710,2062665.3939,5025400.68813,
3993,100,42,ACTIVA,1,LOTE 1B,0,4.56717163,-72.77098134,2062671.9775,5025393.56310,
3994,100,43,ACTIVA,1,LOTE 1B,0,4.56723640,-72.77104479,2062679.1319,5025386.52600,
3995,100,44,ERRADICADA,0,LOTE 1B,0,4.56730421,-72.77111430,2062686.6227,5025378.81616,
3996,100,45,ACTIVA,1,LOTE 1B,0,4.56736912,-72.77117882,2062693.7916,5025371.65973,
3997,100,46,ACTIVA,1,LOTE 1B,0,4.56742747,-72.77123669,2062700.2371,5025365.24107,
3998,100,47,ACTIVA,1,LOTE 1B,0,4.56749613,-72.77131028,2062707.8209,5025357.07934,
3999,101,1,ACTIVA,1,LOTE 1B,0,4.56461220,-72.76823836,2062389.2743,5025697.79786,
4000,101,2,ACTIVA,1,LOTE 1B,0,4.56467775,-72.76830391,2062396.5148,5025690.52727,
4001,101,3,ACTIVA,1,LOTE 1B,0,4.56474642,-72.76837882,2062404.0999,5025682.21824,
4002,101,4,ACTIVA,1,LOTE 1B,0,4.56481010,-72.76843938,2062411.1337,5025675.50149,
4003,101,5,ACTIVA,1,LOTE 1B,0,4.56486711,-72.76850183,2062417.4303,5025668.57444,
4004,101,6,ACTIVA,1,LOTE 1B,0,4.56493746,-72.76856673,2062425.2010,5025661.37578,
4005,101,7,ACTIVA,1,LOTE 1B,0,4.56499801,-72.76862791,2062431.8899,5025654.58992,
4006,101,15,ACTIVA,1,LOTE 1B,0,4.56549999,-72.76914569,2062487.3372,5025597.15993,
4007,101,16,ACTIVA,1,LOTE 1B,0,4.56557077,-72.76921812,2062495.1555,5025589.12665,
4008,101,17,ACTIVA,1,LOTE 1B,0,4.56562564,-72.76928232,2062501.2159,5025582.00652,
4009,101,18,ACTIVA,1,LOTE 1B,0,4.56568600,-72.76934651,2062507.8826,5025574.88621,
4010,101,19,ACTIVA,1,LOTE 1B,0,4.56575843,-72.76940797,2062515.8831,5025568.06966,
4011,101,20,ACTIVA,1,LOTE 1B,0,4.56581823,-72.76946942,2062522.4893,5025561.25356,
4012,101,21,ACTIVA,1,LOTE 1B,0,4.56587969,-72.76953252,2062529.2772,5025554.25488,
4013,101,22,ACTIVA,1,LOTE 1B,0,4.56594882,-72.76960166,2062536.9137,5025546.58670,
4014,101,23,ACTIVA,1,LOTE 1B,0,4.56600643,-72.76966914,2062543.2772,5025539.10145,
4015,101,24,ACTIVA,1,LOTE 1B,0,4.56607173,-72.76972840,2062550.4897,5025532.52852,
4016,101,25,ACTIVA,1,LOTE 1B,0,4.56613922,-72.76980193,2062557.9441,5025524.37369,
4017,101,26,ACTIVA,1,LOTE 1B,0,4.56619683,-72.76986228,2062564.3078,5025517.67936,
4018,101,27,ACTIVA,1,LOTE 1B,0,4.56625718,-72.76992593,2062570.9745,5025510.61989,
4019,101,28,ACTIVA,1,LOTE 1B,1,4.56631754,-72.76999287,2062577.6411,5025503.19539,
4020,101,29,ACTIVA,1,LOTE 1B,0,4.56638832,-72.77005378,2062585.4598,5025496.43975,
4021,101,30,ACTIVA,1,LOTE 1B,0,4.56644593,-72.77012127,2062591.8232,5025488.95451,
4022,101,31,ACTIVA,1,LOTE 1B,0,4.56651123,-72.77018546,2062599.0355,5025481.83403,
4023,101,32,ACTIVA,1,LOTE 1B,0,4.56657817,-72.77024966,2062606.4297,5025474.71350,
4024,101,33,ACTIVA,1,LOTE 1B,0,4.56663578,-72.77031276,2062612.7933,5025467.71497,
4025,101,34,ACTIVA,1,LOTE 1B,0,4.56669873,-72.77037147,2062619.7463,5025461.20297,
4026,101,35,ACTIVA,1,LOTE 1B,0,4.56677071,-72.77044451,2062627.6980,5025453.10154,
4027,101,36,ACTIVA,1,LOTE 1B,0,4.56682782,-72.77050425,2062634.0059,5025446.47537,
4028,101,37,ACTIVA,1,LOTE 1B,0,4.56689257,-72.77057229,2062641.1575,5025438.92905,
4029,101,38,ACTIVA,1,LOTE 1B,0,4.56696280,-72.77064033,2062648.9153,5025431.38253,
4030,101,39,ACTIVA,1,LOTE 1B,0,4.56702425,-72.77069958,2062655.7034,5025424.80975,
4031,101,40,ACTIVA,1,LOTE 1B,0,4.56708626,-72.77076433,2062662.5520,5025417.62856,
4032,101,41,ACTIVA,1,LOTE 1B,0,4.56715155,-72.77083511,2062669.7641,5025409.77803,
4033,101,42,ACTIVA,1,LOTE 1B,0,4.56721136,-72.77089876,2062676.3701,5025402.71860,
4034,101,43,ACTIVA,1,LOTE 1B,0,4.56727226,-72.77095966,2062683.0976,5025395.96333,
4035,101,44,ERRADICADA,0,LOTE 1B,0,4.56734414,-72.77103429,2062691.0370,5025387.68669,
4036,101,45,ACTIVA,1,LOTE 1B,0,4.56740504,-72.77109464,2062697.7645,5025380.99226,
4037,101,46,ACTIVA,1,LOTE 1B,0,4.56746046,-72.77115390,2062703.8857,5025374.41970,
4038,101,47,ACTIVA,1,LOTE 1B,0,4.56752027,-72.77121645,2062710.4918,5025367.48196,
4039,102,1,ACTIVA,1,LOTE 1B,0,4.56471396,-72.76821463,2062400.5188,5025700.42466,
4040,102,2,ACTIVA,1,LOTE 1B,0,4.56477889,-72.76828580,2062407.6902,5025692.53110,
4041,102,3,ACTIVA,1,LOTE 1B,0,4.56484069,-72.76835322,2062414.5168,5025685.05298,
4042,102,4,ACTIVA,1,LOTE 1B,0,4.56490337,-72.76841096,2062421.4403,5025678.64914,
4043,102,5,ACTIVA,1,LOTE 1B,0,4.56496450,-72.76847329,2062428.1926,5025671.73589,
4044,102,6,ACTIVA,1,LOTE 1B,0,4.56502483,-72.76854161,2062434.8564,5025664.15815,
4045,102,7,ACTIVA,1,LOTE 1B,0,4.56509156,-72.76860953,2062442.2265,5025656.62448,
4046,102,14,ACTIVA,1,LOTE 1B,0,4.56553585,-72.76906701,2062491.3018,5025605.88322,
4047,102,15,ERRADICADA,0,LOTE 1B,0,4.56560010,-72.76913557,2062498.3986,5025598.27852,
4048,102,16,ACTIVA,1,LOTE 1B,0,4.56566448,-72.76919703,2062505.5100,5025591.46226,
4049,102,17,ACTIVA,1,LOTE 1B,0,4.56572563,-72.76925719,2062512.2649,5025584.78887,
4050,102,18,ACTIVA,1,LOTE 1B,0,4.56578796,-72.76932831,2062519.1493,5025576.90096,
4051,102,19,ACTIVA,1,LOTE 1B,0,4.56585349,-72.76939024,2062526.3873,5025570.03188,
4052,102,20,ACTIVA,1,LOTE 1B,0,4.56591262,-72.76944937,2062532.9189,5025563.47313,
4053,102,21,ACTIVA,1,LOTE 1B,0,4.56597495,-72.76951410,2062539.8036,5025556.29405,
4054,102,22,ACTIVA,1,LOTE 1B,0,4.56604367,-72.76958282,2062547.3944,5025548.67173,
4055,102,23,ACTIVA,1,LOTE 1B,0,4.56610050,-72.76964550,2062553.6721,5025541.71989,
4056,102,24,ACTIVA,1,LOTE 1B,0,4.56616356,-72.76971105,2062560.6368,5025534.44941,
4057,102,25,ACTIVA,1,LOTE 1B,0,4.56623098,-72.76977660,2062568.0843,5025527.17878,
4058,102,26,ACTIVA,1,LOTE 1B,0,4.56629466,-72.76983903,2062575.1180,5025520.25440,
4059,102,27,ACTIVA,1,LOTE 1B,0,4.56635147,-72.76990520,2062581.3928,5025512.91492,
4060,102,28,ACTIVA,1,LOTE 1B,0,4.56642326,-72.76997138,2062589.3232,5025505.57492,
4061,102,29,ACTIVA,1,LOTE 1B,0,4.56648716,-72.77003391,2062596.3817,5025498.63945,
4062,102,30,ACTIVA,1,LOTE 1B,0,4.56654629,-72.77010103,2062602.9131,5025491.19469,
4063,102,31,ACTIVA,1,LOTE 1B,0,4.56661603,-72.77016516,2062610.6160,5025484.08138,
4064,102,32,ACTIVA,1,LOTE 1B,0,4.56667419,-72.77023100,2062617.0401,5025476.77864,
4065,102,33,ACTIVA,1,LOTE 1B,0,4.56673729,-72.77029081,2062624.0101,5025470.14495,
4066,102,34,ACTIVA,1,LOTE 1B,0,4.56680313,-72.77036159,2062631.2828,5025462.29439,
4067,102,35,ACTIVA,1,LOTE 1B,0,4.56686623,-72.77042469,2062638.2526,5025455.29568,
4068,102,36,ACTIVA,1,LOTE 1B,0,4.56692659,-72.77048669,2062644.9194,5025448.41874,
4069,102,37,ACTIVA,1,LOTE 1B,0,4.56699243,-72.77055363,2062652.1922,5025440.99406,
4070,102,38,ACTIVA,1,LOTE 1B,0,4.56705663,-72.77061673,2062659.2833,5025433.99531,
4071,102,39,ACTIVA,1,LOTE 1B,0,4.56711863,-72.77068312,2062666.1318,5025426.63160,
4072,102,40,ACTIVA,1,LOTE 1B,0,4.56718063,-72.77074622,2062672.9804,5025419.63293,
4073,102,41,ACTIVA,1,LOTE 1B,0,4.56724153,-72.77081536,2062679.7076,5025411.96507,
4074,102,42,ACTIVA,1,LOTE 1B,0,4.56730773,-72.77087515,2062687.0191,5025405.33343,
4075,102,43,ERRADICADA,0,LOTE 1B,0,4.56737425,-72.77095515,2062694.3667,5025396.45969,
4076,102,44,ACTIVA,1,LOTE 1B,0,4.56743178,-72.77100730,2062700.7221,5025390.67631,
4077,102,45,ERRADICADA,0,LOTE 1B,0,4.56749741,-72.77107292,2062707.9709,5025383.39746,
4078,102,46,ACTIVA,1,LOTE 1B,0,4.56755404,-72.77113315,2062714.2267,5025376.71700,
4079,102,47,ACTIVA,1,LOTE 1B,0,4.56761849,-72.77120086,2062721.3451,5025369.20770,
4080,102,48,ACTIVA,1,LOTE 1B,0,4.56768827,-72.77126912,2062729.0532,5025361.63590,
4081,103,1,ACTIVA,1,LOTE 1B,0,4.56481034,-72.76819786,2062411.1687,5025702.28124,
4082,103,2,ACTIVA,1,LOTE 1B,0,4.56487766,-72.76826920,2062418.6041,5025694.36832,
4083,103,3,ACTIVA,1,LOTE 1B,0,4.56493864,-72.76832846,2062425.3406,5025687.79532,
4084,103,4,ERRADICADA,0,LOTE 1B,0,4.56500366,-72.76840211,2062432.5215,5025679.62730,
4085,103,5,ACTIVA,1,LOTE 1B,0,4.56506867,-72.76846597,2062439.7029,5025672.54380,
4086,103,6,ACTIVA,1,LOTE 1B,0,4.56512333,-72.76852465,2062445.7401,5025666.03482,
4087,103,7,ACTIVA,1,LOTE 1B,0,4.56518949,-72.76857931,2062453.0489,5025659.97199,
4088,103,14,ACTIVA,1,LOTE 1B,0,4.56563481,-72.76904131,2062502.2371,5025608.72920,
4089,103,15,ACTIVA,1,LOTE 1B,0,4.56569752,-72.76910690,2062509.1641,5025601.45440,
4090,103,16,ACTIVA,1,LOTE 1B,0,4.56575777,-72.76916994,2062515.8191,5025594.46295,
4091,103,17,ACTIVA,1,LOTE 1B,0,4.56582368,-72.76923548,2062523.0995,5025587.19315,
4092,103,18,ACTIVA,1,LOTE 1B,0,4.56588812,-72.76930176,2062530.2172,5025579.84174,
4093,103,19,ACTIVA,1,LOTE 1B,0,4.56595072,-72.76936841,2062537.1315,5025572.44958,
4094,103,20,ACTIVA,1,LOTE 1B,0,4.56600763,-72.76942794,2062543.4179,5025565.84611,
4095,103,21,ACTIVA,1,LOTE 1B,0,4.56607955,-72.76949526,2062551.3620,5025558.37962,
4096,103,22,ACTIVA,1,LOTE 1B,0,4.56613823,-72.76956142,2062557.8439,5025551.04118,
4097,103,23,ACTIVA,1,LOTE 1B,0,4.56620037,-72.76962644,2062564.7074,5025543.83021,
4098,103,24,ACTIVA,1,LOTE 1B,0,4.56626711,-72.76969260,2062572.0794,5025536.49149,
4099,103,25,ACTIVA,1,LOTE 1B,0,4.56632464,-72.76975934,2062578.4342,5025529.08931,
4100,103,26,ACTIVA,1,LOTE 1B,0,4.56639253,-72.76982205,2062585.9334,5025522.13332,
4101,103,27,ACTIVA,1,LOTE 1B,0,4.56645582,-72.76988764,2062592.9240,5025514.85852,
4102,103,28,ACTIVA,1,LOTE 1B,0,4.56651508,-72.76995496,2062599.4695,5025507.39248,
4103,103,29,ACTIVA,1,LOTE 1B,0,4.56657597,-72.77001797,2062606.1954,5025500.40287,
4104,103,30,ACTIVA,1,LOTE 1B,0,4.56664634,-72.77008094,2062613.9686,5025493.41910,
4105,103,31,ACTIVA,1,LOTE 1B,0,4.56670931,-72.77014266,2062620.9233,5025486.57249,
4106,103,32,ACTIVA,1,LOTE 1B,0,4.56676980,-72.77020686,2062627.6052,5025479.45218,
4107,103,33,ACTIVA,1,LOTE 1B,0,4.56682767,-72.77027193,2062633.9977,5025472.23473,
4108,103,34,ACTIVA,1,LOTE 1B,0,4.56689869,-72.77034205,2062641.8423,5025464.45728,
4109,103,35,ACTIVA,1,LOTE 1B,0,4.56695752,-72.77040430,2062648.3403,5025457.55346,
4110,103,36,ACTIVA,1,LOTE 1B,0,4.56702023,-72.77046759,2062655.2674,5025450.53387,
4111,103,37,ACTIVA,1,LOTE 1B,0,4.56709043,-72.77053605,2062663.0208,5025442.93987,
4112,103,38,ACTIVA,1,LOTE 1B,0,4.56714738,-72.77059531,2062669.3123,5025436.36704,
4113,103,39,ACTIVA,1,LOTE 1B,0,4.56721182,-72.77065975,2062676.4301,5025429.21981,
4114,103,40,ACTIVA,1,LOTE 1B,0,4.56727856,-72.77072879,2062683.8019,5025421.56214,
4115,103,41,ACTIVA,1,LOTE 1B,0,4.56733955,-72.77079093,2062690.5384,5025414.67020,
4116,103,42,ACTIVA,1,LOTE 1B,0,4.56739881,-72.77085537,2062697.0840,5025407.52315,
4117,103,43,ACTIVA,1,LOTE 1B,0,4.56746670,-72.77092268,2062704.5831,5025400.05683,
4118,103,44,ACTIVA,1,LOTE 1B,0,4.56752743,-72.77098968,2062711.2914,5025392.62649,
4119,103,45,ERRADICADA,0,LOTE 1B,0,4.56759540,-72.77106753,2062718.7982,5025383.99209,
4120,103,46,ACTIVA,1,LOTE 1B,0,4.56766102,-72.77112956,2062726.0472,5025377.11196,
4121,103,47,ACTIVA,1,LOTE 1B,0,4.56772035,-72.77119069,2062732.6009,5025370.33173,
4122,103,48,ACTIVA,1,LOTE 1B,0,4.56777609,-72.77125092,2062738.7573,5025363.65131,
4123,104,1,ACTIVA,1,LOTE 1B,0,4.56484205,-72.76811935,2062414.6754,5025710.98567,
4124,104,2,ACTIVA,1,LOTE 1B,0,4.56491181,-72.76818910,2062422.3804,5025703.24864,
4125,104,3,ACTIVA,1,LOTE 1B,0,4.56496837,-72.76824943,2062428.6276,5025696.55728,
4126,104,4,ACTIVA,1,LOTE 1B,0,4.56503058,-72.76831447,2062435.4996,5025689.34312,
4127,104,5,ACTIVA,1,LOTE 1B,0,4.56509889,-72.76837654,2062443.0456,5025682.45870,
4128,104,6,ACTIVA,1,LOTE 1B,0,4.56516221,-72.76844295,2062450.0399,5025675.09282,
4129,104,7,ACTIVA,1,LOTE 1B,0,4.56521859,-72.76850395,2062456.2664,5025668.32656,
4130,104,8,ACTIVA,1,LOTE 1B,0,4.56528654,-72.76857500,2062463.7725,5025660.44678,
4131,104,14,ACTIVA,1,LOTE 1B,0,4.56566415,-72.76895338,2062505.4827,5025618.47785,
4132,104,15,ACTIVA,1,LOTE 1B,0,4.56573056,-72.76902751,2062512.8180,5025610.25564,
4133,104,16,ACTIVA,1,LOTE 1B,0,4.56579002,-72.76909006,2062519.3858,5025603.31803,
4134,104,17,ACTIVA,1,LOTE 1B,0,4.56585335,-72.76915107,2062526.3803,5025596.55153,
4135,104,18,ACTIVA,1,LOTE 1B,0,4.56592014,-72.76922134,2062533.7583,5025588.75742,
4136,104,19,ACTIVA,1,LOTE 1B,0,4.56598037,-72.76928273,2062540.4115,5025581.94822,
4137,104,20,ACTIVA,1,LOTE 1B,0,4.56604138,-72.76935069,2062547.1497,5025574.41120,
4138,104,21,ACTIVA,1,LOTE 1B,0,4.56611049,-72.76941401,2062554.7840,5025567.38763,
4139,104,22,ACTIVA,1,LOTE 1B,0,4.56617265,-72.76947926,2062561.6503,5025560.15025,
4140,104,23,ACTIVA,1,LOTE 1B,0,4.56623327,-72.76954258,2062568.3461,5025553.12698,
4141,104,24,ACTIVA,1,LOTE 1B,0,4.56629380,-72.76960733,2062575.0311,5025545.94585,
4142,104,25,ACTIVA,1,LOTE 1B,0,4.56636016,-72.76967610,2062582.3612,5025538.31767,
4143,104,26,ACTIVA,1,LOTE 1B,0,4.56642350,-72.76973764,2062589.3584,5025531.49232,
4144,104,27,ACTIVA,1,LOTE 1B,0,4.56648810,-72.76980011,2062596.4941,5025524.56256,
4145,104,28,ACTIVA,1,LOTE 1B,0,4.56655451,-72.76986459,2062603.8297,5025517.41066,
4146,104,29,ACTIVA,1,LOTE 1B,0,4.56661243,-72.76992869,2062610.2268,5025510.30188,
4147,104,30,ACTIVA,1,LOTE 1B,0,4.56667459,-72.76999124,2062617.0932,5025503.36419,
4148,104,31,ACTIVA,1,LOTE 1B,0,4.56674062,-72.77006267,2062624.3859,5025495.44169,
4149,104,32,ACTIVA,1,LOTE 1B,0,4.56680394,-72.77012599,2062631.3803,5025488.41834,
4150,104,33,ACTIVA,1,LOTE 1B,0,4.56686340,-72.77018622,2062637.9482,5025481.73762,
4151,104,34,ACTIVA,1,LOTE 1B,0,4.56693444,-72.77025649,2062645.7956,5025473.94339,
4152,104,35,ACTIVA,1,LOTE 1B,0,4.56699236,-72.77032290,2062652.1926,5025466.57774,
4153,104,36,ACTIVA,1,LOTE 1B,0,4.56705274,-72.77038135,2062658.8618,5025460.09500,
4154,104,37,ACTIVA,1,LOTE 1B,0,4.56711729,-72.77045133,2062665.9919,5025452.33311,
4155,104,38,ACTIVA,1,LOTE 1B,0,4.56718244,-72.77051528,2062673.1889,5025445.24013,
4156,104,39,ACTIVA,1,LOTE 1B,0,4.56724760,-72.77057802,2062680.3860,5025438.28094,
4157,104,40,ACTIVA,1,LOTE 1B,0,4.56731215,-72.77064378,2062687.5163,5025430.98731,
4158,104,41,ACTIVA,1,LOTE 1B,0,4.56737791,-72.77070471,2062694.7801,5025424.22878,
4159,104,42,ACTIVA,1,LOTE 1B,0,4.56743341,-72.77077349,2062700.9103,5025416.60100,
4160,104,43,ERRADICADA,0,LOTE 1B,0,4.56750219,-72.77084924,2062708.5069,5025408.19931,
4161,104,44,ACTIVA,1,LOTE 1B,0,4.56756346,-72.77090485,2062715.2751,5025402.03044,
4162,104,45,ACTIVA,1,LOTE 1B,0,4.56762767,-72.77096956,2062722.3679,5025394.85389,
4163,104,46,ERRADICADA,0,LOTE 1B,0,4.56769166,-72.77104454,2062729.4354,5025386.53729,
4164,104,47,ACTIVA,1,LOTE 1B,0,4.56775617,-72.77110349,2062736.5617,5025379.99909,
4165,104,48,ACTIVA,1,LOTE 1B,0,4.56781530,-72.77116261,2062743.0923,5025373.44148,
4166,104,49,ACTIVA,1,LOTE 1B,0,4.56787563,-72.77122354,2062749.7562,5025366.68315,
4167,105,1,ACTIVA,1,LOTE 1B,0,4.56487752,-72.76802797,2062418.5982,5025721.11608,
4168,105,2,ACTIVA,1,LOTE 1B,0,4.56494245,-72.76810226,2062425.7695,5025712.87640,
4169,105,3,ACTIVA,1,LOTE 1B,0,4.56500488,-72.76816282,2062432.6653,5025706.15970,
4170,105,4,ACTIVA,1,LOTE 1B,0,4.56506543,-72.76822649,2062439.3541,5025699.09695,
4171,105,5,ACTIVA,1,LOTE 1B,0,4.56512849,-72.76828955,2062446.3188,5025692.10334,
4172,105,6,ACTIVA,1,LOTE 1B,0,4.56519591,-72.76835759,2062453.7662,5025684.55580,
4173,105,7,ACTIVA,1,LOTE 1B,0,4.56525709,-72.76842377,2062460.5238,5025677.21614,
4174,105,8,ACTIVA,1,LOTE 1B,0,4.56531827,-72.76848183,2062467.2818,5025670.77637,
4175,105,9,ACTIVA,1,LOTE 1B,0,4.56538507,-72.76855362,2062474.6601,5025662.81353,
4176,105,10,ACTIVA,1,LOTE 1B,0,4.56544250,-72.76861605,2062481.0040,5025655.88934,
4177,105,11,ACTIVA,1,LOTE 1B,0,4.56550743,-72.76867036,2062488.1760,5025649.86477,
4178,105,12,ACTIVA,1,LOTE 1B,0,4.56557048,-72.76875464,2062495.1399,5025640.51763,
4179,105,13,ACTIVA,1,LOTE 1B,0,4.56563541,-72.76881520,2062502.3117,5025633.80085,
4180,105,14,ACTIVA,1,LOTE 1B,0,4.56569472,-72.76887575,2062508.8626,5025627.08427,
4181,105,15,ACTIVA,1,LOTE 1B,0,4.56576214,-72.76894255,2062516.3100,5025619.67518,
4182,105,16,ACTIVA,1,LOTE 1B,0,4.56582644,-72.76900124,2062523.4129,5025613.16609,
4183,105,17,ACTIVA,1,LOTE 1B,0,4.56588762,-72.76906866,2062530.1705,5025605.68800,
4184,105,18,ACTIVA,1,LOTE 1B,0,4.56596004,-72.76913671,2062538.1697,5025598.14030,
4185,105,19,ERRADICADA,0,LOTE 1B,0,4.56601765,-72.76921081,2062544.5329,5025589.92200,
4186,105,20,ERRADICADA,0,LOTE 1B,0,4.56608014,-72.76927177,2062551.4355,5025583.15989,
4187,105,21,ACTIVA,1,LOTE 1B,0,4.56614050,-72.76933164,2062558.1023,5025576.51953,
4188,105,22,ACTIVA,1,LOTE 1B,0,4.56620390,-72.76939504,2062565.1058,5025569.48699,
4189,105,23,ACTIVA,1,LOTE 1B,0,4.56626731,-72.76945942,2062572.1093,5025562.34629,
4190,105,24,ACTIVA,1,LOTE 1B,0,4.56632486,-72.76952088,2062578.4662,5025555.53027,
4191,105,25,ACTIVA,1,LOTE 1B,0,4.56639802,-72.76958818,2062586.5474,5025548.06475,
4192,105,26,ACTIVA,1,LOTE 1B,0,4.56645654,-72.76964866,2062593.0121,5025541.35686,
4193,105,27,ACTIVA,1,LOTE 1B,0,4.56651214,-72.76971402,2062599.1533,5025534.10829,
4194,105,28,ACTIVA,1,LOTE 1B,0,4.56658140,-72.76978522,2062606.8032,5025526.21028,
4195,105,29,ACTIVA,1,LOTE 1B,0,4.56664238,-72.76985027,2062613.5394,5025518.99612,
4196,105,30,ACTIVA,1,LOTE 1B,0,4.56670356,-72.76991269,2062620.2972,5025512.07183,
4197,105,31,ACTIVA,1,LOTE 1B,0,4.56676924,-72.76997877,2062627.5515,5025504.74312,
4198,105,32,ACTIVA,1,LOTE 1B,0,4.56683237,-72.77004509,2062634.5244,5025497.38682,
4199,105,33,ACTIVA,1,LOTE 1B,0,4.56689789,-72.77010463,2062641.7624,5025490.78356,
4200,105,34,ACTIVA,1,LOTE 1B,0,4.56696302,-72.77017055,2062648.9561,5025483.47149,
4201,105,35,ACTIVA,1,LOTE 1B,0,4.56702507,-72.77023670,2062655.8103,5025476.13461,
4202,105,36,ACTIVA,1,LOTE 1B,0,4.56708438,-72.77029788,2062662.3613,5025469.34883,
4203,105,37,ACTIVA,1,LOTE 1B,0,4.56715680,-72.77036655,2062670.3605,5025461.73194,
4204,105,38,ACTIVA,1,LOTE 1B,0,4.56721713,-72.77042786,2062677.0245,5025454.93228,
4205,105,39,ACTIVA,1,LOTE 1B,0,4.56728066,-72.77049098,2062684.0417,5025447.93039,
4206,105,40,ACTIVA,1,LOTE 1B,0,4.56734179,-72.77055611,2062690.7939,5025440.70707,
4207,105,41,ACTIVA,1,LOTE 1B,0,4.56740252,-72.77062204,2062697.5019,5025433.39516,
4208,105,42,ERRADICADA,0,LOTE 1B,0,4.56746525,-72.77068716,2062704.4307,5025426.17179,
4209,105,43,ACTIVA,1,LOTE 1B,0,4.56754396,-72.77076188,2062713.1250,5025417.88462,
4210,105,44,ACTIVA,1,LOTE 1B,0,4.56760254,-72.77082353,2062719.5959,5025411.04627,
4211,105,45,ACTIVA,1,LOTE 1B,0,4.56765935,-72.77087909,2062725.8711,5025404.88358,
4212,105,46,ACTIVA,1,LOTE 1B,0,4.56771928,-72.77093965,2062732.4911,5025398.16701,
4213,105,47,ACTIVA,1,LOTE 1B,0,4.56779107,-72.77100957,2062740.4213,5025390.41171,
4214,105,48,ACTIVA,1,LOTE 1B,0,4.56785225,-72.77107262,2062747.1791,5025383.41821,
4215,105,49,ERRADICADA,0,LOTE 1B,0,4.56791031,-72.77113505,2062753.5920,5025376.49405,
4216,106,1,ACTIVA,1,LOTE 1B,0,4.56496801,-72.76801088,2062428.5966,5025723.00779,
4217,106,2,ACTIVA,1,LOTE 1B,0,4.56503824,-72.76807526,2062436.3545,5025715.86683,
4218,106,3,ACTIVA,1,LOTE 1B,0,4.56509969,-72.76814452,2062443.1422,5025708.18538,
4219,106,4,ACTIVA,1,LOTE 1B,0,4.56515822,-72.76820304,2062449.6070,5025701.69378,
4220,106,5,ACTIVA,1,LOTE 1B,0,4.56522943,-72.76826742,2062457.4727,5025694.55278,
4221,106,6,ACTIVA,1,LOTE 1B,0,4.56528698,-72.76833375,2062463.8294,5025687.19595,
4222,106,7,ACTIVA,1,LOTE 1B,0,4.56534886,-72.76839942,2062470.6647,5025679.91252,
4223,106,8,ACTIVA,1,LOTE 1B,0,4.56541878,-72.76846560,2062478.3881,5025672.57256,
4224,106,9,ACTIVA,1,LOTE 1B,0,4.56548059,-72.76852927,2062485.2149,5025665.50977,
4225,106,10,ACTIVA,1,LOTE 1B,0,4.56554239,-72.76859045,2062492.0417,5025658.72387,
4226,106,11,ACTIVA,1,LOTE 1B,0,4.56560856,-72.76866100,2062499.3510,5025650.89950,
4227,106,12,ACTIVA,1,LOTE 1B,0,4.56567099,-72.76872780,2062506.2466,5025643.49059,
4228,106,13,ACTIVA,1,LOTE 1B,0,4.56572968,-72.76878773,2062512.7286,5025636.84325,
4229,106,14,ACTIVA,1,LOTE 1B,0,4.56579335,-72.76885265,2062519.7622,5025629.64196,
4230,106,15,ACTIVA,1,LOTE 1B,0,4.56585890,-72.76892008,2062527.0027,5025622.16372,
4231,106,16,ACTIVA,1,LOTE 1B,0,4.56592141,-72.76898430,2062533.9067,5025615.04000,
4232,106,17,ACTIVA,1,LOTE 1B,0,4.56598014,-72.76904783,2062540.3941,5025607.99395,
4233,106,18,ACTIVA,1,LOTE 1B,0,4.56604619,-72.76911486,2062547.6897,5025600.56000,
4234,106,19,ACTIVA,1,LOTE 1B,0,4.56611236,-72.76917916,2062554.9993,5025593.42785,
4235,106,20,ACTIVA,1,LOTE 1B,0,4.56617542,-72.76924096,2062561.9641,5025586.57270,
4236,106,21,ACTIVA,1,LOTE 1B,0,4.56623660,-72.76930714,2062568.7218,5025579.23306,
4237,106,22,ACTIVA,1,LOTE 1B,0,4.56629840,-72.76937643,2062575.5483,5025571.54730,
4238,106,23,ACTIVA,1,LOTE 1B,0,4.56635833,-72.76943574,2062582.1683,5025564.96915,
4239,106,24,ACTIVA,1,LOTE 1B,0,4.56642701,-72.76950628,2062589.7535,5025557.14470,
4240,106,25,ACTIVA,1,LOTE 1B,0,4.56648444,-72.76956871,2062596.0975,5025550.22054,
4241,106,26,ACTIVA,1,LOTE 1B,0,4.56655249,-72.76963489,2062603.6139,5025542.88067,
4242,106,27,ACTIVA,1,LOTE 1B,0,4.56661679,-72.76970543,2062610.7163,5025535.05638,
4243,106,28,ACTIVA,1,LOTE 1B,0,4.56668171,-72.76976911,2062617.8880,5025527.99351,
4244,106,29,ACTIVA,1,LOTE 1B,0,4.56674040,-72.76982529,2062624.3701,5025521.76151,
4245,106,30,ACTIVA,1,LOTE 1B,0,4.56680595,-72.76989272,2062631.6106,5025514.28329,
4246,106,31,ERRADICADA,0,LOTE 1B,0,4.56686900,-72.76995952,2062638.5752,5025506.87438,
4247,106,32,ACTIVA,1,LOTE 1B,0,4.56692831,-72.77001945,2062645.1262,5025500.22704,
4248,106,33,ACTIVA,1,LOTE 1B,0,4.56699448,-72.77008313,2062652.4358,5025493.16413,
4249,106,34,ACTIVA,1,LOTE 1B,0,4.56705878,-72.77015242,2062659.5382,5025485.47830,
4250,106,35,ACTIVA,1,LOTE 1B,0,4.56711996,-72.77021672,2062666.2960,5025478.34635,
4251,106,36,ERRADICADA,0,LOTE 1B,0,4.56718910,-72.77028758,2062673.9330,5025470.48729,
4252,106,37,ACTIVA,1,LOTE 1B,0,4.56725251,-72.77035489,2062680.9364,5025463.02214,
4253,106,38,ACTIVA,1,LOTE 1B,0,4.56731396,-72.77041049,2062687.7246,5025456.85495,
4254,106,39,ACTIVA,1,LOTE 1B,0,4.56737444,-72.77047584,2062694.4047,5025449.60621,
4255,106,40,ACTIVA,1,LOTE 1B,0,4.56744272,-72.77054217,2062701.9470,5025442.24905,
4256,106,41,ACTIVA,1,LOTE 1B,0,4.56750125,-72.77060167,2062708.4118,5025435.64934,
4257,106,42,ACTIVA,1,LOTE 1B,0,4.56756368,-72.77066313,2062715.3076,5025428.83317,
4258,106,43,ACTIVA,1,LOTE 1B,0,4.56763001,-72.77073921,2062722.6340,5025420.39449,
4259,106,44,ACTIVA,1,LOTE 1B,0,4.56769493,-72.77080293,2062729.8057,5025413.32732,
4260,107,1,ACTIVA,1,LOTE 1B,0,4.56507378,-72.76799393,2062440.2839,5025724.88305,
4261,107,2,ACTIVA,1,LOTE 1B,0,4.56513491,-72.76806046,2062447.0361,5025717.50463,
4262,107,3,ACTIVA,1,LOTE 1B,0,4.56519244,-72.76811620,2062453.3913,5025711.32248,
4263,107,4,ACTIVA,1,LOTE 1B,0,4.56525717,-72.76818901,2062460.5405,5025703.24619,
4264,107,5,ACTIVA,1,LOTE 1B,0,4.56532189,-72.76825554,2062467.6899,5025695.86764,
4265,107,6,ACTIVA,1,LOTE 1B,0,4.56538511,-72.76831408,2062474.6728,5025689.37430,
4266,107,7,ACTIVA,1,LOTE 1B,0,4.56544725,-72.76837737,2062481.5363,5025682.35470,
4267,107,8,ACTIVA,1,LOTE 1B,0,4.56550996,-72.76844526,2062488.4632,5025674.82472,
4268,107,9,ACTIVA,1,LOTE 1B,0,4.56556979,-72.76851200,2062495.0723,5025667.42243,
4269,107,10,ACTIVA,1,LOTE 1B,0,4.56563478,-72.76857600,2062502.2511,5025660.32362,
4270,107,11,ACTIVA,1,LOTE 1B,0,4.56569925,-72.76864490,2062509.3712,5025652.68131,
4271,107,12,ACTIVA,1,LOTE 1B,0,4.56576081,-72.76870761,2062516.1712,5025645.72552,
4272,107,13,ACTIVA,1,LOTE 1B,0,4.56582397,-72.76877263,2062523.1476,5025638.51451,
4273,107,14,ACTIVA,1,LOTE 1B,0,4.56589213,-72.76883735,2062530.6768,5025631.33535,
4274,107,15,ACTIVA,1,LOTE 1B,0,4.56595432,-72.76890085,2062537.5459,5025624.29250,
4275,107,16,ACTIVA,1,LOTE 1B,0,4.56601650,-72.76896500,2062544.4150,5025617.17708,
4276,107,17,ACTIVA,1,LOTE 1B,0,4.56608262,-72.76903439,2062551.7180,5025609.48084,
4277,107,18,ERRADICADA,0,LOTE 1B,0,4.56614285,-72.76910116,2062558.3700,5025602.07515,
4278,107,19,ACTIVA,1,LOTE 1B,0,4.56620438,-72.76916008,2062565.1670,5025595.54041,
4279,107,20,ACTIVA,1,LOTE 1B,0,4.56627377,-72.76923143,2062572.8315,5025587.62631,
4280,107,21,ACTIVA,1,LOTE 1B,0,4.56633530,-72.76929493,2062579.6283,5025580.58350,
4281,107,22,ACTIVA,1,LOTE 1B,0,4.56639291,-72.76935842,2062585.9911,5025573.54082,
4282,107,23,ACTIVA,1,LOTE 1B,0,4.56646361,-72.76942257,2062593.8006,5025566.42510,
4283,107,24,ACTIVA,1,LOTE 1B,0,4.56652252,-72.76948476,2062600.3081,5025559.52755,
4284,107,25,ACTIVA,1,LOTE 1B,0,4.56658275,-72.76954957,2062606.9602,5025552.33962,
4285,107,26,ACTIVA,1,LOTE 1B,0,4.56664231,-72.76961438,2062613.5400,5025545.15171,
4286,107,27,ACTIVA,1,LOTE 1B,0,4.56670974,-72.76967656,2062620.9879,5025538.25386,
4287,107,28,ACTIVA,1,LOTE 1B,0,4.56677062,-72.76974464,2062627.7122,5025530.70299,
4288,107,29,ACTIVA,1,LOTE 1B,0,4.56683346,-72.76980880,2062634.6537,5025523.58755,
4289,107,30,ACTIVA,1,LOTE 1B,0,4.56690285,-72.76987819,2062642.3182,5025515.89122,
4290,107,31,ACTIVA,1,LOTE 1B,0,4.56696545,-72.76993559,2062649.2328,5025509.52431,
4291,107,32,ACTIVA,1,LOTE 1B,0,4.56702375,-72.77000105,2062655.6724,5025502.26387,
4292,107,33,ERRADICADA,0,LOTE 1B,0,4.56709161,-72.77007072,2062663.1687,5025494.53620,
4293,107,34,ACTIVA,1,LOTE 1B,0,4.56715278,-72.77013314,2062669.9250,5025487.61245,
4294,107,35,ACTIVA,1,LOTE 1B,0,4.56721379,-72.77019698,2062676.6640,5025480.53193,
4295,107,36,ACTIVA,1,LOTE 1B,0,4.56728645,-72.77026833,2062684.6902,5025472.61773,
4296,107,37,ACTIVA,1,LOTE 1B,0,4.56734718,-72.77032712,2062691.3975,5025466.09757,
4297,107,38,ACTIVA,1,LOTE 1B,0,4.56740792,-72.77038745,2062698.1076,5025459.40611,
4298,107,39,ACTIVA,1,LOTE 1B,0,4.56746778,-72.77045555,2062704.7191,5025451.85239,
4299,107,40,ACTIVA,1,LOTE 1B,0,4.56753455,-72.77052494,2062712.0944,5025444.15615,
4300,107,41,ACTIVA,1,LOTE 1B,0,4.56759543,-72.77058975,2062718.8188,5025436.96822,
4301,107,42,ACTIVA,1,LOTE 1B,0,4.56766744,-72.77065259,2062726.7730,5025429.99764,
4302,107,43,ACTIVA,1,LOTE 1B,0,4.56772758,-72.77072177,2062733.4163,5025422.32488,
4303,107,44,ACTIVA,1,LOTE 1B,0,4.56778791,-72.77077665,2062740.0803,5025416.23733,
4304,108,1,ACTIVA,1,LOTE 1B,0,4.56510428,-72.76790589,2062443.6581,5025734.64427,
4305,108,2,ACTIVA,1,LOTE 1B,0,4.56516092,-72.76797466,2062449.9135,5025727.01681,
4306,108,3,ACTIVA,1,LOTE 1B,0,4.56522362,-72.76803636,2062456.8396,5025720.17411,
4307,108,4,ACTIVA,1,LOTE 1B,0,4.56528521,-72.76810555,2062463.6426,5025712.49938,
4308,108,5,ERRADICADA,0,LOTE 1B,0,4.56535782,-72.76817627,2062471.6621,5025704.65563,
4309,108,6,ACTIVA,1,LOTE 1B,0,4.56542023,-72.76823474,2062478.5569,5025698.17039,
4310,108,7,ACTIVA,1,LOTE 1B,0,4.56548265,-72.76829558,2062485.4517,5025691.42232,
4311,108,8,ACTIVA,1,LOTE 1B,0,4.56555144,-72.76836120,2062493.0501,5025684.14290,
4312,108,9,ACTIVA,1,LOTE 1B,0,4.56561100,-72.76842876,2062499.6282,5025676.65026,
4313,108,10,ACTIVA,1,LOTE 1B,0,4.56567144,-72.76848654,2062506.3047,5025670.24175,
4314,108,11,ACTIVA,1,LOTE 1B,0,4.56573677,-72.76856031,2062513.5209,5025662.05900,
4315,108,12,ACTIVA,1,LOTE 1B,0,4.56580013,-72.76862301,2062520.5196,5025655.10523,
4316,108,13,ACTIVA,1,LOTE 1B,0,4.56586055,-72.76868759,2062527.1929,5025647.94213,
4317,108,14,ACTIVA,1,LOTE 1B,0,4.56592513,-72.76875634,2062534.3264,5025640.31688,
4318,108,15,ACTIVA,1,LOTE 1B,0,4.56598763,-72.76881953,2062541.2300,5025633.30770,
4319,108,16,ACTIVA,1,LOTE 1B,0,4.56605221,-72.76888134,2062548.3637,5025626.45245,
4320,108,17,ACTIVA,1,LOTE 1B,0,4.56611541,-72.76894939,2062555.3438,5025618.90426,
4321,108,18,ACTIVA,1,LOTE 1B,0,4.56618138,-72.76900772,2062562.6312,5025612.43396,
4322,108,19,ACTIVA,1,LOTE 1B,0,4.56623971,-72.76907578,2062569.0741,5025604.88594,
4323,108,20,ACTIVA,1,LOTE 1B,0,4.56630499,-72.76914106,2062576.2845,5025597.64568,
4324,108,21,ACTIVA,1,LOTE 1B,0,4.56636679,-72.76920494,2062583.1113,5025590.55953,
4325,108,22,ACTIVA,1,LOTE 1B,0,4.56642790,-72.76926953,2062589.8613,5025583.39642,
4326,108,23,ACTIVA,1,LOTE 1B,0,4.56649179,-72.76933341,2062596.9182,5025576.31020,
4327,108,24,ACTIVA,1,LOTE 1B,0,4.56655290,-72.76940216,2062603.6681,5025568.68509,
4328,108,25,ACTIVA,1,LOTE 1B,0,4.56661749,-72.76946536,2062610.8018,5025561.67586,
4329,108,26,ACTIVA,1,LOTE 1B,0,4.56667582,-72.76952786,2062617.2450,5025554.74384,
4330,108,27,ACTIVA,1,LOTE 1B,0,4.56674457,-72.76959522,2062624.8390,5025547.27246,
4331,108,28,ACTIVA,1,LOTE 1B,0,4.56680776,-72.76965911,2062631.8192,5025540.18628,
4332,108,29,ACTIVA,1,LOTE 1B,0,4.56687304,-72.76972230,2062639.0297,5025533.17702,
4333,108,30,ACTIVA,1,LOTE 1B,0,4.56693693,-72.76979105,2062646.0865,5025525.55182,
4334,108,31,ACTIVA,1,LOTE 1B,0,4.56699873,-72.76985077,2062652.9134,5025518.92769,
4335,108,32,ACTIVA,1,LOTE 1B,0,4.56705845,-72.76991535,2062659.5099,5025511.76463,
4336,108,33,ACTIVA,1,LOTE 1B,0,4.56712790,-72.76998410,2062667.1806,5025504.13924,
4337,108,34,ACTIVA,1,LOTE 1B,0,4.56719387,-72.77004730,2062674.4678,5025497.12997,
4338,108,35,ACTIVA,1,LOTE 1B,0,4.56724942,-72.77011049,2062680.6040,5025490.12106,
4339,108,36,ACTIVA,1,LOTE 1B,0,4.56731470,-72.77017507,2062687.8144,5025482.95781,
4340,108,37,ACTIVA,1,LOTE 1B,0,4.56737928,-72.77024174,2062694.9480,5025475.56360,
4341,108,38,ACTIVA,1,LOTE 1B,0,4.56744386,-72.77030563,2062702.0817,5025468.47738,
4342,108,39,ACTIVA,1,LOTE 1B,0,4.56750609,-72.77036562,2062708.9547,5025461.82244,
4343,108,40,ACTIVA,1,LOTE 1B,0,4.56757190,-72.77043375,2062716.2244,5025454.26648,
4344,108,41,ERRADICADA,0,LOTE 1B,0,4.56762832,-72.77049451,2062722.4567,5025447.52705,
4345,108,42,ERRADICADA,0,LOTE 1B,0,4.56768800,-72.77056287,2062729.0483,5025439.94532,
4346,108,43,ACTIVA,1,LOTE 1B,0,4.56775202,-72.77063123,2062736.1195,5025432.36345,
4347,108,44,ACTIVA,1,LOTE 1B,0,4.56781764,-72.77069806,2062743.3674,5025424.95034,
4348,108,45,ACTIVA,1,LOTE 1B,0,4.56788075,-72.77075584,2062750.3387,5025418.54177,
4349,109,1,ACTIVA,1,LOTE 1B,0,4.56513311,-72.76781689,2062446.8461,5025744.51146,
4350,109,2,ACTIVA,1,LOTE 1B,0,4.56519885,-72.76789274,2062454.1070,5025736.09870,
4351,109,3,ACTIVA,1,LOTE 1B,0,4.56526256,-72.76795143,2062461.1447,5025729.58910,
4352,109,4,ACTIVA,1,LOTE 1B,0,4.56532345,-72.76801454,2062467.8702,5025722.58920,
4353,109,5,ACTIVA,1,LOTE 1B,0,4.56538922,-72.76808165,2062475.1358,5025715.14562,
4354,109,6,ACTIVA,1,LOTE 1B,0,4.56544789,-72.76814832,2062481.6156,5025707.75157,
4355,109,7,ACTIVA,1,LOTE 1B,0,4.56551144,-72.76820965,2062488.6358,5025700.94871,
4356,109,8,ACTIVA,1,LOTE 1B,0,4.56557989,-72.76827943,2062496.1959,5025693.20936,
4357,109,9,ACTIVA,1,LOTE 1B,0,4.56563855,-72.76834076,2062502.6760,5025686.40667,
4358,109,10,ACTIVA,1,LOTE 1B,0,4.56570122,-72.76840743,2062509.5978,5025679.01248,
4359,109,11,ACTIVA,1,LOTE 1B,0,4.56577097,-72.76847162,2062517.3023,5025671.89217,
4360,109,12,ACTIVA,1,LOTE 1B,0,4.56582861,-72.76854176,2062523.6685,5025664.11316,
4361,109,13,ACTIVA,1,LOTE 1B,0,4.56589111,-72.76860148,2062530.5721,5025657.48898,
4362,109,14,ACTIVA,1,LOTE 1B,0,4.56595430,-72.76866676,2062537.5523,5025650.24878,
4363,109,15,ACTIVA,1,LOTE 1B,0,4.56602097,-72.76873203,2062544.9161,5025643.00846,
4364,109,16,ACTIVA,1,LOTE 1B,0,4.56608416,-72.76879314,2062551.8965,5025636.23026,
4365,109,17,ACTIVA,1,LOTE 1B,0,4.56614596,-72.76885981,2062558.7231,5025628.83611,
4366,109,18,ACTIVA,1,LOTE 1B,0,4.56620916,-72.76892717,2062565.7033,5025621.36492,
4367,109,19,ACTIVA,1,LOTE 1B,0,4.56627166,-72.76899245,2062572.6067,5025614.12475,
4368,109,20,ACTIVA,1,LOTE 1B,0,4.56633068,-72.76905286,2062579.1267,5025607.42370,
4369,109,21,ACTIVA,1,LOTE 1B,0,4.56639721,-72.76912608,2062586.4749,5025599.30252,
4370,109,22,ACTIVA,1,LOTE 1B,0,4.56646165,-72.76918253,2062593.5935,5025593.04172,
4371,109,23,ACTIVA,1,LOTE 1B,0,4.56652032,-72.76924786,2062600.0734,5025585.79553,
4372,109,24,ACTIVA,1,LOTE 1B,0,4.56659318,-72.76932048,2062608.1214,5025577.74073,
4373,109,25,ACTIVA,1,LOTE 1B,0,4.56665394,-72.76938016,2062614.8332,5025571.12144,
4374,109,26,ACTIVA,1,LOTE 1B,0,4.56670928,-72.76944418,2062620.9454,5025564.02109,
4375,109,27,ACTIVA,1,LOTE 1B,0,4.56677655,-72.76951254,2062628.3763,5025556.43908,
4376,109,28,ACTIVA,1,LOTE 1B,0,4.56684166,-72.76957330,2062635.5677,5025549.69932,
4377,109,29,ACTIVA,1,LOTE 1B,0,4.56690242,-72.76963732,2062642.2793,5025542.59879,
4378,109,30,ACTIVA,1,LOTE 1B,0,4.56696787,-72.76971097,2062649.5084,5025534.43030,
4379,109,31,ACTIVA,1,LOTE 1B,0,4.56703454,-72.76976874,2062656.8725,5025528.02159,
4380,109,32,ACTIVA,1,LOTE 1B,0,4.56709595,-72.76983688,2062663.6562,5025520.46424,
4381,109,33,ACTIVA,1,LOTE 1B,0,4.56715984,-72.76989799,2062670.7133,5025513.68604,
4382,109,34,ACTIVA,1,LOTE 1B,0,4.56721748,-72.76996466,2062677.0795,5025506.29206,
4383,109,35,ACTIVA,1,LOTE 1B,0,4.56728345,-72.77002993,2062684.3667,5025499.05179,
4384,109,36,ACTIVA,1,LOTE 1B,0,4.56734456,-72.77009104,2062691.1168,5025492.27368,
4385,109,37,ACTIVA,1,LOTE 1B,0,4.56741053,-72.77016188,2062698.4037,5025484.41742,
4386,109,38,ACTIVA,1,LOTE 1B,0,4.56747234,-72.77022229,2062705.2306,5025477.71630,
4387,109,39,ACTIVA,1,LOTE 1B,0,4.56753675,-72.77028607,2062712.3459,5025470.64240,
4388,109,40,ERRADICADA,0,LOTE 1B,0,4.56759808,-72.77036251,2062719.1201,5025462.16415,
4389,109,41,ACTIVA,1,LOTE 1B,0,4.56766075,-72.77041940,2062726.0423,5025455.85416,
4390,109,42,ACTIVA,1,LOTE 1B,0,4.56772442,-72.77048201,2062733.0747,5025448.90965,
4391,109,43,ACTIVA,1,LOTE 1B,0,4.56779664,-72.77054937,2062741.0523,5025441.43817,
4392,109,44,ACTIVA,1,LOTE 1B,0,4.56785497,-72.77061395,2062747.4955,5025434.27518,
4393,109,45,ACTIVA,1,LOTE 1B,0,4.56791808,-72.77067273,2062754.4667,5025427.75573,
4394,110,1,ACTIVA,1,LOTE 1B,0,4.56516705,-72.76773873,2062450.5996,5025753.17658,
4395,110,2,ACTIVA,1,LOTE 1B,0,4.56523207,-72.76780605,2062457.7808,5025745.71031,
4396,110,3,ACTIVA,1,LOTE 1B,0,4.56529593,-72.76786819,2062464.8351,5025738.81822,
4397,110,4,ACTIVA,1,LOTE 1B,0,4.56536209,-72.76792975,2062472.1437,5025731.98985,
4398,110,5,ACTIVA,1,LOTE 1B,0,4.56542564,-72.76799936,2062479.1620,5025724.26845,
4399,110,6,ACTIVA,1,LOTE 1B,0,4.56548860,-72.76806049,2062486.1172,5025717.48868,
4400,110,7,ACTIVA,1,LOTE 1B,0,4.56554604,-72.76812309,2062492.4619,5025710.54580,
4401,110,8,ACTIVA,1,LOTE 1B,0,4.56561122,-72.76819121,2062499.6609,5025702.99021,
4402,110,9,ACTIVA,1,LOTE 1B,0,4.56567602,-72.76825933,2062506.8192,5025695.43464,
4403,110,10,ACTIVA,1,LOTE 1B,0,4.56573973,-72.76832377,2062513.8556,5025688.28739,
4404,110,11,ACTIVA,1,LOTE 1B,0,4.56579754,-72.76838489,2062520.2411,5025681.50781,
4405,110,12,ACTIVA,1,LOTE 1B,0,4.56586492,-72.76845633,2062527.6841,5025673.58469,
4406,110,13,ACTIVA,1,LOTE 1B,0,4.56592531,-72.76851745,2062534.3544,5025666.80503,
4407,110,14,ACTIVA,1,LOTE 1B,0,4.56598570,-72.76857784,2062541.0248,5025660.10701,
4408,110,15,ACTIVA,1,LOTE 1B,0,4.56605713,-72.76864669,2062548.9154,5025652.46956,
4409,110,16,ACTIVA,1,LOTE 1B,0,4.56611605,-72.76870856,2062555.4229,5025645.60829,
4410,110,17,ACTIVA,1,LOTE 1B,0,4.56617495,-72.76876953,2062561.9289,5025638.84501,
4411,110,18,ACTIVA,1,LOTE 1B,0,4.56624640,-72.76884369,2062569.8210,5025630.61962,
4412,110,19,ACTIVA,1,LOTE 1B,0,4.56630508,-72.76890611,2062576.3031,5025623.69712,
4413,110,20,ACTIVA,1,LOTE 1B,0,4.56636492,-72.76896767,2062582.9123,5025616.86900,
4414,110,21,ACTIVA,1,LOTE 1B,0,4.56643281,-72.76903728,2062590.4113,5025609.14746,
4415,110,22,ACTIVA,1,LOTE 1B,0,4.56649552,-72.76910172,2062597.3384,5025602.00027,
4416,110,23,ACTIVA,1,LOTE 1B,0,4.56656053,-72.76916328,2062604.5198,5025595.17196,
4417,110,24,ACTIVA,1,LOTE 1B,0,4.56661922,-72.76923002,2062611.0018,5025587.76973,
4418,110,25,ACTIVA,1,LOTE 1B,0,4.56668481,-72.76929849,2062618.2465,5025580.17588,
4419,110,26,ACTIVA,1,LOTE 1B,0,4.56674752,-72.76936178,2062625.1736,5025573.15627,
4420,110,27,ACTIVA,1,LOTE 1B,0,4.56680908,-72.76942679,2062631.9735,5025565.94533,
4421,110,28,ACTIVA,1,LOTE 1B,0,4.56687467,-72.76949123,2062639.2184,5025558.79804,
4422,110,29,ACTIVA,1,LOTE 1B,0,4.56693738,-72.76955739,2062646.1453,5025551.45946,
4423,110,30,ACTIVA,1,LOTE 1B,0,4.56699607,-72.76961953,2062652.6275,5025544.56760,
4424,110,31,ACTIVA,1,LOTE 1B,0,4.56706971,-72.76969087,2062660.7621,5025536.65449,
4425,110,32,ACTIVA,1,LOTE 1B,0,4.56712782,-72.76975416,2062667.1806,5025529.63506,
4426,110,33,ACTIVA,1,LOTE 1B,0,4.56718881,-72.76981572,2062673.9171,5025522.80691,
4427,110,34,ACTIVA,1,LOTE 1B,0,4.56725785,-72.76987901,2062681.5434,5025515.78709,
4428,110,35,ACTIVA,1,LOTE 1B,0,4.56731711,-72.76994403,2062688.0890,5025508.57624,
4429,110,36,ACTIVA,1,LOTE 1B,0,4.56737982,-72.77000559,2062695.0162,5025501.74803,
4430,110,37,ACTIVA,1,LOTE 1B,0,4.56744426,-72.77007750,2062702.1337,5025493.77147,
4431,110,38,ACTIVA,1,LOTE 1B,0,4.56750812,-72.77013792,2062709.1880,5025487.07081,
4432,110,39,ERRADICADA,0,LOTE 1B,0,4.56757112,-72.77020901,2062716.1466,5025479.18600,
4433,110,40,ACTIVA,1,LOTE 1B,0,4.56764035,-72.77027463,2062723.7928,5025471.90702,
4434,110,41,ACTIVA,1,LOTE 1B,0,4.56770148,-72.77033396,2062730.5452,5025465.32608,
4435,110,42,ACTIVA,1,LOTE 1B,0,4.56775721,-72.77039779,2062736.7014,5025458.24693,
4436,110,43,ACTIVA,1,LOTE 1B,0,4.56782194,-72.77046072,2062743.8510,5025451.26715,
4437,110,44,ACTIVA,1,LOTE 1B,0,4.56788756,-72.77052545,2062751.0999,5025444.08798,
4438,110,45,ACTIVA,1,LOTE 1B,0,4.56794869,-72.77059107,2062757.8521,5025436.80929,
4439,110,46,ACTIVA,1,LOTE 1B,0,4.56801443,-72.77064997,2062765.1131,5025430.27604,
4440,111,1,ACTIVA,1,LOTE 1B,0,4.56520130,-72.76765337,2062454.3871,5025762.64107,
4441,111,2,ACTIVA,1,LOTE 1B,0,4.56526163,-72.76772040,2062461.0507,5025755.20632,
4442,111,3,ACTIVA,1,LOTE 1B,0,4.56533118,-72.76778031,2062468.7329,5025748.56096,
4443,111,4,ACTIVA,1,LOTE 1B,0,4.56539020,-72.76784793,2062475.2521,5025741.06122,
4444,111,5,ACTIVA,1,LOTE 1B,0,4.56545225,-72.76791312,2062482.1065,5025733.83081,
4445,111,6,ACTIVA,1,LOTE 1B,0,4.56552264,-72.76797889,2062489.8811,5025726.53506,
4446,111,7,ACTIVA,1,LOTE 1B,0,4.56558004,-72.76804048,2062496.2208,5025719.70432,
4447,111,8,ACTIVA,1,LOTE 1B,0,4.56564078,-72.76810960,2062502.9306,5025712.03729,
4448,111,9,ACTIVA,1,LOTE 1B,0,4.56571452,-72.76817329,2062511.0757,5025704.97370,
4449,111,10,ACTIVA,1,LOTE 1B,0,4.56577275,-72.76823739,2062517.5079,5025697.86421,
4450,111,11,ACTIVA,1,LOTE 1B,0,4.56582931,-72.76830190,2062523.7550,5025690.70833,
4451,111,12,ACTIVA,1,LOTE 1B,0,4.56590179,-72.76836894,2062531.7611,5025683.27316,
4452,111,13,ACTIVA,1,LOTE 1B,0,4.56595961,-72.76843304,2062538.1470,5025676.16368,
4453,111,14,ACTIVA,1,LOTE 1B,0,4.56602305,-72.76849302,2062545.1552,5025669.50984,
4454,111,15,ACTIVA,1,LOTE 1B,0,4.56609179,-72.76856569,2062552.7473,5025661.45058,
4455,111,16,ACTIVA,1,LOTE 1B,0,4.56615070,-72.76863115,2062559.2547,5025654.19010,
4456,111,17,ACTIVA,1,LOTE 1B,0,4.56621014,-72.76869111,2062565.8202,5025647.53931,
4457,111,18,ACTIVA,1,LOTE 1B,0,4.56627591,-72.76875940,2062573.0855,5025639.96502,
4458,111,19,ACTIVA,1,LOTE 1B,0,4.56634085,-72.76882392,2062580.2584,5025632.80885,
4459,111,20,ACTIVA,1,LOTE 1B,0,4.56639657,-72.76888550,2062586.4130,5025625.97818,
4460,111,21,ACTIVA,1,LOTE 1B,0,4.56646491,-72.76895387,2062593.9619,5025618.39510,
4461,111,22,ACTIVA,1,LOTE 1B,0,4.56652972,-72.76902130,2062601.1202,5025610.91666,
4462,111,23,ACTIVA,1,LOTE 1B,0,4.56658864,-72.76908349,2062607.6278,5025604.01911,
4463,111,24,ERRADICADA,0,LOTE 1B,0,4.56665148,-72.76914633,2062614.5693,5025597.04883,
4464,111,25,ACTIVA,1,LOTE 1B,0,4.56671833,-72.76921522,2062621.9532,5025589.40774,
4465,111,26,ACTIVA,1,LOTE 1B,0,4.56678109,-72.76927921,2062628.8860,5025582.30972,
4466,111,27,ACTIVA,1,LOTE 1B,0,4.56683804,-72.76933944,2062635.1766,5025575.62999,
4467,111,28,ACTIVA,1,LOTE 1B,0,4.56690719,-72.76941067,2062642.8139,5025567.72887,
4468,111,29,ACTIVA,1,LOTE 1B,0,4.56697344,-72.76946883,2062650.1329,5025561.27835,
4469,111,30,ACTIVA,1,LOTE 1B,0,4.56703213,-72.76953158,2062656.6154,5025554.31858,
4470,111,31,ACTIVA,1,LOTE 1B,0,4.56710119,-72.76960134,2062664.2436,5025546.58044,
4471,111,32,ACTIVA,1,LOTE 1B,0,4.56716459,-72.76966141,2062671.2466,5025539.91861,
4472,111,33,ACTIVA,1,LOTE 1B,0,4.56722067,-72.76972804,2062677.4402,5025532.52765,
4473,111,34,ACTIVA,1,LOTE 1B,0,4.56728778,-72.76980126,2062684.8535,5025524.40692,
4474,111,35,ACTIVA,1,LOTE 1B,0,4.56734820,-72.76986441,2062691.5270,5025517.40296,
4475,111,36,ACTIVA,1,LOTE 1B,0,4.56740778,-72.76992474,2062698.1086,5025510.71154,
4476,111,37,ACTIVA,1,LOTE 1B,0,4.56747407,-72.76999698,2062705.4304,5025502.69853,
4477,111,38,ERRADICADA,0,LOTE 1B,0,4.56753961,-72.77006029,2062712.6702,5025495.67656,
4478,111,39,ACTIVA,1,LOTE 1B,0,4.56760367,-72.77012137,2062719.7455,5025488.90240,
4479,111,40,ACTIVA,1,LOTE 1B,0,4.56766272,-72.77018336,2062726.2677,5025482.02601,
4480,111,41,ACTIVA,1,LOTE 1B,0,4.56773136,-72.77024772,2062733.8499,5025474.88832,
4481,111,42,ACTIVA,1,LOTE 1B,0,4.56779666,-72.77031302,2062741.0633,5025467.64503,
4482,111,43,ACTIVA,1,LOTE 1B,0,4.56785243,-72.77037499,2062747.2234,5025460.77207,
4483,111,44,ACTIVA,1,LOTE 1B,0,4.56791946,-72.77044610,2062754.6276,5025452.88457,
4484,111,45,ACTIVA,1,LOTE 1B,0,4.56798277,-72.77050718,2062761.6206,5025446.11044,
4485,111,46,ACTIVA,1,LOTE 1B,0,4.56804087,-72.77056974,2062768.0375,5025439.17133,
4486,112,1,ACTIVA,1,LOTE 1B,0,4.56523454,-72.76756594,2062458.0623,5025772.33324,
4487,112,2,ACTIVA,1,LOTE 1B,0,4.56529793,-72.76763220,2062465.0649,5025764.98426,
4488,112,3,ACTIVA,1,LOTE 1B,0,4.56536514,-72.76769798,2062472.4890,5025757.68801,
4489,112,4,ERRADICADA,0,LOTE 1B,0,4.56542586,-72.76776555,2062479.1954,5025750.19379,
4490,112,5,ACTIVA,1,LOTE 1B,0,4.56549438,-72.76782290,2062486.7646,5025743.83234,
4491,112,6,ERRADICADA,0,LOTE 1B,0,4.56555546,-72.76789440,2062493.5103,5025735.90206,
4492,112,7,ACTIVA,1,LOTE 1B,0,4.56561653,-72.76795920,2062500.2563,5025728.71504,
4493,112,8,ACTIVA,1,LOTE 1B,0,4.56567388,-72.76802474,2062506.5907,5025721.44557,
4494,112,9,ACTIVA,1,LOTE 1B,0,4.56574315,-72.76809103,2062514.2419,5025714.09310,
4495,112,10,ACTIVA,1,LOTE 1B,0,4.56580124,-72.76815732,2062520.6586,5025706.74102,
4496,112,11,ERRADICADA,0,LOTE 1B,0,4.56586381,-72.76821914,2062527.5693,5025699.88429,
4497,112,12,ACTIVA,1,LOTE 1B,0,4.56593680,-72.76828915,2062535.6318,5025692.11876,
4498,112,13,ACTIVA,1,LOTE 1B,0,4.56599489,-72.76835022,2062542.0487,5025685.34478,
4499,112,14,ACTIVA,1,LOTE 1B,0,4.56605597,-72.76841204,2062548.7948,5025678.48810,
4500,112,15,ACTIVA,1,LOTE 1B,0,4.56612115,-72.76848068,2062555.9949,5025670.87481,
4501,112,16,ACTIVA,1,LOTE 1B,0,4.56618693,-72.76854503,2062563.2610,5025663.73719,
4502,112,17,ACTIVA,1,LOTE 1B,0,4.56624842,-72.76860939,2062570.0531,5025656.59972,
4503,112,18,ACTIVA,1,LOTE 1B,0,4.56630705,-72.76867231,2062576.5292,5025649.62091,
4504,112,19,ACTIVA,1,LOTE 1B,0,4.56636976,-72.76874180,2062583.4555,5025641.91274,
4505,112,20,ACTIVA,1,LOTE 1B,0,4.56643721,-72.76881135,2062590.9059,5025634.19904,
4506,112,21,ACTIVA,1,LOTE 1B,0,4.56649306,-72.76886877,2062597.0751,5025627.83000,
4507,112,22,ACTIVA,1,LOTE 1B,0,4.56656114,-72.76893423,2062604.5952,5025620.56920,
4508,112,23,ACTIVA,1,LOTE 1B,0,4.56662529,-72.76899969,2062611.6813,5025613.30854,
4509,112,24,ACTIVA,1,LOTE 1B,0,4.56668552,-72.76906319,2062618.3334,5025606.26577,
4510,112,25,ACTIVA,1,LOTE 1B,0,4.56675980,-72.76913311,2062626.5390,5025598.51118,
4511,112,26,ACTIVA,1,LOTE 1B,0,4.56681846,-72.76919637,2062633.0176,5025591.49460,
4512,112,27,ACTIVA,1,LOTE 1B,0,4.56687921,-72.76926047,2062639.7276,5025584.38504,
4513,112,28,ACTIVA,1,LOTE 1B,0,4.56694414,-72.76932666,2062646.9004,5025577.04307,
4514,112,29,ACTIVA,1,LOTE 1B,0,4.56700366,-72.76939443,2062653.4743,5025569.52708,
4515,112,30,ACTIVA,1,LOTE 1B,0,4.56706258,-72.76945203,2062659.9820,5025563.13762,
4516,112,31,ACTIVA,1,LOTE 1B,0,4.56713115,-72.76952339,2062667.5561,5025555.22356,
4517,112,32,ACTIVA,1,LOTE 1B,0,4.56719661,-72.76958373,2062674.7870,5025548.52993,
4518,112,33,ACTIVA,1,LOTE 1B,0,4.56725184,-72.76964408,2062680.8878,5025541.83666,
4519,112,34,ACTIVA,1,LOTE 1B,0,4.56731628,-72.76971056,2062688.0055,5025534.46259,
4520,112,35,ACTIVA,1,LOTE 1B,0,4.56738595,-72.76977737,2062695.7018,5025527.05204,
4521,112,36,ACTIVA,1,LOTE 1B,0,4.56744552,-72.76984022,2062702.2817,5025520.08190,
4522,112,37,ERRADICADA,0,LOTE 1B,0,4.56750653,-72.76990388,2062709.0197,5025513.02097,
4523,112,38,ACTIVA,1,LOTE 1B,0,4.56758017,-72.76997036,2062717.1546,5025505.64658,
4524,112,39,ACTIVA,1,LOTE 1B,0,4.56764060,-72.77003333,2062723.8293,5025498.66280,
4525,112,40,ACTIVA,1,LOTE 1B,0,4.56769821,-72.77009355,2062730.1923,5025491.98306,
4526,112,41,ACTIVA,1,LOTE 1B,0,4.56776530,-72.77016777,2062737.6036,5025483.75151,
4527,112,42,ACTIVA,1,LOTE 1B,0,4.56782770,-72.77022505,2062744.4955,5025477.39824,
4528,112,43,ACTIVA,1,LOTE 1B,0,4.56789015,-72.77029211,2062751.3942,5025469.96046,
4529,112,44,ACTIVA,1,LOTE 1B,0,4.56795286,-72.77035712,2062758.3213,5025462.74949,
4530,112,45,ACTIVA,1,LOTE 1B,0,4.56801960,-72.77042271,2062765.6933,5025455.47459,
4531,112,46,ACTIVA,1,LOTE 1B,0,4.56807714,-72.77048485,2062772.0483,5025448.58278,
4532,112,47,ACTIVA,1,LOTE 1B,0,4.56814618,-72.77055331,2062779.6745,5025440.98883,
4533,112,48,ACTIVA,1,LOTE 1B,0,4.56820832,-72.77061545,2062786.5380,5025434.09686,
4534,113,1,ACTIVA,1,LOTE 1B,0,4.56526788,-72.76748631,2062461.7491,5025781.16254,
4535,113,2,ACTIVA,1,LOTE 1B,0,4.56532753,-72.76755433,2062468.3379,5025773.61771,
4536,113,3,ACTIVA,1,LOTE 1B,0,4.56539032,-72.76762079,2062475.2737,5025766.24683,
4537,113,4,ACTIVA,1,LOTE 1B,0,4.56545573,-72.76768149,2062482.4988,5025759.51409,
4538,113,5,ACTIVA,1,LOTE 1B,0,4.56551957,-72.76774428,2062489.5504,5025752.54932,
4539,113,6,ACTIVA,1,LOTE 1B,0,4.56558812,-72.76780969,2062497.1222,5025745.29429,
4540,113,7,ACTIVA,1,LOTE 1B,0,4.56564986,-72.76787300,2062503.9425,5025738.27158,
4541,113,8,ACTIVA,1,LOTE 1B,0,4.56571423,-72.76794050,2062511.0518,5025730.78461,
4542,113,9,ACTIVA,1,LOTE 1B,0,4.56577545,-72.76800591,2062517.8142,5025723.52983,
4543,113,10,ACTIVA,1,LOTE 1B,0,4.56583929,-72.76807028,2062524.8657,5025716.39101,
4544,113,11,ACTIVA,1,LOTE 1B,0,4.56590156,-72.76813464,2062531.7438,5025709.25225,
4545,113,12,ACTIVA,1,LOTE 1B,0,4.56596121,-72.76819481,2062538.3329,5025702.57774,
4546,113,13,ACTIVA,1,LOTE 1B,0,4.56602767,-72.76826232,2062545.6734,5025695.09070,
4547,113,14,ACTIVA,1,LOTE 1B,0,4.56608974,-72.76832825,2062552.5297,5025687.77788,
4548,113,15,ACTIVA,1,LOTE 1B,0,4.56615597,-72.76839202,2062559.8451,5025680.70426,
4549,113,16,ACTIVA,1,LOTE 1B,0,4.56621552,-72.76845750,2062566.4232,5025673.44230,
4550,113,17,ACTIVA,1,LOTE 1B,0,4.56628145,-72.76852500,2062573.7059,5025665.95529,
4551,113,18,ACTIVA,1,LOTE 1B,0,4.56634058,-72.76859041,2062580.2370,5025658.70060,
4552,113,19,ACTIVA,1,LOTE 1B,0,4.56640861,-72.76865896,2062587.7509,5025651.09747,
4553,113,20,ACTIVA,1,LOTE 1B,0,4.56646600,-72.76871928,2062594.0903,5025644.40681,
4554,113,21,ACTIVA,1,LOTE 1B,0,4.56652561,-72.76877956,2062600.6748,5025637.72071,
4555,113,22,ACTIVA,1,LOTE 1B,0,4.56659332,-72.76884472,2062608.1542,5025630.49357,
4556,113,23,ACTIVA,1,LOTE 1B,0,4.56666135,-72.76891536,2062615.6680,5025622.65837,
4557,113,24,ACTIVA,1,LOTE 1B,0,4.56671629,-72.76898077,2062621.7366,5025615.40384,
4558,113,25,ACTIVA,1,LOTE 1B,0,4.56677908,-72.76904670,2062628.6724,5025608.09101,
4559,113,26,ACTIVA,1,LOTE 1B,0,4.56685077,-72.76910792,2062636.5914,5025601.30005,
4560,113,27,ACTIVA,1,LOTE 1B,0,4.56690362,-72.76917333,2062642.4287,5025594.04560,
4561,113,28,ACTIVA,1,LOTE 1B,0,4.56697194,-72.76923989,2062649.9752,5025586.66368,
4562,113,29,ACTIVA,1,LOTE 1B,0,4.56703572,-72.76930121,2062657.0196,5025579.86213,
4563,113,30,ACTIVA,1,LOTE 1B,0,4.56709949,-72.76936416,2062664.0640,5025572.87926,
4564,113,31,ACTIVA,1,LOTE 1B,0,4.56715999,-72.76943121,2062670.7468,5025565.44323,
4565,113,32,ACTIVA,1,LOTE 1B,0,4.56722949,-72.76949825,2062678.4234,5025558.00688,
4566,113,33,ACTIVA,1,LOTE 1B,0,4.56728999,-72.76956039,2062685.1065,5025551.11479,
4567,113,34,ACTIVA,1,LOTE 1B,0,4.56735132,-72.76962498,2062691.8797,5025543.95070,
4568,113,35,ACTIVA,1,LOTE 1B,0,4.56742081,-72.76969203,2062699.5564,5025536.51435,
4569,113,36,ERRADICADA,0,LOTE 1B,0,4.56747886,-72.76975662,2062705.9683,5025529.35038,
4570,113,37,ACTIVA,1,LOTE 1B,0,4.56754264,-72.76981876,2062713.0127,5025522.45818,
4571,113,38,ACTIVA,1,LOTE 1B,0,4.56761132,-72.76988989,2062720.5988,5025514.56858,
4572,113,39,ACTIVA,1,LOTE 1B,0,4.56766773,-72.76995203,2062726.8301,5025507.67665,
4573,113,40,ACTIVA,1,LOTE 1B,0,4.56773396,-72.77001580,2062734.1455,5025500.60305,
4574,113,41,ACTIVA,1,LOTE 1B,0,4.56779937,-72.77008448,2062741.3703,5025492.98554,
4575,113,42,ACTIVA,1,LOTE 1B,0,4.56786151,-72.77014417,2062748.2341,5025486.36538,
4576,113,43,ACTIVA,1,LOTE 1B,0,4.56792037,-72.77020794,2062754.7364,5025479.29204,
4577,113,44,ACTIVA,1,LOTE 1B,0,4.56798742,-72.77027171,2062762.1421,5025472.21842,
4578,113,45,ACTIVA,1,LOTE 1B,0,4.56805201,-72.77034039,2062769.2766,5025464.60095,
4579,113,46,ACTIVA,1,LOTE 1B,0,4.56811088,-72.77040253,2062775.7790,5025457.70893,
4580,113,47,ACTIVA,1,LOTE 1B,0,4.56817629,-72.77046630,2062783.0040,5025450.63537,
4581,113,48,ACTIVA,1,LOTE 1B,0,4.56824578,-72.77053580,2062790.6805,5025442.92707,
4582,113,49,ACTIVA,1,LOTE 1B,0,4.56830629,-72.77059630,2062797.3636,5025436.21632,
4583,114,1,ACTIVA,1,LOTE 1B,0,4.56530189,-72.76740467,2062465.5102,5025790.21257,
4584,114,2,ACTIVA,1,LOTE 1B,0,4.56536677,-72.76746433,2062472.6775,5025783.59588,
4585,114,3,ACTIVA,1,LOTE 1B,0,4.56542643,-72.76753235,2062479.2663,5025776.05106,
4586,114,4,ACTIVA,1,LOTE 1B,0,4.56549498,-72.76759410,2062486.8383,5025769.20216,
4587,114,5,ACTIVA,1,LOTE 1B,0,4.56555411,-72.76765480,2062493.3696,5025762.46964,
4588,114,6,ACTIVA,1,LOTE 1B,0,4.56561939,-72.76772130,2062500.5806,5025755.09404,
4589,114,7,ERRADICADA,0,LOTE 1B,0,4.56568420,-72.76780171,2062507.7394,5025746.17568,
4590,114,8,ACTIVA,1,LOTE 1B,0,4.56574634,-72.76785649,2062514.6034,5025740.09942,
4591,114,9,ACTIVA,1,LOTE 1B,0,4.56580603,-72.76791699,2062521.1961,5025733.38864,
4592,114,10,ACTIVA,1,LOTE 1B,0,4.56587226,-72.76798730,2062528.5112,5025725.58975,
4593,114,11,ACTIVA,1,LOTE 1B,0,4.56593685,-72.76805026,2062535.6459,5025718.60683,
4594,114,12,ACTIVA,1,LOTE 1B,0,4.56599408,-72.76811403,2062541.9675,5025711.53352,
4595,114,13,ACTIVA,1,LOTE 1B,0,4.56606521,-72.76818517,2062549.8246,5025703.64379,
4596,114,14,ACTIVA,1,LOTE 1B,0,4.56612326,-72.76824894,2062556.2365,5025696.57046,
4597,114,15,ACTIVA,1,LOTE 1B,0,4.56618131,-72.76830617,2062562.6487,5025690.22238,
4598,114,16,ACTIVA,1,LOTE 1B,0,4.56625215,-72.76837587,2062570.4734,5025682.49222,
4599,114,17,ACTIVA,1,LOTE 1B,0,4.56631337,-72.76843918,2062577.2358,5025675.46954,
4600,114,18,ACTIVA,1,LOTE 1B,0,4.56637250,-72.76850982,2062583.7668,5025667.63465,
4601,114,24,ACTIVA,1,LOTE 1B,0,4.56675076,-72.76889645,2062625.5483,5025624.75174,
4602,114,25,ACTIVA,1,LOTE 1B,0,4.56681249,-72.76895589,2062632.3667,5025618.15865,
4603,114,26,ACTIVA,1,LOTE 1B,0,4.56688298,-72.76902600,2062640.1531,5025610.38227,
4604,114,27,ACTIVA,1,LOTE 1B,0,4.56694128,-72.76909040,2062646.5924,5025603.24007,
4605,114,28,ACTIVA,1,LOTE 1B,0,4.56700682,-72.76914908,2062653.8318,5025596.73135,
4606,114,29,ACTIVA,1,LOTE 1B,0,4.56707121,-72.76922262,2062660.9444,5025588.57494,
4607,114,30,ACTIVA,1,LOTE 1B,0,4.56713904,-72.76928473,2062668.4364,5025581.68590,
4608,114,31,ACTIVA,1,LOTE 1B,0,4.56719505,-72.76934722,2062674.6231,5025574.75503,
4609,114,32,ACTIVA,1,LOTE 1B,0,4.56726249,-72.76941847,2062682.0726,5025566.85201,
4610,114,33,ACTIVA,1,LOTE 1B,0,4.56732155,-72.76948020,2062688.5963,5025560.00553,
4611,114,34,ACTIVA,1,LOTE 1B,0,4.56738137,-72.76954459,2062695.2040,5025552.86328,
4612,114,35,ERRADICADA,0,LOTE 1B,0,4.56744899,-72.76961910,2062702.6723,5025544.59917,
4613,114,36,ACTIVA,1,LOTE 1B,0,4.56751318,-72.76967492,2062709.7627,5025538.40804,
4614,114,37,ACTIVA,1,LOTE 1B,0,4.56757457,-72.76973632,2062716.5445,5025531.59812,
4615,114,38,ACTIVA,1,LOTE 1B,0,4.56764200,-72.76980179,2062723.9926,5025524.33578,
4616,114,39,ACTIVA,1,LOTE 1B,0,4.56770678,-72.76986619,2062731.1476,5025517.19336,
4617,114,40,ACTIVA,1,LOTE 1B,0,4.56776412,-72.76992825,2062737.4818,5025510.30998,
4618,114,41,ACTIVA,1,LOTE 1B,0,4.56782545,-72.76999374,2062744.2552,5025503.04622,
4619,114,42,ACTIVA,1,LOTE 1B,0,4.56789272,-72.77006339,2062751.6864,5025495.32015,
4620,114,43,ACTIVA,1,LOTE 1B,0,4.56795583,-72.77013008,2062758.6572,5025487.92430,
4621,114,44,ACTIVA,1,LOTE 1B,0,4.56801894,-72.77018604,2062765.6283,5025481.71671,
4622,114,45,ACTIVA,1,LOTE 1B,0,4.56808324,-72.77025689,2062772.7305,5025473.85871,
4623,114,46,ACTIVA,1,LOTE 1B,0,4.56814754,-72.77032059,2062779.8330,5025466.79290,
4624,114,47,ACTIVA,1,LOTE 1B,0,4.56820946,-72.77038132,2062786.6724,5025460.05724,
4625,114,48,ACTIVA,1,LOTE 1B,0,4.56827871,-72.77045031,2062794.3220,5025452.40504,
4626,114,49,ACTIVA,1,LOTE 1B,0,4.56833892,-72.77051356,2062800.9719,5025445.38954,
4627,114,50,ACTIVA,1,LOTE 1B,0,4.56840331,-72.77058024,2062808.0847,5025437.99365,
4628,115,1,ACTIVA,1,LOTE 1B,0,4.56533213,-72.76732172,2062468.8549,5025799.40940,
4629,115,2,ACTIVA,1,LOTE 1B,0,4.56539128,-72.76738481,2062475.3877,5025792.41211,
4630,115,3,ACTIVA,1,LOTE 1B,0,4.56545752,-72.76744553,2062482.7048,5025785.67690,
4631,115,4,ACTIVA,1,LOTE 1B,0,4.56552849,-72.76751059,2062490.5446,5025778.46059,
4632,115,5,ACTIVA,1,LOTE 1B,0,4.56558685,-72.76757644,2062496.9902,5025771.15730,
4633,115,6,ERRADICADA,0,LOTE 1B,0,4.56564949,-72.76764598,2062503.9094,5025763.44398,
4634,115,7,ACTIVA,1,LOTE 1B,0,4.56571603,-72.76770821,2062511.2592,5025756.54207,
4635,115,8,ACTIVA,1,LOTE 1B,0,4.56577887,-72.76777228,2062518.2004,5025749.43536,
4636,115,9,ACTIVA,1,LOTE 1B,0,4.56583678,-72.76783142,2062524.5972,5025742.87533,
4637,115,10,ACTIVA,1,LOTE 1B,0,4.56590394,-72.76790042,2062532.0148,5025735.22197,
4638,115,11,ACTIVA,1,LOTE 1B,0,4.56596431,-72.76796573,2062538.6837,5025727.97873,
4639,115,12,ACTIVA,1,LOTE 1B,0,4.56602839,-72.76802549,2062545.7613,5025721.35016,
4640,115,13,ACTIVA,1,LOTE 1B,0,4.56609588,-72.76810006,2062553.2168,5025713.07925,
4641,115,14,ACTIVA,1,LOTE 1B,0,4.56615779,-72.76816039,2062560.0547,5025706.38792,
4642,115,15,ACTIVA,1,LOTE 1B,0,4.56621614,-72.76823176,2062566.5001,5025698.47256,
4643,115,16,ACTIVA,1,LOTE 1B,0,4.56628239,-72.76829011,2062573.8173,5025691.99968,
4644,115,17,ACTIVA,1,LOTE 1B,0,4.56634705,-72.76835793,2062580.9599,5025684.47758,
4645,115,18,ACTIVA,1,LOTE 1B,0,4.56640580,-72.76842023,2062587.4492,5025677.56776,
4646,115,25,ACTIVA,1,LOTE 1B,0,4.56684593,-72.76887384,2062636.0649,5025627.25528,
4647,115,26,ACTIVA,1,LOTE 1B,0,4.56691617,-72.76894531,2062643.8228,5025619.32859,
4648,115,27,ACTIVA,1,LOTE 1B,0,4.56697839,-72.76900569,2062650.6961,5025612.63180,
4649,115,28,ACTIVA,1,LOTE 1B,0,4.56703569,-72.76906914,2062657.0247,5025605.59362,
4650,115,29,ACTIVA,1,LOTE 1B,0,4.56710407,-72.76913999,2062664.5784,5025597.73531,
4651,115,30,ACTIVA,1,LOTE 1B,0,4.56716445,-72.76920407,2062671.2473,5025590.62871,
4652,115,31,ACTIVA,1,LOTE 1B,0,4.56722751,-72.76926166,2062678.2133,5025584.24066,
4653,115,32,ERRADICADA,0,LOTE 1B,0,4.56729335,-72.76932837,2062685.4860,5025576.84139,
4654,115,33,ERRADICADA,0,LOTE 1B,0,4.56735502,-72.76939004,2062692.2979,5025570.00133,
4655,115,34,ACTIVA,1,LOTE 1B,0,4.56742120,-72.76946055,2062699.6080,5025562.18045,
4656,115,35,ACTIVA,1,LOTE 1B,0,4.56748281,-72.76952120,2062706.4132,5025555.45381,
4657,115,36,ACTIVA,1,LOTE 1B,0,4.56754924,-72.76958858,2062713.7500,5025547.97983,
4658,115,37,ACTIVA,1,LOTE 1B,0,4.56760372,-72.76965443,2062719.7679,5025540.67705,
4659,115,38,ACTIVA,1,LOTE 1B,0,4.56766779,-72.76971480,2062726.8455,5025533.98021,
4660,115,39,ACTIVA,1,LOTE 1B,0,4.56773741,-72.76978196,2062734.5354,5025526.53174,
4661,115,40,ACTIVA,1,LOTE 1B,0,4.56779532,-72.76984541,2062740.9321,5025519.49355,
4662,115,41,ACTIVA,1,LOTE 1B,0,4.56785570,-72.76991133,2062747.6010,5025512.18204,
4663,115,42,ACTIVA,1,LOTE 1B,0,4.56792901,-72.76998034,2062755.6993,5025504.52850,
4664,115,43,ACTIVA,1,LOTE 1B,0,4.56798816,-72.77003948,2062762.2323,5025497.96846,
4665,115,44,ACTIVA,1,LOTE 1B,0,4.56805346,-72.77010355,2062769.4459,5025490.86171,
4666,115,45,ACTIVA,1,LOTE 1B,0,4.56811569,-72.77017194,2062776.3189,5025483.27688,
4667,115,46,ACTIVA,1,LOTE 1B,0,4.56817791,-72.77024094,2062783.1919,5025475.62375,
4668,115,47,ACTIVA,1,LOTE 1B,0,4.56823952,-72.77029824,2062789.9973,5025469.26856,
4669,115,48,ACTIVA,1,LOTE 1B,0,4.56830729,-72.77036477,2062797.4830,5025461.88848,
4670,115,49,ACTIVA,1,LOTE 1B,0,4.56836644,-72.77043008,2062804.0158,5025454.64533,
4671,115,50,ACTIVA,1,LOTE 1B,0,4.56843051,-72.77049600,2062811.0931,5025447.33369,
4672,115,51,ACTIVA,1,LOTE 1B,0,4.56849212,-72.77055761,2062817.8983,5025440.50033,
4673,115,52,ACTIVA,1,LOTE 1B,0,4.56855989,-72.77062476,2062825.3841,5025433.05194,
4674,115,53,ACTIVA,1,LOTE 1B,0,4.56861965,-72.77068760,2062831.9850,5025426.08202,
4675,115,54,ACTIVA,1,LOTE 1B,0,4.56868010,-72.77075170,2062838.6622,5025418.97271,
4676,116,1,ACTIVA,1,LOTE 1B,0,4.56543163,-72.76729405,2062479.8498,5025802.47445,
4677,116,2,ACTIVA,1,LOTE 1B,0,4.56549217,-72.76735684,2062486.5369,5025795.50931,
4678,116,3,ACTIVA,1,LOTE 1B,0,4.56556099,-72.76743205,2062494.1377,5025787.16796,
4679,116,4,ACTIVA,1,LOTE 1B,0,4.56562265,-72.76749522,2062500.9494,5025780.16108,
4680,116,5,ACTIVA,1,LOTE 1B,0,4.56568169,-72.76755501,2062507.4705,5025773.52956,
4681,116,6,ACTIVA,1,LOTE 1B,0,4.56575276,-72.76762458,2062515.3208,5025765.81354,
4682,116,7,ACTIVA,1,LOTE 1B,0,4.56581180,-72.76768925,2062521.8416,5025758.63999,
4683,116,8,ACTIVA,1,LOTE 1B,0,4.56587271,-72.76774979,2062528.5704,5025751.92501,
4684,116,9,ACTIVA,1,LOTE 1B,0,4.56594040,-72.76781786,2062536.0468,5025744.37590,
4685,116,10,ACTIVA,1,LOTE 1B,0,4.56600282,-72.76787953,2062542.9417,5025737.53579,
4686,116,11,ACTIVA,1,LOTE 1B,0,4.56605958,-72.76794785,2062549.2105,5025729.95841,
4687,116,12,ACTIVA,1,LOTE 1B,0,4.56612068,-72.76801071,2062555.9600,5025722.98544,
4688,116,13,ACTIVA,1,LOTE 1B,0,4.56619354,-72.76807769,2062564.0077,5025715.55603,
4689,116,14,ACTIVA,1,LOTE 1B,0,4.56625347,-72.76814115,2062570.6273,5025708.51796,
4690,116,15,ACTIVA,1,LOTE 1B,0,4.56631222,-72.76820754,2062577.1170,5025701.15419,
4691,116,16,ACTIVA,1,LOTE 1B,0,4.56637568,-72.76827276,2062584.1260,5025693.92056,
4692,116,17,ACTIVA,1,LOTE 1B,0,4.56644090,-72.76833328,2062591.3300,5025687.20804,
4693,116,18,ACTIVA,1,LOTE 1B,0,4.56650294,-72.76840183,2062598.1831,5025679.60442,
4694,116,25,ACTIVA,1,LOTE 1B,0,4.56694966,-72.76885908,2062647.5270,5025628.88816,
4695,116,26,ACTIVA,1,LOTE 1B,0,4.56700832,-72.76892338,2062654.0063,5025621.75633,
4696,116,27,ACTIVA,1,LOTE 1B,0,4.56707075,-72.76898369,2062660.9013,5025615.06738,
4697,116,28,ACTIVA,1,LOTE 1B,0,4.56713596,-72.76904950,2062668.1051,5025607.76855,
4698,116,29,ACTIVA,1,LOTE 1B,0,4.56719824,-72.76911354,2062674.9844,5025600.66527,
4699,116,30,ACTIVA,1,LOTE 1B,0,4.56726741,-72.76917796,2062682.6245,5025593.52005,
4700,116,31,ERRADICADA,0,LOTE 1B,0,4.56732901,-72.76923972,2062689.4292,5025586.66997,
4701,116,32,ERRADICADA,0,LOTE 1B,0,4.56739069,-72.76930283,2062696.2423,5025579.66952,
4702,116,33,ACTIVA,1,LOTE 1B,0,4.56744951,-72.76937455,2062702.7381,5025571.71487,
4703,116,34,ACTIVA,1,LOTE 1B,0,4.56751346,-72.76943550,2062709.8022,5025564.95533,
4704,116,35,ACTIVA,1,LOTE 1B,0,4.56757964,-72.76950368,2062717.1124,5025557.39241,
4705,116,36,ACTIVA,1,LOTE 1B,0,4.56764381,-72.76956786,2062724.2011,5025550.27430,
4706,116,37,ACTIVA,1,LOTE 1B,0,4.56770398,-72.76962936,2062730.8468,5025543.45283,
4707,116,38,ACTIVA,1,LOTE 1B,0,4.56776640,-72.76969880,2062737.7414,5025535.75107,
4708,116,39,ACTIVA,1,LOTE 1B,0,4.56783116,-72.76976252,2062744.8948,5025528.68391,
4709,116,40,ACTIVA,1,LOTE 1B,0,4.56789070,-72.76982728,2062751.4711,5025521.50111,
4710,116,41,ACTIVA,1,LOTE 1B,0,4.56796173,-72.76989830,2062759.3167,5025513.62300,
4711,116,42,ACTIVA,1,LOTE 1B,0,4.56802085,-72.76995559,2062765.8471,5025507.26948,
4712,116,43,ACTIVA,1,LOTE 1B,0,4.56808101,-72.77002110,2062772.4926,5025500.00328,
4713,116,44,ACTIVA,1,LOTE 1B,0,4.56815254,-72.77008995,2062780.3937,5025492.36606,
4714,116,45,ACTIVA,1,LOTE 1B,0,4.56821471,-72.77015146,2062787.2610,5025485.54452,
4715,116,46,ACTIVA,1,LOTE 1B,0,4.56827488,-72.77021429,2062793.9066,5025478.57482,
4716,116,47,ACTIVA,1,LOTE 1B,0,4.56833638,-72.77027713,2062800.6999,5025471.60507,
4717,116,48,ACTIVA,1,LOTE 1B,0,4.56840590,-72.77034265,2062808.3795,5025464.33854,
4718,116,49,ACTIVA,1,LOTE 1B,0,4.56846540,-72.77040749,2062814.9512,5025457.14649,
4719,116,50,ACTIVA,1,LOTE 1B,0,4.56852423,-72.77046899,2062821.4491,5025450.32508,
4720,116,51,ACTIVA,1,LOTE 1B,0,4.56859576,-72.77054320,2062829.3500,5025442.09489,
4721,116,52,ACTIVA,1,LOTE 1B,0,4.56865124,-72.77060537,2062835.4786,5025435.19948,
4722,116,53,ACTIVA,1,LOTE 1B,0,4.56871285,-72.77066780,2062842.2838,5025428.27420,
4723,117,1,ACTIVA,1,LOTE 1B,0,4.56546990,-72.76721233,2062484.0813,5025811.53381,
4724,117,2,ACTIVA,1,LOTE 1B,0,4.56552599,-72.76727598,2062490.2760,5025804.47465,
4725,117,3,ACTIVA,1,LOTE 1B,0,4.56559467,-72.76734466,2062497.8631,5025796.85606,
4726,117,4,ACTIVA,1,LOTE 1B,0,4.56565706,-72.76741020,2062504.7540,5025789.58706,
4727,117,5,ACTIVA,1,LOTE 1B,0,4.56571629,-72.76746929,2062511.2966,5025783.03290,
4728,117,6,ACTIVA,1,LOTE 1B,0,4.56578099,-72.76753721,2062518.4432,5025775.50037,
4729,117,7,ACTIVA,1,LOTE 1B,0,4.56584552,-72.76760359,2062525.5707,5025768.13678,
4730,117,8,ACTIVA,1,LOTE 1B,0,4.56590608,-72.76766886,2062532.2601,5025760.89838,
4731,117,9,ACTIVA,1,LOTE 1B,0,4.56596489,-72.76773139,2062538.7564,5025753.96210,
4732,117,10,ACTIVA,1,LOTE 1B,0,4.56603321,-72.76780208,2062546.3020,5025746.12163,
4733,117,11,ACTIVA,1,LOTE 1B,0,4.56609439,-72.76786445,2062553.0603,5025739.20353,
4734,117,12,ACTIVA,1,LOTE 1B,0,4.56615506,-72.76792386,2062559.7618,5025732.61446,
4735,117,13,ACTIVA,1,LOTE 1B,0,4.56622625,-72.76799636,2062567.6255,5025724.57328,
4736,117,14,ERRADICADA,0,LOTE 1B,0,4.56629483,-72.76806320,2062575.2007,5025717.15983,
4737,117,15,ERRADICADA,0,LOTE 1B,0,4.56634708,-72.76811545,2062580.9722,5025711.36435,
4738,117,16,ACTIVA,1,LOTE 1B,0,4.56641757,-72.76818735,2062588.7581,5025703.38962,
4739,117,17,ACTIVA,1,LOTE 1B,0,4.56647655,-72.76825155,2062595.2721,5025696.26832,
4740,117,18,ACTIVA,1,LOTE 1B,0,4.56653932,-72.76831290,2062602.2066,5025689.46330,
4741,117,26,ACTIVA,1,LOTE 1B,0,4.56704463,-72.76883891,2062658.0214,5025631.12211,
4742,117,27,ACTIVA,1,LOTE 1B,0,4.56710603,-72.76889899,2062664.8030,5025624.45728,
4743,117,28,ACTIVA,1,LOTE 1B,0,4.56716742,-72.76896953,2062671.5842,5025616.63372,
4744,117,29,ACTIVA,1,LOTE 1B,0,4.56723339,-72.76903681,2062678.8708,5025609.17211,
4745,117,30,ERRADICADA,0,LOTE 1B,0,4.56730115,-72.76910012,2062686.3559,5025602.14948,
4746,117,31,ERRADICADA,0,LOTE 1B,0,4.56736341,-72.76916135,2062693.2322,5025595.35788,
4747,117,32,ACTIVA,1,LOTE 1B,0,4.56742362,-72.76923483,2062699.8825,5025587.20849,
4748,117,33,ACTIVA,1,LOTE 1B,0,4.56748689,-72.76929402,2062706.8716,5025580.64317,
4749,117,34,ACTIVA,1,LOTE 1B,0,4.56754914,-72.76935627,2062713.7479,5025573.73842,
4750,117,35,ACTIVA,1,LOTE 1B,0,4.56761657,-72.76942033,2062721.1964,5025566.63343,
4751,117,36,ACTIVA,1,LOTE 1B,0,4.56767844,-72.76948386,2062728.0298,5025559.58622,
4752,117,37,ACTIVA,1,LOTE 1B,0,4.56773784,-72.76954899,2062734.5906,5025552.36317,
4753,117,38,ACTIVA,1,LOTE 1B,0,4.56780442,-72.76961605,2062741.9453,5025544.92522,
4754,117,39,ACTIVA,1,LOTE 1B,0,4.56786387,-72.76967692,2062748.5120,5025538.17307,
4755,117,40,ACTIVA,1,LOTE 1B,0,4.56792855,-72.76974589,2062755.6565,5025530.52426,
4756,117,41,ACTIVA,1,LOTE 1B,0,4.56799133,-72.76980534,2062762.5911,5025523.93020,
4757,117,42,ACTIVA,1,LOTE 1B,0,4.56805696,-72.76987573,2062769.8406,5025516.12315,
4758,117,43,ACTIVA,1,LOTE 1B,0,4.56811879,-72.76993708,2062776.6700,5025509.31819,
4759,117,44,ACTIVA,1,LOTE 1B,0,4.56817729,-72.76999700,2062783.1317,5025502.67156,
4760,117,45,ACTIVA,1,LOTE 1B,0,4.56824578,-72.77006834,2062790.6964,5025494.75894,
4761,117,46,ACTIVA,1,LOTE 1B,0,4.56830808,-72.77013398,2062797.5783,5025487.47936,
4762,117,47,ACTIVA,1,LOTE 1B,0,4.56836991,-72.77019390,2062804.4078,5025480.83261,
4763,117,48,ACTIVA,1,LOTE 1B,0,4.56843386,-72.77026274,2062811.4712,5025473.19715,
4764,117,49,ACTIVA,1,LOTE 1B,0,4.56849982,-72.77032806,2062818.7578,5025465.95282,
4765,117,50,ACTIVA,1,LOTE 1B,0,4.56855861,-72.77039011,2062825.2507,5025459.07085,
4766,117,51,ACTIVA,1,LOTE 1B,0,4.56862606,-72.77045908,2062832.7017,5025451.42092,
4767,117,52,ACTIVA,1,LOTE 1B,0,4.56868625,-72.77052136,2062839.3505,5025444.51282,
4768,117,53,ACTIVA,1,LOTE 1B,0,4.56874854,-72.77058406,2062846.2301,5025437.55831,
4769,118,1,ACTIVA,1,LOTE 1B,0,4.56549686,-72.76712923,2062487.0627,5025820.74737,
4770,118,2,ACTIVA,1,LOTE 1B,0,4.56555914,-72.76719276,2062493.9423,5025813.70010,
4771,118,3,ACTIVA,1,LOTE 1B,0,4.56562226,-72.76725170,2062500.9145,5025807.16263,
4772,118,4,ACTIVA,1,LOTE 1B,0,4.56568747,-72.76732486,2062508.1171,5025799.04923,
4773,118,5,ACTIVA,1,LOTE 1B,0,4.56575101,-72.76739132,2062515.1352,5025791.67747,
4774,118,6,ACTIVA,1,LOTE 1B,0,4.56581036,-72.76745235,2062521.6916,5025784.90840,
4775,118,7,ACTIVA,1,LOTE 1B,0,4.56587919,-72.76751818,2062529.2945,5025777.60670,
4776,118,8,ACTIVA,1,LOTE 1B,0,4.56594387,-72.76758096,2062536.4392,5025770.64339,
4777,118,9,ACTIVA,1,LOTE 1B,0,4.56600380,-72.76764374,2062543.0583,5025763.68025,
4778,118,10,ACTIVA,1,LOTE 1B,0,4.56606902,-72.76771142,2062550.2619,5025756.17310,
4779,118,11,ACTIVA,1,LOTE 1B,0,4.56612995,-72.76777087,2062556.9929,5025749.57908,
4780,118,12,ACTIVA,1,LOTE 1B,0,4.56618940,-72.76783404,2062563.5594,5025742.57311,
4781,118,13,ACTIVA,1,LOTE 1B,0,4.56626520,-72.76790983,2062571.9320,5025734.16580,
4782,118,15,ACTIVA,1,LOTE 1B,0,4.56636906,-72.76804372,2062583.4030,5025719.31725,
4783,118,16,ACTIVA,1,LOTE 1B,0,4.56644991,-72.76811030,2062592.3343,5025711.93150,
4784,118,17,ACTIVA,1,LOTE 1B,0,4.56651079,-72.76816927,2062599.0587,5025705.39022,
4785,118,18,ACTIVA,1,LOTE 1B,0,4.56657499,-72.76823253,2062606.1508,5025698.37421,
4786,118,19,ACTIVA,1,LOTE 1B,0,4.56663587,-72.76828960,2062612.8752,5025692.04387,
4787,118,27,ACTIVA,1,LOTE 1B,0,4.56713742,-72.76881709,2062668.2742,5025633.53733,
4788,118,28,ACTIVA,1,LOTE 1B,0,4.56719999,-72.76888389,2062675.1851,5025626.12881,
4789,118,29,ERRADICADA,0,LOTE 1B,0,4.56727282,-72.76895026,2062683.2309,5025618.76742,
4790,118,30,ERRADICADA,0,LOTE 1B,0,4.56733824,-72.76901760,2062690.4566,5025611.29838,
4791,118,31,ACTIVA,1,LOTE 1B,0,4.56739500,-72.76907724,2062696.7259,5025604.68299,
4792,118,32,ACTIVA,1,LOTE 1B,0,4.56745984,-72.76914408,2062703.8878,5025597.26944,
4793,118,33,ACTIVA,1,LOTE 1B,0,4.56752448,-72.76920688,2062711.0287,5025590.30391,
4794,118,34,ACTIVA,1,LOTE 1B,0,4.56758113,-72.76926722,2062717.2852,5025583.61172,
4795,118,35,ACTIVA,1,LOTE 1B,0,4.56764518,-72.76932879,2062724.3603,5025576.78233,
4796,118,36,ACTIVA,1,LOTE 1B,0,4.56771200,-72.76940275,2062731.7411,5025568.57882,
4797,118,37,ACTIVA,1,LOTE 1B,0,4.56776760,-72.76946651,2062737.8824,5025561.50691,
4798,118,38,ACTIVA,1,LOTE 1B,0,4.56783034,-72.76952467,2062744.8129,5025555.05689,
4799,118,39,ACTIVA,1,LOTE 1B,0,4.56789768,-72.76959608,2062752.2502,5025547.13617,
4800,118,40,ACTIVA,1,LOTE 1B,0,4.56796200,-72.76966285,2062759.3554,5025539.73070,
4801,118,41,ACTIVA,1,LOTE 1B,0,4.56802329,-72.76972228,2062766.1252,5025533.13887,
4802,118,42,ACTIVA,1,LOTE 1B,0,4.56808978,-72.76979136,2062773.4693,5025525.47603,
4803,118,43,ACTIVA,1,LOTE 1B,0,4.56815214,-72.76985100,2062780.3580,5025518.86146,
4804,118,44,ACTIVA,1,LOTE 1B,0,4.56821469,-72.76991186,2062787.2669,5025512.11143,
4805,118,45,ACTIVA,1,LOTE 1B,0,4.56827766,-72.76998370,2062794.2221,5025504.14303,
4806,118,46,ACTIVA,1,LOTE 1B,0,4.56834232,-72.77004709,2062801.3644,5025497.11177,
4807,118,47,ACTIVA,1,LOTE 1B,0,4.56840249,-72.77010750,2062808.0107,5025490.41162,
4808,118,48,ACTIVA,1,LOTE 1B,0,4.56847182,-72.77018014,2062815.6693,5025482.35514,
4809,118,49,ACTIVA,1,LOTE 1B,0,4.56853191,-72.77024089,2062822.3068,5025475.61692,
4810,118,50,ACTIVA,1,LOTE 1B,0,4.56859333,-72.77030164,2062829.0902,5025468.87866,
4811,118,51,ACTIVA,1,LOTE 1B,0,4.56865576,-72.77036817,2062835.9867,5025461.49922,
4812,118,52,ACTIVA,1,LOTE 1B,0,4.56872346,-72.77043722,2062843.4644,5025453.84142,
4813,118,53,ACTIVA,1,LOTE 1B,0,4.56878802,-72.77050133,2062850.5955,5025446.73054,
4814,119,1,ACTIVA,1,LOTE 1B,0,4.56553272,-72.76704339,2062491.0289,5025830.26412,
4815,119,2,ACTIVA,1,LOTE 1B,0,4.56559459,-72.76710974,2062497.8626,5025822.90472,
4816,119,3,ACTIVA,1,LOTE 1B,0,4.56565781,-72.76717071,2062504.8452,5025816.14180,
4817,119,4,ACTIVA,1,LOTE 1B,0,4.56572165,-72.76723960,2062511.8967,5025808.50120,
4818,119,5,ACTIVA,1,LOTE 1B,0,4.56578110,-72.76730641,2062518.4639,5025801.09160,
4819,119,6,ACTIVA,1,LOTE 1B,0,4.56584657,-72.76736653,2062525.6958,5025794.42254,
4820,119,7,ACTIVA,1,LOTE 1B,0,4.56591472,-72.76743868,2062533.2224,5025786.42003,
4821,119,8,ACTIVA,1,LOTE 1B,0,4.56597484,-72.76749881,2062539.8637,5025779.75116,
4822,119,9,ACTIVA,1,LOTE 1B,0,4.56603697,-72.76756160,2062546.7264,5025772.78592,
4823,119,10,ACTIVA,1,LOTE 1B,0,4.56609829,-72.76762738,2062553.4995,5025765.49028,
4824,119,11,ACTIVA,1,LOTE 1B,0,4.56616506,-72.76769743,2062560.8744,5025757.72060,
4825,119,16,ACTIVA,1,LOTE 1B,0,4.56647914,-72.76801491,2062595.5672,5025722.50725,
4826,119,17,ACTIVA,1,LOTE 1B,0,4.56654325,-72.76808440,2062602.6485,5025714.79982,
4827,119,18,ACTIVA,1,LOTE 1B,0,4.56660826,-72.76813910,2062609.8295,5025708.73280,
4828,119,19,ACTIVA,1,LOTE 1B,0,4.56667327,-72.76820724,2062617.0099,5025701.17447,
4829,119,31,ACTIVA,1,LOTE 1B,0,4.56736214,-72.76893142,2062693.1006,5025620.85237,
4830,119,32,ACTIVA,1,LOTE 1B,0,4.56742322,-72.76899486,2062699.8468,5025613.81596,
4831,119,33,ACTIVA,1,LOTE 1B,0,4.56748705,-72.76905594,2062706.8979,5025607.04160,
4832,119,34,ACTIVA,1,LOTE 1B,0,4.56755277,-72.76912342,2062714.1567,5025599.55736,
4833,119,35,ACTIVA,1,LOTE 1B,0,4.56761722,-72.76918402,2062721.2763,5025592.83504,
4834,119,36,ACTIVA,1,LOTE 1B,0,4.56767656,-72.76924998,2062727.8303,5025585.51982,
4835,119,37,ACTIVA,1,LOTE 1B,0,4.56774736,-72.76931832,2062735.6512,5025577.93966,
4836,119,38,ACTIVA,1,LOTE 1B,0,4.56780585,-72.76938296,2062742.1117,5025570.76955,
4837,119,39,ACTIVA,1,LOTE 1B,0,4.56786742,-72.76944330,2062748.9124,5025564.07719,
4838,119,40,ACTIVA,1,LOTE 1B,0,4.56793514,-72.76951164,2062756.3932,5025556.49715,
4839,119,41,ACTIVA,1,LOTE 1B,0,4.56799487,-72.76957383,2062762.9898,5025549.60006,
4840,119,42,ACTIVA,1,LOTE 1B,0,4.56805686,-72.76963905,2062769.8371,5025542.36583,
4841,119,43,ACTIVA,1,LOTE 1B,0,4.56812227,-72.76970928,2062777.0627,5025534.57680,
4842,119,44,ACTIVA,1,LOTE 1B,0,4.56818961,-72.76977373,2062784.5011,5025527.42772,
4843,119,45,ACTIVA,1,LOTE 1B,0,4.56824733,-72.76983434,2062790.8767,5025520.70564,
4844,119,46,ACTIVA,1,LOTE 1B,0,4.56831179,-72.76989975,2062797.9962,5025513.44999,
4845,119,47,ACTIVA,1,LOTE 1B,0,4.56837432,-72.76996325,2062804.9031,5025506.40774,
4846,119,48,ACTIVA,1,LOTE 1B,0,4.56844166,-72.77002578,2062812.3416,5025499.47199,
4847,119,49,ACTIVA,1,LOTE 1B,0,4.56850130,-72.77008927,2062818.9296,5025492.42985,
4848,119,50,ACTIVA,1,LOTE 1B,0,4.56857057,-72.77015661,2062826.5805,5025484.96070,
4849,119,51,ACTIVA,1,LOTE 1B,0,4.56862902,-72.77022276,2062833.0367,5025477.62420,
4850,119,52,ACTIVA,1,LOTE 1B,0,4.56869120,-72.77028001,2062839.9056,5025471.27318,
4851,119,53,ACTIVA,1,LOTE 1B,0,4.56875646,-72.77035143,2062847.1141,5025463.35190,
4852,119,54,ACTIVA,1,LOTE 1B,0,4.56881889,-72.77041734,2062854.0099,5025456.04240,
4853,120,1,ACTIVA,1,LOTE 1B,0,4.56556354,-72.76696457,2062494.4363,5025839.00290,
4854,120,2,ACTIVA,1,LOTE 1B,0,4.56562757,-72.76702736,2062501.5091,5025832.03734,
4855,120,3,ACTIVA,1,LOTE 1B,0,4.56569037,-72.76709016,2062508.4458,5025825.07183,
4856,120,4,ACTIVA,1,LOTE 1B,0,4.56575574,-72.76715804,2062515.6672,5025817.54303,
4857,120,5,ACTIVA,1,LOTE 1B,0,4.56582116,-72.76722154,2062522.8930,5025810.50063,
4858,120,6,ACTIVA,1,LOTE 1B,0,4.56587984,-72.76728599,2062529.3747,5025803.35180,
4859,120,7,ACTIVA,1,LOTE 1B,0,4.56594718,-72.76734756,2062536.8132,5025796.52267,
4860,120,8,ACTIVA,1,LOTE 1B,0,4.56601164,-72.76741490,2062543.9325,5025789.05363,
4861,120,9,ACTIVA,1,LOTE 1B,0,4.56607128,-72.76747550,2062550.5207,5025782.33144,
4862,120,10,ACTIVA,1,LOTE 1B,0,4.56613243,-72.76753961,2062557.2745,5025775.22093,
4863,120,11,ACTIVA,1,LOTE 1B,0,4.56620015,-72.76761226,2062564.7551,5025767.16298,
4864,120,17,ACTIVA,1,LOTE 1B,0,4.56657643,-72.76800544,2062606.3177,5025723.55412,
4865,120,18,ACTIVA,1,LOTE 1B,0,4.56664066,-72.76806651,2062613.4123,5025716.77973,
4866,120,30,ACTIVA,1,LOTE 1B,0,4.56739563,-72.76884710,2062696.8043,5025630.20105,
4867,120,31,ACTIVA,1,LOTE 1B,0,4.56746344,-72.76890663,2062704.2943,5025623.59781,
4868,120,32,ACTIVA,1,LOTE 1B,0,4.56752497,-72.76896917,2062711.0911,5025616.66100,
4869,120,33,ACTIVA,1,LOTE 1B,0,4.56759155,-72.76904684,2062718.4446,5025608.04628,
4870,120,34,ACTIVA,1,LOTE 1B,0,4.56765655,-72.76910402,2062725.6250,5025601.70438,
4871,120,35,ACTIVA,1,LOTE 1B,0,4.56771143,-72.76916406,2062731.6862,5025595.04520,
4872,120,36,ACTIVA,1,LOTE 1B,0,4.56778270,-72.76922924,2062739.5591,5025587.81563,
4873,120,37,ACTIVA,1,LOTE 1B,0,4.56783880,-72.76929626,2062745.7549,5025580.38277,
4874,120,38,ACTIVA,1,LOTE 1B,0,4.56790118,-72.76936341,2062752.6460,5025572.93457,
4875,120,39,ACTIVA,1,LOTE 1B,0,4.56797094,-72.76942666,2062760.3510,5025565.91845,
4876,120,40,ACTIVA,1,LOTE 1B,0,4.56803072,-72.76949078,2062766.9550,5025558.80661,
4877,120,41,ACTIVA,1,LOTE 1B,0,4.56809398,-72.76955317,2062773.9419,5025551.88680,
4878,120,42,ACTIVA,1,LOTE 1B,0,4.56815377,-72.76961946,2062780.5458,5025544.53477,
4879,120,43,ACTIVA,1,LOTE 1B,0,4.56822092,-72.76968575,2062787.9635,5025537.18248,
4880,120,44,ACTIVA,1,LOTE 1B,0,4.56827334,-72.76975333,2062793.7535,5025529.68659,
4881,120,47,ACTIVA,1,LOTE 1B,0,4.56846874,-72.76994223,2062815.3367,5025508.73483,
4882,120,48,ACTIVA,1,LOTE 1B,0,4.56853397,-72.77000597,2062822.5420,5025501.66484,
4883,120,49,ACTIVA,1,LOTE 1B,0,4.56859963,-72.77007163,2062829.7952,5025494.38167,
4884,120,50,ACTIVA,1,LOTE 1B,0,4.56866191,-72.77013797,2062836.6743,5025487.02355,
4885,120,51,ACTIVA,1,LOTE 1B,0,4.56872284,-72.77019822,2062843.4041,5025480.34103,
4886,120,52,ACTIVA,1,LOTE 1B,0,4.56878850,-72.77027133,2062850.6569,5025472.23220,
4887,120,53,ACTIVA,1,LOTE 1B,0,4.56885755,-72.77033158,2062858.2843,5025465.54939,
4888,121,1,ACTIVA,1,LOTE 1B,0,4.56559509,-72.76687965,2062497.9258,5025848.41777,
4889,121,2,ACTIVA,1,LOTE 1B,0,4.56566410,-72.76694323,2062505.5489,5025841.36448,
4890,121,3,ACTIVA,1,LOTE 1B,0,4.56572572,-72.76700781,2062512.3549,5025834.20214,
4891,121,4,ACTIVA,1,LOTE 1B,0,4.56578487,-72.76707041,2062518.8887,5025827.25852,
4892,121,5,ACTIVA,1,LOTE 1B,0,4.56585142,-72.76713745,2062526.2393,5025819.82272,
4893,121,6,ACTIVA,1,LOTE 1B,0,4.56591008,-72.76719907,2062532.7186,5025812.98844,
4894,121,7,ACTIVA,1,LOTE 1B,0,4.56597712,-72.76726414,2062540.1238,5025805.77125,
4895,121,8,ACTIVA,1,LOTE 1B,0,4.56604169,-72.76733709,2062547.2563,5025797.67963,
4896,121,9,ACTIVA,1,LOTE 1B,0,4.56610085,-72.76739920,2062553.7901,5025790.79068,
4897,121,10,ACTIVA,1,LOTE 1B,0,4.56615704,-72.76745934,2062559.9971,5025784.12046,
4898,121,11,ACTIVA,1,LOTE 1B,0,4.56622901,-72.76753180,2062567.9467,5025776.08324,
4899,121,36,ACTIVA,1,LOTE 1B,0,4.56780543,-72.76914520,2062742.0738,5025597.13344,
4900,121,37,ACTIVA,1,LOTE 1B,0,4.56786951,-72.76922160,2062749.1518,5025588.65928,
4901,121,38,ACTIVA,1,LOTE 1B,0,4.56793782,-72.76927613,2062756.6969,5025582.61039,
4902,121,39,ACTIVA,1,LOTE 1B,0,4.56799635,-72.76933852,2062763.1626,5025575.69075,
4903,121,40,ACTIVA,1,LOTE 1B,0,4.56806490,-72.76941015,2062770.7343,5025567.74593,
4904,121,41,ACTIVA,1,LOTE 1B,0,4.56812036,-72.76947254,2062776.8596,5025560.82640,
4905,121,42,ACTIVA,1,LOTE 1B,0,4.56818352,-72.76953262,2062783.8360,5025554.16280,
4906,121,43,ACTIVA,1,LOTE 1B,0,4.56825006,-72.76960296,2062791.1865,5025546.36071,
4907,121,47,ACTIVA,1,LOTE 1B,0,4.56850639,-72.76985996,2062819.5001,5025517.85551,
4908,121,48,ACTIVA,1,LOTE 1B,0,4.56856752,-72.76992453,2062826.2517,5025510.69324,
4909,121,49,ACTIVA,1,LOTE 1B,0,4.56863702,-72.76999059,2062833.9292,5025503.36671,
4910,121,50,ACTIVA,1,LOTE 1B,0,4.56869617,-72.77005319,2062840.4630,5025496.42314,
4911,121,51,ACTIVA,1,LOTE 1B,0,4.56875730,-72.77011579,2062847.2146,5025489.47951,
4912,122,1,ACTIVA,1,LOTE 1B,0,4.56562716,-72.76679218,2062501.4727,5025858.11492,
4913,122,2,ACTIVA,1,LOTE 1B,0,4.56569494,-72.76686304,2062508.9594,5025850.25547,
4914,122,3,ACTIVA,1,LOTE 1B,0,4.56575502,-72.76692620,2062515.5952,5025843.25033,
4915,122,4,ACTIVA,1,LOTE 1B,0,4.56581587,-72.76698627,2062522.3163,5025836.58677,
4916,122,5,ACTIVA,1,LOTE 1B,0,4.56588595,-72.76705251,2062530.0584,5025829.23966,
4917,122,6,ACTIVA,1,LOTE 1B,0,4.56594449,-72.76712106,2062536.5239,5025821.63676,
4918,122,7,ACTIVA,1,LOTE 1B,0,4.56600522,-72.76718231,2062543.2313,5025814.84339,
4919,122,8,ACTIVA,1,LOTE 1B,0,4.56607373,-72.76724738,2062550.7999,5025807.62615,
4920,122,9,ACTIVA,1,LOTE 1B,0,4.56613782,-72.76731491,2062557.8781,5025800.13579,
4921,122,10,ACTIVA,1,LOTE 1B,0,4.56619648,-72.76737456,2062564.3575,5025793.52014,
4922,122,11,ACTIVA,1,LOTE 1B,0,4.56626302,-72.76744455,2062571.7080,5025785.75640,
4923,122,37,ACTIVA,1,LOTE 1B,0,4.56790855,-72.76919603,2062753.4658,5025591.49325,
4924,122,38,ACTIVA,1,LOTE 1B,0,4.56797864,-72.76920373,2062761.2100,5025590.63674,
4925,122,39,ACTIVA,1,LOTE 1B,0,4.56803101,-72.76925765,2062766.9952,5025584.65674,
4926,122,40,ACTIVA,1,LOTE 1B,0,4.56810004,-72.76932466,2062774.6202,5025577.22431,
4927,122,41,ACTIVA,1,LOTE 1B,0,4.56815810,-72.76938859,2062781.0327,5025570.13388,
4928,122,42,ACTIVA,1,LOTE 1B,0,4.56822280,-72.76945020,2062788.1793,5025563.29943,
4929,122,43,ACTIVA,1,LOTE 1B,0,4.56828981,-72.76952106,2062795.5808,5025555.44007,
4930,122,44,ACTIVA,1,LOTE 1B,0,4.56835062,-72.76958342,2062802.2985,5025548.52376,
4931,122,48,ACTIVA,1,LOTE 1B,0,4.56859635,-72.76983531,2062829.4412,5025520.58519,
4932,122,49,ACTIVA,1,LOTE 1B,0,4.56866105,-72.76990386,2062836.5875,5025512.98213,
4933,122,50,ACTIVA,1,LOTE 1B,0,4.56872498,-72.76997164,2062843.6488,5025505.46449,
4934,122,51,ACTIVA,1,LOTE 1B,0,4.56879083,-72.77002989,2062850.9231,5025499.00364,
4935,123,1,ACTIVA,1,LOTE 1B,0,4.56572806,-72.76677600,2062512.6220,5025859.90476,
4936,123,2,ACTIVA,1,LOTE 1B,0,4.56579045,-72.76684224,2062519.5130,5025852.55792,
4937,123,3,ACTIVA,1,LOTE 1B,0,4.56584975,-72.76690155,2062526.0639,5025845.97981,
4938,123,4,ACTIVA,1,LOTE 1B,0,4.56591753,-72.76697472,2062533.5505,5025837.86417,
4939,123,5,ACTIVA,1,LOTE 1B,0,4.56597915,-72.76703557,2062540.3566,5025831.11518,
4940,123,6,ACTIVA,1,LOTE 1B,0,4.56604308,-72.76710181,2062547.4179,5025823.76829,
4941,123,7,ACTIVA,1,LOTE 1B,0,4.56609931,-72.76716265,2062553.6284,5025817.01950,
4942,123,8,ACTIVA,1,LOTE 1B,0,4.56617171,-72.76723043,2062561.6257,5025809.50150,
4943,123,9,ACTIVA,1,LOTE 1B,0,4.56622870,-72.76729128,2062567.9213,5025802.75268,
4944,123,10,ACTIVA,1,LOTE 1B,0,4.56628955,-72.76736137,2062574.6420,5025794.97890,
4945,123,11,ACTIVA,1,LOTE 1B,0,4.56635964,-72.76742684,2062582.3842,5025787.71720,
4946,123,39,ACTIVA,1,LOTE 1B,0,4.56813193,-72.76924303,2062778.1467,5025586.27397,
4947,123,40,ACTIVA,1,LOTE 1B,0,4.56819194,-72.76930248,2062784.7755,5025579.67992,
4948,123,41,ACTIVA,1,LOTE 1B,0,4.56825420,-72.76936305,2062791.6521,5025572.96143,
4949,123,42,ACTIVA,1,LOTE 1B,0,4.56831711,-72.76943022,2062798.6004,5025565.51158,
4950,123,43,ACTIVA,1,LOTE 1B,0,4.56838566,-72.76950022,2062806.1733,5025557.74810,
4951,124,1,ACTIVA,1,LOTE 1B,0,4.56575434,-72.76668646,2062515.5287,5025869.83204,
4952,124,2,ACTIVA,1,LOTE 1B,0,4.56583028,-72.76675666,2062523.9168,5025862.04613,
4953,124,3,ACTIVA,1,LOTE 1B,0,4.56588771,-72.76681792,2062530.2604,5025855.25147,
4954,124,4,ACTIVA,1,LOTE 1B,0,4.56594897,-72.76688173,2062537.0270,5025848.17366,
4955,124,5,ACTIVA,1,LOTE 1B,0,4.56601406,-72.76694874,2062544.2165,5025840.74193,
4956,124,6,ACTIVA,1,LOTE 1B,0,4.56607851,-72.76701319,2062551.3357,5025833.59324,
4957,124,7,ACTIVA,1,LOTE 1B,0,4.56613913,-72.76707700,2062558.0318,5025826.51545,
4958,124,8,ACTIVA,1,LOTE 1B,0,4.56620358,-72.76714783,2062565.1507,5025818.65921,
4959,124,9,ACTIVA,1,LOTE 1B,0,4.56626739,-72.76721292,2062572.1993,5025811.43980,
4960,124,10,ACTIVA,1,LOTE 1B,0,4.56632738,-72.76727227,2062578.8250,5025804.85733,
4961,124,11,ACTIVA,1,LOTE 1B,0,4.56639288,-72.76734037,2062586.0596,5025797.30389,
4962,124,12,ACTIVA,1,LOTE 1B,0,4.56645659,-72.76740735,2062593.0969,5025789.87504,
4963,125,1,ACTIVA,1,LOTE 1B,0,4.56578967,-72.76660227,2062519.4362,5025879.16617,
4964,125,2,ERRADICADA,0,LOTE 1B,0,4.56585771,-72.76667881,2062526.9515,5025870.67741,
4965,125,3,ACTIVA,1,LOTE 1B,0,4.56591898,-72.76673815,2062533.7182,5025864.09488,
4966,125,4,ACTIVA,1,LOTE 1B,0,4.56598087,-72.76680388,2062540.5553,5025856.80478,
4967,125,5,ACTIVA,1,LOTE 1B,0,4.56604692,-72.76687049,2062547.8506,5025849.41723,
4968,125,6,ACTIVA,1,LOTE 1B,0,4.56610375,-72.76693430,2062554.1280,5025842.33958,
4969,125,7,ACTIVA,1,LOTE 1B,0,4.56616657,-72.76699512,2062561.0666,5025835.59338,
4970,125,8,ACTIVA,1,LOTE 1B,0,4.56623337,-72.76706093,2062568.4457,5025828.29426,
4971,125,9,ACTIVA,1,LOTE 1B,0,4.56629719,-72.76712673,2062575.4943,5025820.99524,
4972,125,10,ACTIVA,1,LOTE 1B,0,4.56635901,-72.76718756,2062582.3227,5025814.24908,
4973,125,11,ACTIVA,1,LOTE 1B,0,4.56642880,-72.76725835,2062590.0321,5025806.39707,
4974,125,12,ACTIVA,1,LOTE 1B,0,4.56649361,-72.76731917,2062597.1910,5025799.65081,
4975,126,1,ACTIVA,1,LOTE 1B,0,4.56582070,-72.76651991,2062522.8676,5025888.29704,
4976,126,2,ACTIVA,1,LOTE 1B,0,4.56589281,-72.76659330,2062530.8325,5025880.15749,
4977,126,3,ERRADICADA,0,LOTE 1B,0,4.56595120,-72.76665711,2062537.2819,5025873.07977,
4978,126,4,ACTIVA,1,LOTE 1B,0,4.56601501,-72.76671394,2062544.3307,5025866.77576,
4979,126,5,ACTIVA,1,LOTE 1B,0,4.56608425,-72.76678474,2062551.9785,5025858.92376,
4980,126,6,ACTIVA,1,LOTE 1B,0,4.56614551,-72.76684727,2062558.7451,5025851.98746,
4981,126,7,ACTIVA,1,LOTE 1B,0,4.56620741,-72.76691109,2062565.5822,5025844.90962,
4982,126,8,ACTIVA,1,LOTE 1B,0,4.56626902,-72.76697427,2062572.3872,5025837.90186,
4983,126,9,ACTIVA,1,LOTE 1B,0,4.56633314,-72.76704164,2062579.4701,5025830.42872,
4984,126,10,ACTIVA,1,LOTE 1B,0,4.56639308,-72.76710438,2062586.0912,5025823.47096,
4985,126,11,ACTIVA,1,LOTE 1B,0,4.56645546,-72.76716949,2062592.9812,5025816.24932,
4986,126,12,ACTIVA,1,LOTE 1B,0,4.56652208,-72.76723848,2062600.3393,5025808.59679,
4987,127,1,ACTIVA,1,LOTE 1B,0,4.56586011,-72.76644036,2062527.2242,5025897.11656,
4988,127,2,ACTIVA,1,LOTE 1B,0,4.56592098,-72.76650263,2062533.9480,5025890.21028,
4989,127,3,ACTIVA,1,LOTE 1B,0,4.56598557,-72.76657047,2062541.0823,5025882.68559,
4990,127,4,ACTIVA,1,LOTE 1B,0,4.56604560,-72.76663361,2062547.7129,5025875.68273,
4991,127,5,ACTIVA,1,LOTE 1B,0,4.56611167,-72.76669677,2062555.0110,5025868.67645,
4992,127,6,ACTIVA,1,LOTE 1B,0,4.56617774,-72.76676792,2062562.3088,5025860.78460,
4993,127,7,ACTIVA,1,LOTE 1B,0,4.56624021,-72.76682975,2062569.2091,5025853.92658,
4994,127,8,ACTIVA,1,LOTE 1B,0,4.56629736,-72.76688923,2062575.5222,5025847.32958,
4995,127,9,ACTIVA,1,LOTE 1B,0,4.56636939,-72.76695986,2062583.4778,5025839.49549,
4996,127,10,ACTIVA,1,LOTE 1B,0,4.56642793,-72.76702259,2062589.9449,5025832.53778,
4997,127,11,ACTIVA,1,LOTE 1B,0,4.56648741,-72.76708254,2062596.5146,5025825.88917,
4998,127,12,ACTIVA,1,LOTE 1B,0,4.56655293,-72.76715595,2062603.7514,5025817.74619,
4999,127,13,ACTIVA,1,LOTE 1B,0,4.56662124,-72.76721636,2062611.2967,5025811.04575,
5000,128,1,ACTIVA,1,LOTE 1B,0,4.56589310,-72.76635486,2062530.8727,5025906.59563,
5001,128,2,ACTIVA,1,LOTE 1B,0,4.56595258,-72.76641713,2062537.4424,5025899.68940,
5002,128,3,ACTIVA,1,LOTE 1B,0,4.56602088,-72.76648822,2062544.9873,5025891.80391,
5003,128,4,ACTIVA,1,LOTE 1B,0,4.56608335,-72.76654793,2062551.8876,5025885.18095,
5004,128,5,ACTIVA,1,LOTE 1B,0,4.56614434,-72.76661182,2062558.6241,5025878.09434,
5005,128,6,ACTIVA,1,LOTE 1B,0,4.56621186,-72.76668080,2062566.0825,5025870.44396,
5006,128,7,ACTIVA,1,LOTE 1B,0,4.56627212,-72.76674324,2062572.7388,5025863.51839,
5007,128,8,ACTIVA,1,LOTE 1B,0,4.56633602,-72.76680931,2062579.7962,5025856.19016,
5008,128,9,ACTIVA,1,LOTE 1B,0,4.56640209,-72.76687683,2062587.0941,5025848.70085,
5009,128,10,ACTIVA,1,LOTE 1B,0,4.56646525,-72.76694435,2062594.0712,5025841.21164,
5010,128,11,ACTIVA,1,LOTE 1B,0,4.56652261,-72.76700099,2062600.4068,5025834.93021,
5011,128,12,ACTIVA,1,LOTE 1B,0,4.56658639,-72.76706674,2062607.4513,5025827.63742,
5012,128,13,ACTIVA,1,LOTE 1B,0,4.56665098,-72.76713272,2062614.5857,5025820.31883,
5013,128,14,ACTIVA,1,LOTE 1B,0,4.56670943,-72.76719417,2062621.0425,5025813.50334,
5014,129,1,ACTIVA,1,LOTE 1B,0,4.56585755,-72.76621032,2062526.9501,5025922.62381,
5015,129,2,ACTIVA,1,LOTE 1B,0,4.56592798,-72.76627566,2062534.7295,5025915.37585,
5016,129,3,ACTIVA,1,LOTE 1B,0,4.56598751,-72.76633375,2062541.3058,5025908.93332,
5017,129,4,ACTIVA,1,LOTE 1B,0,4.56605141,-72.76640417,2062548.3630,5025901.12206,
5018,129,5,ACTIVA,1,LOTE 1B,0,4.56611748,-72.76646879,2062555.6610,5025893.95476,
5019,129,6,ACTIVA,1,LOTE 1B,0,4.56617483,-72.76652978,2062561.9965,5025887.19030,
5020,129,7,ACTIVA,1,LOTE 1B,0,4.56624163,-72.76659512,2062569.3748,5025879.94247,
5021,129,8,ACTIVA,1,LOTE 1B,0,4.56630697,-72.76665684,2062576.5927,5025873.09722,
5022,129,9,ACTIVA,1,LOTE 1B,0,4.56636651,-72.76672000,2062583.1688,5025866.09116,
5023,129,10,ACTIVA,1,LOTE 1B,0,4.56642895,-72.76679188,2062590.0655,5025858.11895,
5024,129,11,ERRADICADA,0,LOTE 1B,0,4.56649230,-72.76686131,2062597.0625,5025850.41841,
5025,129,12,ACTIVA,1,LOTE 1B,0,4.56655810,-72.76691690,2062604.3308,5025844.25241,
5026,129,13,ACTIVA,1,LOTE 1B,0,4.56661822,-72.76697930,2062610.9721,5025837.33187,
5027,129,14,ACTIVA,1,LOTE 1B,0,4.56668670,-72.76704891,2062618.5357,5025829.61103,
5028,129,15,ACTIVA,1,LOTE 1B,0,4.56674986,-72.76711498,2062625.5128,5025822.28284,
5029,130,1,ACTIVA,1,LOTE 1B,0,4.56589458,-72.76612392,2062531.0447,5025932.20256,
5030,130,2,ACTIVA,1,LOTE 1B,0,4.56595992,-72.76618708,2062538.2626,5025925.19630,
5031,130,3,ACTIVA,1,LOTE 1B,0,4.56602527,-72.76625098,2062545.4804,5025918.10952,
5032,130,4,ACTIVA,1,LOTE 1B,0,4.56608843,-72.76631923,2062552.4574,5025910.53980,
5033,130,5,ACTIVA,1,LOTE 1B,0,4.56614797,-72.76638094,2062559.0336,5025903.69475,
5034,130,6,ACTIVA,1,LOTE 1B,0,4.56620968,-72.76644556,2062565.8503,5025896.52761,
5035,130,7,ACTIVA,1,LOTE 1B,0,4.56627180,-72.76650402,2062572.7121,5025890.04313,
5036,130,8,ACTIVA,1,LOTE 1B,0,4.56634151,-72.76657837,2062580.4110,5025881.79694,
5037,130,9,ACTIVA,1,LOTE 1B,0,4.56640424,-72.76664203,2062587.3400,5025874.73603,
5038,130,10,ACTIVA,1,LOTE 1B,0,4.56646743,-72.76670708,2062594.3204,5025867.52053,
5039,130,11,ACTIVA,1,LOTE 1B,0,4.56652633,-72.76677169,2062600.8262,5025860.35450,
5040,130,12,ACTIVA,1,LOTE 1B,0,4.56658873,-72.76684089,2062607.7180,5025852.67916,
5041,130,13,ACTIVA,1,LOTE 1B,0,4.56665098,-72.76689713,2062614.5941,5025846.44103,
5042,130,14,ACTIVA,1,LOTE 1B,0,4.56672010,-72.76696614,2062622.2290,5025838.78738,
5043,130,15,ACTIVA,1,LOTE 1B,0,4.56678326,-72.76702930,2062629.2062,5025831.78120,
5044,131,1,ACTIVA,1,LOTE 1B,0,4.56592144,-72.76603470,2062534.0162,5025942.09404,
5045,131,2,ACTIVA,1,LOTE 1B,0,4.56599440,-72.76610812,2062542.0744,5025933.95077,
5046,131,3,ACTIVA,1,LOTE 1B,0,4.56605434,-72.76616946,2062548.6955,5025927.14756,
5047,131,4,ACTIVA,1,LOTE 1B,0,4.56611800,-72.76623265,2062555.7273,5025920.13814,
5048,131,5,ACTIVA,1,LOTE 1B,0,4.56618398,-72.76630049,2062563.0156,5025912.61340,
5049,131,6,ACTIVA,1,LOTE 1B,0,4.56624625,-72.76636044,2062569.8934,5025905.96468,
5050,131,7,ACTIVA,1,LOTE 1B,0,4.56630526,-72.76642317,2062576.4118,5025899.00695,
5051,131,8,ACTIVA,1,LOTE 1B,0,4.56637695,-72.76649590,2062584.3304,5025890.93999,
5052,131,11,ACTIVA,1,LOTE 1B,0,4.56656780,-72.76669639,2062605.4109,5025868.70197,
5053,131,12,ACTIVA,1,LOTE 1B,0,4.56662960,-72.76675494,2062612.2375,5025862.20785,
5054,131,13,ACTIVA,1,LOTE 1B,0,4.56668443,-72.76681535,2062618.2938,5025855.50789,
5055,131,14,ACTIVA,1,LOTE 1B,0,4.56674577,-72.76687390,2062625.0690,5025849.01379,
5056,131,15,ACTIVA,1,LOTE 1B,0,4.56681826,-72.76694825,2062633.0759,5025840.76750,
5057,132,1,ERRADICADA,0,LOTE 1B,0,4.56591431,-72.76590930,2062533.2325,5025955.99855,
5058,132,2,ERRADICADA,0,LOTE 1B,0,4.56596815,-72.76596514,2062539.1797,5025949.80545,
5059,132,3,ACTIVA,1,LOTE 1B,0,4.56602498,-72.76602098,2062545.4574,5025943.61224,
5060,132,4,ACTIVA,1,LOTE 1B,0,4.56609279,-72.76608778,2062552.9466,5025936.20251,
5061,132,5,ACTIVA,1,LOTE 1B,0,4.56615161,-72.76615060,2062559.4444,5025929.23533,
5062,132,6,ACTIVA,1,LOTE 1B,0,4.56622141,-72.76622239,2062567.1538,5025921.27275,
5063,132,7,ACTIVA,1,LOTE 1B,0,4.56627924,-72.76627922,2062573.5416,5025914.96895,
5064,132,8,ACTIVA,1,LOTE 1B,0,4.56634183,-72.76634223,2062580.4548,5025907.97971,
5065,132,9,ACTIVA,1,LOTE 1B,0,4.56640145,-72.76640635,2062587.0408,5025900.86799,
5066,132,12,ACTIVA,1,LOTE 1B,0,4.56659432,-72.76660227,2062608.3440,5025879.13734,
5067,132,13,ACTIVA,1,LOTE 1B,0,4.56666311,-72.76666509,2062615.9435,5025872.16981,
5068,132,14,ACTIVA,1,LOTE 1B,0,4.56672094,-72.76672890,2062622.3311,5025865.09213,
5069,132,15,ACTIVA,1,LOTE 1B,0,4.56677854,-72.76679431,2062628.6922,5025857.83756,
5070,132,16,ACTIVA,1,LOTE 1B,0,4.56684937,-72.76686195,2062636.5163,5025850.33487,
5071,133,1,ACTIVA,1,LOTE 1B,0,4.56593525,-72.76580561,2062535.5498,5025967.49569,
5072,133,2,ERRADICADA,0,LOTE 1B,0,4.56600704,-72.76588637,2062543.4792,5025958.53802,
5073,133,3,ERRADICADA,0,LOTE 1B,0,4.56605689,-72.76594320,2062548.9857,5025952.23451,
5074,133,4,ACTIVA,1,LOTE 1B,0,4.56612170,-72.76600303,2062556.1446,5025945.59878,
5075,133,5,ACTIVA,1,LOTE 1B,0,4.56618252,-72.76606485,2062562.8628,5025938.74209,
5076,133,6,ACTIVA,1,LOTE 1B,0,4.56624634,-72.76612467,2062569.9116,5025932.10640,
5077,133,7,ACTIVA,1,LOTE 1B,0,4.56631513,-72.76619746,2062577.5107,5025924.03330,
5078,133,8,ACTIVA,1,LOTE 1B,0,4.56637613,-72.76625973,2062584.2483,5025917.12584,
5079,133,9,ACTIVA,1,LOTE 1B,0,4.56643617,-72.76631936,2062590.8797,5025910.51223,
5080,133,10,ACTIVA,1,LOTE 1B,0,4.56651052,-72.76640186,2062599.0924,5025901.36220,
5081,133,11,ACTIVA,1,LOTE 1B,0,4.56656668,-72.76645546,2062605.2953,5025895.41667,
5082,133,12,ACTIVA,1,LOTE 1B,0,4.56663049,-72.76651672,2062612.3441,5025888.62179,
5083,133,13,ACTIVA,1,LOTE 1B,0,4.56669111,-72.76658692,2062619.0399,5025880.83644,
5084,133,14,ACTIVA,1,LOTE 1B,0,4.56675173,-72.76665137,2062625.7360,5025873.68790,
5085,133,15,ACTIVA,1,LOTE 1B,0,4.56681312,-72.76671143,2062632.5168,5025867.02613,
5086,134,1,ERRADICADA,0,LOTE 1B,0,4.56596117,-72.76573083,2062538.4169,5025975.78650,
5087,134,2,ACTIVA,1,LOTE 1B,0,4.56602698,-72.76578666,2062545.6862,5025969.59297,
5088,134,3,ACTIVA,1,LOTE 1B,0,4.56609179,-72.76584748,2062552.8451,5025962.84668,
5089,134,4,ACTIVA,1,LOTE 1B,0,4.56616358,-72.76591828,2062560.7748,5025954.99459,
5090,134,5,ACTIVA,1,LOTE 1B,0,4.56621941,-72.76597810,2062566.9422,5025948.35919,
5091,134,6,ACTIVA,1,LOTE 1B,0,4.56627625,-72.76603892,2062573.2198,5025941.61319,
5092,134,7,ACTIVA,1,LOTE 1B,0,4.56634461,-72.76610960,2062580.7706,5025933.77449,
5093,134,8,ACTIVA,1,LOTE 1B,0,4.56640906,-72.76617405,2062587.8897,5025926.62580,
5094,134,9,ACTIVA,1,LOTE 1B,0,4.56646669,-72.76623535,2062594.2553,5025919.82672,
5095,134,10,ACTIVA,1,LOTE 1B,0,4.56653948,-72.76630415,2062602.2953,5025912.19570,
5096,134,11,ACTIVA,1,LOTE 1B,0,4.56659830,-72.76636397,2062608.7932,5025905.56020,
5097,134,12,ACTIVA,1,LOTE 1B,0,4.56665813,-72.76643177,2062615.4011,5025898.04021,
5098,134,13,ACTIVA,1,LOTE 1B,0,4.56672792,-72.76649758,2062623.1106,5025890.74098,
5099,134,14,ACTIVA,1,LOTE 1B,0,4.56678492,-72.76656203,2062629.4057,5025883.59257,
5100,134,15,ACTIVA,1,LOTE 1B,0,4.56685192,-72.76662776,2062636.8068,5025876.30228,
5101,135,1,ACTIVA,1,LOTE 1B,0,4.56599101,-72.76563284,2062541.7171,5025986.65058,
5102,135,2,ACTIVA,1,LOTE 1B,0,4.56605921,-72.76570349,2062549.2506,5025978.81400,
5103,135,3,ACTIVA,1,LOTE 1B,0,4.56612573,-72.76576373,2062556.5983,5025972.13222,
5104,135,4,ACTIVA,1,LOTE 1B,0,4.56619018,-72.76583520,2062563.7172,5025964.20520,
5105,135,5,ACTIVA,1,LOTE 1B,0,4.56625144,-72.76589582,2062570.4839,5025957.48116,
5106,135,6,ACTIVA,1,LOTE 1B,0,4.56631334,-72.76595581,2062577.3211,5025950.82786,
5107,135,7,ACTIVA,1,LOTE 1B,0,4.56638353,-72.76602600,2062585.0746,5025943.04215,
5108,135,8,ACTIVA,1,LOTE 1B,0,4.56644160,-72.76608981,2062591.4887,5025935.96445,
5109,135,9,ACTIVA,1,LOTE 1B,0,4.56650414,-72.76615490,2062598.3962,5025928.74507,
5110,135,10,ACTIVA,1,LOTE 1B,0,4.56656795,-72.76622063,2062605.4448,5025921.45490,
5111,135,11,ACTIVA,1,LOTE 1B,0,4.56663177,-72.76628763,2062612.4933,5025914.02321,
5112,135,12,ACTIVA,1,LOTE 1B,0,4.56669111,-72.76634762,2062619.0485,5025907.37000,
5113,135,13,ACTIVA,1,LOTE 1B,0,4.56675110,-72.76641207,2062625.6741,5025900.22148,
5114,135,14,ACTIVA,1,LOTE 1B,0,4.56682065,-72.76648290,2062633.3571,5025892.36505,
5115,135,15,ACTIVA,1,LOTE 1B,0,4.56687872,-72.76654735,2062639.7711,5025885.21660,
5116,136,1,ACTIVA,1,LOTE 1B,0,4.56602363,-72.76554230,2062545.3248,5025996.68830,
5117,136,2,ACTIVA,1,LOTE 1B,0,4.56609701,-72.76561887,2062553.4306,5025988.19491,
5118,136,3,ACTIVA,1,LOTE 1B,0,4.56616019,-72.76568460,2062560.4087,5025980.90475,
5119,136,4,ACTIVA,1,LOTE 1B,0,4.56622592,-72.76575288,2062567.6687,5025973.33147,
5120,136,5,ACTIVA,1,LOTE 1B,0,4.56628718,-72.76581095,2062574.4355,5025966.89045,
5121,136,6,ERRADICADA,0,LOTE 1B,0,4.56634971,-72.76587923,2062581.3429,5025959.31729,
5122,136,7,ACTIVA,1,LOTE 1B,0,4.56641033,-72.76594113,2062588.0391,5025952.45176,
5123,136,8,ACTIVA,1,LOTE 1B,0,4.56647606,-72.76600622,2062595.2992,5025945.23227,
5124,136,9,ACTIVA,1,LOTE 1B,0,4.56653732,-72.76607131,2062602.0657,5025938.01294,
5125,136,10,ACTIVA,1,LOTE 1B,0,4.56659220,-72.76613640,2062608.1272,5025930.79384,
5126,136,11,ACTIVA,1,LOTE 1B,0,4.56666240,-72.76620276,2062615.8808,5025923.43268,
5127,136,12,ACTIVA,1,LOTE 1B,0,4.56672621,-72.76626275,2062622.9296,5025916.77931,
5128,136,13,ACTIVA,1,LOTE 1B,0,4.56678619,-72.76632656,2062629.5552,5025909.70154,
5129,136,14,ACTIVA,1,LOTE 1B,0,4.56685703,-72.76639675,2062637.3792,5025901.91582,
5130,137,1,ACTIVA,1,LOTE 1B,0,4.56604596,-72.76545807,2062547.7957,5026006.02732,
5131,137,2,ACTIVA,1,LOTE 1B,0,4.56613083,-72.76553592,2062557.1706,5025997.39200,
5132,137,3,ACTIVA,1,LOTE 1B,0,4.56619273,-72.76560037,2062564.0077,5025990.24340,
5133,137,4,ACTIVA,1,LOTE 1B,0,4.56625335,-72.76566163,2062570.7039,5025983.44862,
5134,137,5,ACTIVA,1,LOTE 1B,0,4.56632112,-72.76572983,2062578.1886,5025975.88411,
5135,137,6,ACTIVA,1,LOTE 1B,0,4.56638493,-72.76579663,2062585.2371,5025968.47453,
5136,137,7,ACTIVA,1,LOTE 1B,0,4.56644276,-72.76585546,2062591.6249,5025961.94961,
5137,137,8,ACTIVA,1,LOTE 1B,0,4.56650956,-72.76592426,2062599.0039,5025954.31881,
5138,137,9,ACTIVA,1,LOTE 1B,0,4.56657338,-72.76599007,2062606.0525,5025947.01979,
5139,137,10,ACTIVA,1,LOTE 1B,0,4.56663121,-72.76605189,2062612.4401,5025940.16321,
5140,137,11,ACTIVA,1,LOTE 1B,0,4.56669901,-72.76611769,2062619.9294,5025932.86404,
5141,137,12,ACTIVA,1,LOTE 1B,0,4.56676083,-72.76618051,2062626.7577,5025925.89676,
5142,137,13,ACTIVA,1,LOTE 1B,0,4.56681866,-72.76624532,2062633.1453,5025918.70852,
5143,137,14,ACTIVA,1,LOTE 1B,0,4.56689543,-72.76631013,2062641.6261,5025911.51959,
5144,138,1,ACTIVA,1,LOTE 1B,0,4.56647351,-72.76577139,2062595.0256,5025971.27064,
5145,138,4,ERRADICADA,0,LOTE 1B,0,4.56667209,-72.76597212,2062616.9600,5025949.00626,
5146,138,5,ERRADICADA,0,LOTE 1B,0,4.56672992,-72.76603194,2062623.3478,5025942.37079,
5147,138,6,ERRADICADA,0,LOTE 1B,0,4.56679373,-72.76609775,2062630.3963,5025935.07177,
5148,138,7,ERRADICADA,0,LOTE 1B,0,4.56684857,-72.76615458,2062636.4537,5025928.76808,
5149,138,8,ACTIVA,1,LOTE 1B,0,4.56691338,-72.76622338,2062643.6123,5025921.13736,
5150,92,6,ACTIVA,1,LOTE 1B,0,4.56451086,-72.76919160,2062378.0422,5025592.10489,
5151,106,48,ACTIVA,1,LOTE 1B,0,4.56794580,-72.77105524,2062757.5159,5025385.34259,
5152,2,1,ACTIVA,1,TELARA├æA,0,4.56560248,-72.77847264,2062498.3361,5024562.97857,
5153,1,4,ACTIVA,1,TELARA├æA,0,4.56575622,-72.77829538,2062515.3295,5024582.62748,
5154,1,12,ACTIVA,1,TELARA├æA,0,4.56601906,-72.77761983,2062544.3946,5024657.52393,
5155,1,1,ACTIVA,1,TELARA├æA,0,4.56565640,-72.77854124,2062504.2923,5024555.36981,
5156,1,2,ACTIVA,1,TELARA├æA,0,4.56568780,-72.77846077,2062507.7645,5024564.29091,
5157,1,3,ACTIVA,1,TELARA├æA,0,4.56572680,-72.77837576,2062512.0763,5024573.71577,
5158,1,5,ACTIVA,1,TELARA├æA,0,4.56579156,-72.77821069,2062519.2373,5024592.01732,
5159,1,7,ACTIVA,1,TELARA├æA,0,4.56586368,-72.77804351,2062527.2117,5024610.55104,
5160,1,9,ACTIVA,1,TELARA├æA,0,4.56591645,-72.77787391,2062533.0482,5024629.35490,
5161,1,6,ACTIVA,1,TELARA├æA,0,4.56582390,-72.77813281,2062522.8136,5024600.65058,
5162,1,8,ACTIVA,1,TELARA├æA,0,4.56589149,-72.77795902,2062530.2876,5024619.91920,
5163,1,10,ACTIVA,1,TELARA├æA,0,4.56595153,-72.77778639,2062536.9272,5024639.05777,
5164,1,11,ACTIVA,1,TELARA├æA,0,4.56598746,-72.77770520,2062540.9011,5024648.05955,
5165,1,13,ACTIVA,1,TELARA├æA,0,4.56605200,-72.77753578,2062548.0371,5024666.84265,
5166,1,14,ACTIVA,1,TELARA├æA,0,4.56608696,-72.77745575,2062551.9028,5024675.71519,
5167,1,15,ACTIVA,1,TELARA├æA,0,4.56612409,-72.77737244,2062556.0087,5024684.95159,
5168,1,16,ACTIVA,1,TELARA├æA,0,4.56615286,-72.77729318,2062559.1909,5024693.73868,
5169,1,17,ACTIVA,1,TELARA├æA,0,4.56618467,-72.77720736,2062562.7079,5024703.25334,
5170,1,19,ACTIVA,1,TELARA├æA,0,4.56624705,-72.77703163,2062569.6066,5024722.73658,
5171,1,18,ACTIVA,1,TELARA├æA,0,4.56621527,-72.77711395,2062566.0928,5024713.60936,
5172,1,20,ACTIVA,1,TELARA├æA,0,4.56628171,-72.77694352,2062573.4397,5024732.50428,
5173,1,21,ACTIVA,1,TELARA├æA,0,4.56631204,-72.77686457,2062576.7937,5024741.25787,
5174,1,22,ACTIVA,1,TELARA├æA,0,4.56634439,-72.77678146,2062580.3707,5024750.47181,
5175,1,23,ACTIVA,1,TELARA├æA,0,4.56638501,-72.77669420,2062584.8620,5024760.14589,
5176,1,24,ACTIVA,1,TELARA├æA,0,4.56641363,-72.77661278,2062588.0267,5024769.17312,
5177,1,25,ACTIVA,1,TELARA├æA,0,4.56644925,-72.77652949,2062591.9660,5024778.40696,
5178,1,26,ACTIVA,1,TELARA├æA,0,4.56648553,-72.77644383,2062595.9778,5024787.90342,
5179,2,2,ACTIVA,1,TELARA├æA,0,4.56563663,-72.77839169,2062502.1127,5024571.95254,
5180,2,3,ACTIVA,1,TELARA├æA,0,4.56567114,-72.77830953,2062505.9285,5024581.06189,
5181,2,4,ACTIVA,1,TELARA├æA,0,4.56570017,-72.77822681,2062509.1392,5024590.23215,
5182,2,5,ACTIVA,1,TELARA├æA,0,4.56573304,-72.77814191,2062512.7736,5024599.64523,
5183,2,6,ACTIVA,1,TELARA├æA,0,4.56576433,-72.77804869,2062516.2342,5024609.98081,
5184,2,7,ACTIVA,1,TELARA├æA,0,4.56579172,-72.77796481,2062519.2633,5024619.28019,
5185,2,8,ACTIVA,1,TELARA├æA,0,4.56583366,-72.77788521,2062523.9000,5024628.10457,
5186,2,9,ACTIVA,1,TELARA├æA,0,4.56586447,-72.77780305,2062527.3073,5024637.21404,
5187,2,11,ACTIVA,1,TELARA├æA,0,4.56593037,-72.77763701,2062534.5949,5024655.62262,
5188,2,12,ACTIVA,1,TELARA├æA,0,4.56596717,-72.77755056,2062538.6644,5024665.20638,
5189,2,10,ACTIVA,1,TELARA├æA,0,4.56589870,-72.77771489,2062531.0931,5024646.98769,
5190,2,13,ACTIVA,1,TELARA├æA,0,4.56599970,-72.77746754,2062542.2609,5024674.41069,
5191,2,14,ACTIVA,1,TELARA├æA,0,4.56603137,-72.77738709,2062545.7627,5024683.33032,
5192,2,15,ACTIVA,1,TELARA├æA,0,4.56605875,-72.77729123,2062548.7922,5024693.95831,
5193,2,16,ACTIVA,1,TELARA├æA,0,4.56608785,-72.77721163,2062552.0104,5024702.78313,
5194,2,17,ACTIVA,1,TELARA├æA,0,4.56612808,-72.77712433,2062556.4581,5024712.46167,
5195,2,18,ACTIVA,1,TELARA├æA,0,4.56615804,-72.77704131,2062559.7709,5024721.66606,
5196,2,19,ACTIVA,1,TELARA├æA,0,4.56618799,-72.77696342,2062563.0836,5024730.30104,
5197,2,20,ACTIVA,1,TELARA├æA,0,4.56622137,-72.77687441,2062566.7749,5024740.16961,
5198,2,21,ACTIVA,1,TELARA├æA,0,4.56625561,-72.77679396,2062570.5604,5024749.08915,
5199,2,22,ACTIVA,1,TELARA├æA,0,4.56628728,-72.77670666,2062574.0625,5024758.76798,
5200,2,23,ACTIVA,1,TELARA├æA,0,4.56632151,-72.77662192,2062577.8482,5024768.16202,
5201,2,24,ACTIVA,1,TELARA├æA,0,4.56635403,-72.77653462,2062581.4449,5024777.84082,
5202,2,25,ACTIVA,1,TELARA├æA,0,4.56637886,-72.77644989,2062584.1904,5024787.23518,
5203,2,26,ACTIVA,1,TELARA├æA,0,4.56641737,-72.77636259,2062588.4490,5024796.91378,
5204,3,2,ACTIVA,1,TELARA├æA,0,4.56558055,-72.77832291,2062495.9183,5024579.58107,
5205,3,3,ACTIVA,1,TELARA├æA,0,4.56560775,-72.77823605,2062498.9271,5024589.21142,
5206,3,4,ACTIVA,1,TELARA├æA,0,4.56564498,-72.77815109,2062503.0433,5024598.62975,
5207,3,5,ACTIVA,1,TELARA├æA,0,4.56567396,-72.77806634,2062506.2488,5024608.02661,
5208,3,6,ACTIVA,1,TELARA├æA,0,4.56570700,-72.77798700,2062509.9015,5024616.82260,
5209,3,7,ACTIVA,1,TELARA├æA,0,4.56574173,-72.77789917,2062513.7427,5024626.55964,
5210,3,8,ACTIVA,1,TELARA├æA,0,4.56577319,-72.77781659,2062517.2217,5024635.71541,
5211,3,9,ACTIVA,1,TELARA├æA,0,4.56580662,-72.77773073,2062520.9180,5024645.23447,
5212,3,10,ERRADICADA,0,TELARA├æA,0,4.56583808,-72.77764880,2062524.3970,5024654.31756,
5213,3,11,ACTIVA,1,TELARA├æA,0,4.56587544,-72.77756098,2062528.5279,5024664.05451,
5214,3,12,ACTIVA,1,TELARA├æA,0,4.56590035,-72.77747512,2062531.2828,5024673.57386,
5215,3,13,ACTIVA,1,TELARA├æA,0,4.56593508,-72.77739122,2062535.1239,5024682.87486,
5216,3,14,ACTIVA,1,TELARA├æA,0,4.56596458,-72.77730864,2062538.3857,5024692.03069,
5217,3,15,ACTIVA,1,TELARA├æA,0,4.56600062,-72.77722606,2062542.3716,5024701.18629,
5218,3,16,ACTIVA,1,TELARA├æA,0,4.56603340,-72.77713954,2062545.9955,5024710.77804,
5219,3,17,ACTIVA,1,TELARA├æA,0,4.56606420,-72.77705827,2062549.4020,5024719.78848,
5220,3,18,ACTIVA,1,TELARA├æA,0,4.56609894,-72.77697372,2062553.2432,5024729.16214,
5221,3,19,ACTIVA,1,TELARA├æA,0,4.56613433,-72.77689179,2062557.1567,5024738.24509,
5222,3,20,ACTIVA,1,TELARA├æA,0,4.56616972,-72.77680856,2062561.0702,5024747.47338,
5223,3,21,ACTIVA,1,TELARA├æA,0,4.56619471,-72.77671731,2062563.8341,5024757.59049,
5224,3,22,ACTIVA,1,TELARA├æA,0,4.56623045,-72.77663277,2062567.7857,5024766.96229,
5225,3,23,ACTIVA,1,TELARA├æA,0,4.56626275,-72.77655030,2062571.3577,5024776.10559,
5226,3,24,ACTIVA,1,TELARA├æA,0,4.56629574,-72.77646233,2062575.0057,5024785.85850,
5227,3,25,ACTIVA,1,TELARA├æA,0,4.56632529,-72.77638536,2062578.2737,5024794.39227,
5228,3,26,ACTIVA,1,TELARA├æA,0,4.56635896,-72.77629945,2062581.9976,5024803.91655,
5229,3,27,ACTIVA,1,TELARA├æA,0,4.56639195,-72.77621492,2062585.6455,5024813.28844,
5230,3,28,ACTIVA,1,TELARA├æA,0,4.56642906,-72.77613314,2062589.7489,5024822.35537,
5231,3,1,ACTIVA,1,TELARA├æA,0,4.56554762,-72.77840595,2062492.2768,5024570.37427,
5232,4,1,ACTIVA,1,TELARA├æA,0,4.56548202,-72.77833511,2062485.0314,5024578.23181,
5233,4,2,ACTIVA,1,TELARA├æA,0,4.56552188,-72.77824508,2062489.4389,5024588.21311,
5234,4,3,ACTIVA,1,TELARA├æA,0,4.56554759,-72.77816917,2062492.2813,5024596.62864,
5235,4,4,ACTIVA,1,TELARA├æA,0,4.56558559,-72.77807797,2062496.4834,5024606.74035,
5236,4,5,ERRADICADA,0,TELARA├æA,0,4.56562359,-72.77800513,2062500.6850,5024614.81541,
5237,4,6,ACTIVA,1,TELARA├æA,0,4.56565399,-72.77791836,2062504.0472,5024624.43576,
5238,4,7,ACTIVA,1,TELARA├æA,0,4.56568123,-72.77783665,2062507.0593,5024633.49440,
5239,4,8,ACTIVA,1,TELARA├æA,0,4.56571416,-72.77775114,2062510.7014,5024642.97421,
5240,4,9,ACTIVA,1,TELARA├æA,0,4.56574266,-72.77765740,2062513.8539,5024653.36715,
5241,4,10,ACTIVA,1,TELARA├æA,0,4.56577370,-72.77757507,2062517.2859,5024662.49588,
5242,4,11,ACTIVA,1,TELARA├æA,0,4.56580980,-72.77749336,2062521.2778,5024671.55421,
5243,4,12,ACTIVA,1,TELARA├æA,0,4.56584591,-72.77740342,2062525.2700,5024681.52551,
5244,4,13,ACTIVA,1,TELARA├æA,0,4.56587567,-72.77732488,2062528.5619,5024690.23290,
5245,4,14,ACTIVA,1,TELARA├æA,0,4.56590924,-72.77724191,2062532.2739,5024699.43177,
5246,4,15,ACTIVA,1,TELARA├æA,0,4.56594408,-72.77715767,2062536.1259,5024708.77106,
5247,4,16,ACTIVA,1,TELARA├æA,0,4.56598081,-72.77707153,2062540.1880,5024718.32096,
5248,4,17,ACTIVA,1,TELARA├æA,0,4.56601375,-72.77699046,2062543.8299,5024727.30916,
5249,4,18,ACTIVA,1,TELARA├æA,0,4.56604225,-72.77690432,2062546.9822,5024736.85935,
5250,4,19,ACTIVA,1,TELARA├æA,0,4.56606695,-72.77681565,2062549.7146,5024746.69058,
5251,4,20,ACTIVA,1,TELARA├æA,0,4.56610230,-72.77672705,2062553.6227,5024756.51301,
5252,4,21,ACTIVA,1,TELARA├æA,0,4.56613310,-72.77664355,2062557.0296,5024765.77096,
5253,4,22,ACTIVA,1,TELARA├æA,0,4.56617146,-72.77656230,2062561.2707,5024774.77864,
5254,4,23,ACTIVA,1,TELARA├æA,0,4.56619933,-72.77647996,2062564.3528,5024783.90747,
5255,4,24,ACTIVA,1,TELARA├æA,0,4.56623860,-72.77639382,2062568.6948,5024793.45728,
5256,4,25,ACTIVA,1,TELARA├æA,0,4.56626773,-72.77631085,2062571.9169,5024802.65629,
5257,4,26,ACTIVA,1,TELARA├æA,0,4.56630194,-72.77622344,2062575.6991,5024812.34673,
5258,4,27,ACTIVA,1,TELARA├æA,0,4.56633439,-72.77613842,2062579.2877,5024821.77254,
5259,4,28,ACTIVA,1,TELARA├æA,0,4.56636610,-72.77605267,2062582.7942,5024831.28016,
5260,5,1,ACTIVA,1,TELARA├æA,0,4.56543287,-72.77826431,2062479.6022,5024586.08319,
5261,5,2,ACTIVA,1,TELARA├æA,0,4.56546674,-72.77818288,2062483.3474,5024595.11133,
5262,5,3,ACTIVA,1,TELARA├æA,0,4.56550205,-72.77810217,2062487.2519,5024604.05950,
5263,5,4,ACTIVA,1,TELARA├æA,0,4.56553736,-72.77802146,2062491.1563,5024613.00768,
5264,5,5,ACTIVA,1,TELARA├æA,0,4.56558276,-72.77793282,2062496.1758,5024622.83447,
5265,5,6,ACTIVA,1,TELARA├æA,0,4.56560366,-72.77784850,2062498.4878,5024632.18266,
5266,5,7,ACTIVA,1,TELARA├æA,0,4.56563681,-72.77775770,2062502.1538,5024642.24959,
5267,5,8,ACTIVA,1,TELARA├æA,0,4.56566707,-72.77767843,2062505.5008,5024651.03812,
5268,5,9,ACTIVA,1,TELARA├æA,0,4.56570022,-72.77758907,2062509.1666,5024660.94523,
5269,5,10,ACTIVA,1,TELARA├æA,0,4.56573017,-72.77750696,2062512.4789,5024670.04840,
5270,5,11,ACTIVA,1,TELARA├æA,0,4.56576463,-72.77742306,2062516.2889,5024679.35118,
5271,5,12,ACTIVA,1,TELARA├æA,0,4.56579625,-72.77734604,2062519.7852,5024687.88997,
5272,5,13,ACTIVA,1,TELARA├æA,0,4.56583314,-72.77725848,2062523.8641,5024697.59718,
5273,5,14,ACTIVA,1,TELARA├æA,0,4.56586881,-72.77717619,2062527.8084,5024706.72013,
5274,5,15,ACTIVA,1,TELARA├æA,0,4.56589637,-72.77709390,2062530.8569,5024715.84336,
5275,5,16,ACTIVA,1,TELARA├æA,0,4.56592718,-72.77700472,2062534.2640,5024725.73056,
5276,5,17,ACTIVA,1,TELARA├æA,0,4.56596001,-72.77691676,2062537.8950,5024735.48286,
5277,5,18,ACTIVA,1,TELARA├æA,0,4.56599163,-72.77683488,2062541.3914,5024744.56100,
5278,5,19,ACTIVA,1,TELARA├æA,0,4.56602586,-72.77674760,2062545.1767,5024754.23723,
5279,5,20,ACTIVA,1,TELARA├æA,0,4.56606093,-72.77666521,2062549.0546,5024763.37130,
5280,5,21,ACTIVA,1,TELARA├æA,0,4.56609099,-72.77658728,2062552.3788,5024772.01174,
5281,5,22,ACTIVA,1,TELARA├æA,0,4.56612829,-72.77649876,2062556.5030,5024781.82470,
5282,5,23,ERRADICADA,0,TELARA├æA,0,4.56615340,-72.77642609,2062559.2797,5024789.88230,
5283,5,24,ERRADICADA,0,TELARA├æA,0,4.56619258,-72.77634108,2062563.6123,5024799.30695,
5284,6,1,ACTIVA,1,TELARA├æA,0,4.56537834,-72.77819935,2062473.5802,5024593.28841,
5285,6,2,ACTIVA,1,TELARA├æA,0,4.56541155,-72.77810969,2062477.2525,5024603.22876,
5286,6,3,ACTIVA,1,TELARA├æA,0,4.56544210,-72.77803331,2062480.6307,5024611.69639,
5287,6,4,ACTIVA,1,TELARA├æA,0,4.56547465,-72.77794100,2062484.2297,5024621.93133,
5288,6,5,ACTIVA,1,TELARA├æA,0,4.56550785,-72.77786064,2062487.9016,5024630.84071,
5289,6,6,ACTIVA,1,TELARA├æA,0,4.56554106,-72.77777762,2062491.5736,5024640.04466,
5290,6,7,ACTIVA,1,TELARA├æA,0,4.56557759,-72.77768995,2062495.6127,5024649.76397,
5291,6,8,ACTIVA,1,TELARA├æA,0,4.56560349,-72.77761158,2062498.4774,5024658.45268,
5292,6,9,ACTIVA,1,TELARA├æA,0,4.56564799,-72.77752325,2062503.3971,5024668.24536,
5293,6,10,ERRADICADA,0,TELARA├æA,0,4.56567849,-72.77744576,2062506.7701,5024676.83626,
5294,6,11,ACTIVA,1,TELARA├æA,0,4.56571116,-72.77735979,2062510.3830,5024686.36820,
5295,6,12,ACTIVA,1,TELARA├æA,0,4.56574641,-72.77727381,2062514.2808,5024695.90005,
5296,6,13,ACTIVA,1,TELARA├æA,0,4.56577306,-72.77718354,2062517.2289,5024705.90885,
5297,6,14,ACTIVA,1,TELARA├æA,0,4.56580381,-72.77710324,2062520.6288,5024714.81167,
5298,6,15,ACTIVA,1,TELARA├æA,0,4.56583737,-72.77701465,2062524.3405,5024724.63339,
5299,6,16,ACTIVA,1,TELARA├æA,0,4.56586892,-72.77693315,2062527.8291,5024733.66880,
5300,6,17,ACTIVA,1,TELARA├æA,0,4.56590414,-72.77685000,2062531.7231,5024742.88711,
5301,6,18,ACTIVA,1,TELARA├æA,0,4.56593740,-72.77676392,2062535.4010,5024752.43089,
5302,6,19,ACTIVA,1,TELARA├æA,0,4.56596853,-72.77668378,2062538.8442,5024761.31545,
5303,6,20,ACTIVA,1,TELARA├æA,0,4.56600459,-72.77659964,2062542.8316,5024770.64394,
5304,6,21,ACTIVA,1,TELARA├æA,0,4.56603843,-72.77651690,2062546.5727,5024779.81700,
5305,6,22,ACTIVA,1,TELARA├æA,0,4.56607286,-72.77643238,2062550.3802,5024789.18720,
5306,6,23,ACTIVA,1,TELARA├æA,0,4.56609853,-72.77634285,2062553.2195,5024799.11303,
5307,6,24,ACTIVA,1,TELARA├æA,0,4.56613359,-72.77625896,2062557.0962,5024808.41378,
5308,6,25,ACTIVA,1,TELARA├æA,0,4.56616489,-72.77617758,2062560.5578,5024817.43699,
5309,6,26,ACTIVA,1,TELARA├æA,0,4.56620183,-72.77609181,2062564.6421,5024826.94593,
5310,6,27,ACTIVA,1,TELARA├æA,0,4.56623375,-72.77600729,2062568.1729,5024836.31620,
5311,6,28,ERRADICADA,0,TELARA├æA,0,4.56627097,-72.77592852,2062572.2873,5024845.04852,
5312,6,29,ACTIVA,1,TELARA├æA,0,4.56630325,-72.77584146,2062575.8571,5024854.70078,
5313,6,30,ACTIVA,1,TELARA├æA,0,4.56633357,-72.77575538,2062579.2108,5024864.24465,
5314,6,31,ACTIVA,1,TELARA├æA,0,4.56636683,-72.77566930,2062582.8887,5024873.78842,
5315,6,32,ACTIVA,1,TELARA├æA,0,4.56640029,-72.77558282,2062586.5882,5024883.37557,
5316,6,33,ACTIVA,1,TELARA├æA,0,4.56642783,-72.77549956,2062589.6348,5024892.60715,
5317,7,1,ACTIVA,1,TELARA├æA,0,4.56532018,-72.77812325,2062467.1556,5024601.72795,
5318,7,2,ACTIVA,1,TELARA├æA,0,4.56535237,-72.77804309,2062470.7151,5024610.61548,
5319,7,3,ACTIVA,1,TELARA├æA,0,4.56538425,-72.77796076,2062474.2404,5024619.74326,
5320,7,5,ACTIVA,1,TELARA├æA,0,4.56545377,-72.77778956,2062481.9283,5024638.72360,
5321,7,7,ACTIVA,1,TELARA├æA,0,4.56552341,-72.77762513,2062489.6287,5024656.95320,
5322,7,4,ACTIVA,1,TELARA├æA,0,4.56542232,-72.77787564,2062478.4498,5024629.17969,
5323,7,8,ACTIVA,1,TELARA├æA,0,4.56555243,-72.77754437,2062492.8377,5024665.90732,
5324,7,9,ACTIVA,1,TELARA├æA,0,4.56558622,-72.77746149,2062496.5745,5024675.09603,
5325,7,10,ACTIVA,1,TELARA├æA,0,4.56561744,-72.77737050,2062500.0267,5024685.18373,
5326,7,12,ACTIVA,1,TELARA├æA,0,4.56567987,-72.77720380,2062506.9305,5024703.66539,
5327,7,14,ACTIVA,1,TELARA├æA,0,4.56574628,-72.77703643,2062514.2746,5024722.22055,
5328,7,16,ACTIVA,1,TELARA├æA,0,4.56581269,-72.77687173,2062521.6186,5024740.48114,
5329,7,17,ACTIVA,1,TELARA├æA,0,4.56584723,-72.77678539,2062525.4375,5024750.05324,
5330,7,13,ACTIVA,1,TELARA├æA,0,4.56571573,-72.77711879,2062510.8961,5024713.09016,
5331,7,15,ACTIVA,1,TELARA├æA,0,4.56578015,-72.77695076,2062518.0201,5024731.71903,
5332,7,18,ACTIVA,1,TELARA├æA,0,4.56588309,-72.77669706,2062529.4032,5024759.84621,
5333,7,19,ACTIVA,1,TELARA├æA,0,4.56591431,-72.77661736,2062532.8550,5024768.68201,
5334,7,20,ACTIVA,1,TELARA├æA,0,4.56594486,-72.77652571,2062536.2338,5024778.84336,
5335,7,21,ACTIVA,1,TELARA├æA,0,4.56597674,-72.77644070,2062539.7592,5024788.26826,
5336,7,23,ACTIVA,1,TELARA├æA,0,4.56603850,-72.77627201,2062546.5896,5024806.97085,
5337,7,22,ACTIVA,1,TELARA├æA,0,4.56601194,-72.77635834,2062543.6513,5024797.39848,
5338,7,24,ACTIVA,1,TELARA├æA,0,4.56607328,-72.77619315,2062550.4350,5024815.71339,
5339,7,25,ACTIVA,1,TELARA├æA,0,4.56610471,-72.77610900,2062553.9113,5024825.04278,
5340,7,26,ACTIVA,1,TELARA├æA,0,4.56613808,-72.77602340,2062557.6013,5024834.53298,
5341,7,28,ACTIVA,1,TELARA├æA,0,4.56620755,-72.77585731,2062565.2827,5024852.94702,
5342,7,27,ACTIVA,1,TELARA├æA,0,4.56617629,-72.77594022,2062561.8257,5024843.75489,
5343,7,29,ACTIVA,1,TELARA├æA,0,4.56623448,-72.77576724,2062568.2611,5024862.93292,
5344,7,30,ACTIVA,1,TELARA├æA,0,4.56626769,-72.77568439,2062571.9340,5024872.11854,
5345,7,31,ACTIVA,1,TELARA├æA,0,4.56630058,-72.77560217,2062575.5705,5024881.23338,
5346,7,32,ACTIVA,1,TELARA├æA,0,4.56633600,-72.77551158,2062579.4873,5024891.27690,
5347,7,11,ACTIVA,1,TELARA├æA,0,4.56564931,-72.77728549,2062503.5520,5024694.60864,
5348,7,6,ACTIVA,1,TELARA├æA,0,4.56548859,-72.77771218,2062485.7783,5024647.30216,
5349,8,1,ACTIVA,1,TELARA├æA,0,4.56526108,-72.77805802,2062460.6284,5024608.96310,
5350,8,2,ACTIVA,1,TELARA├æA,0,4.56529934,-72.77797290,2062464.8582,5024618.39958,
5351,8,3,ACTIVA,1,TELARA├æA,0,4.56532899,-72.77789066,2062468.1369,5024627.51822,
5352,8,4,ACTIVA,1,TELARA├æA,0,4.56536437,-72.77781032,2062472.0495,5024636.42459,
5353,8,5,ACTIVA,1,TELARA├æA,0,4.56539689,-72.77772329,2062475.6454,5024646.07335,
5354,8,6,ACTIVA,1,TELARA├æA,0,4.56543227,-72.77764583,2062479.5579,5024654.66158,
5355,8,7,ACTIVA,1,TELARA├æA,0,4.56546383,-72.77755497,2062483.0482,5024664.73454,
5356,8,8,ACTIVA,1,TELARA├æA,0,4.56549444,-72.77746985,2062486.4326,5024674.17128,
5357,8,9,ACTIVA,1,TELARA├æA,0,4.56552695,-72.77738474,2062490.0284,5024683.60795,
5358,8,10,ACTIVA,1,TELARA├æA,0,4.56555947,-72.77730153,2062493.6241,5024692.83254,
5359,8,11,ACTIVA,1,TELARA├æA,0,4.56559199,-72.77721642,2062497.2199,5024702.26921,
5360,8,12,ACTIVA,1,TELARA├æA,0,4.56562833,-72.77713608,2062501.2382,5024711.17553,
5361,8,13,ACTIVA,1,TELARA├æA,0,4.56565928,-72.77705410,2062504.6606,5024720.26443,
5362,8,14,ACTIVA,1,TELARA├æA,0,4.56569355,-72.77696964,2062508.4508,5024729.62893,
5363,8,15,ACTIVA,1,TELARA├æA,0,4.56572783,-72.77688395,2062512.2410,5024739.12916,
5364,8,16,ACTIVA,1,TELARA├æA,0,4.56575843,-72.77680070,2062515.6254,5024748.35805,
5365,8,17,ACTIVA,1,TELARA├æA,0,4.56578720,-72.77671257,2062518.8071,5024758.12994,
5366,8,18,ACTIVA,1,TELARA├æA,0,4.56581362,-72.77662975,2062521.7296,5024767.31204,
5367,8,19,ACTIVA,1,TELARA├æA,0,4.56585182,-72.77654421,2062525.9529,5024776.79491,
5368,8,20,ACTIVA,1,TELARA├æA,0,4.56588625,-72.77645814,2062529.7600,5024786.33755,
5369,8,21,ACTIVA,1,TELARA├æA,0,4.56591960,-72.77637906,2062533.4481,5024795.10479,
5370,8,22,ACTIVA,1,TELARA├æA,0,4.56595246,-72.77629207,2062537.0817,5024804.74901,
5371,8,23,ACTIVA,1,TELARA├æA,0,4.56598368,-72.77620822,2062540.5338,5024814.04574,
5372,8,24,ACTIVA,1,TELARA├æA,0,4.56601734,-72.77612436,2062544.2563,5024823.34238,
5373,8,25,ACTIVA,1,TELARA├æA,0,4.56605255,-72.77604204,2062548.1493,5024832.46939,
5374,8,26,ACTIVA,1,TELARA├æA,0,4.56607929,-72.77595022,2062551.1073,5024842.64885,
5375,8,27,ACTIVA,1,TELARA├æA,0,4.56611361,-72.77585440,2062554.9026,5024853.27283,
5376,8,28,ACTIVA,1,TELARA├æA,0,4.56614503,-72.77578225,2062558.3770,5024861.27151,
5377,8,29,ACTIVA,1,TELARA├æA,0,4.56618194,-72.77570008,2062562.4581,5024870.38193,
5378,8,30,ACTIVA,1,TELARA├æA,0,4.56621676,-72.77561651,2062566.3084,5024879.64686,
5379,8,31,ACTIVA,1,TELARA├æA,0,4.56624562,-72.77553269,2062569.5009,5024888.93983,
5380,9,5,ACTIVA,1,TELARA├æA,0,4.56534039,-72.77765026,2062469.4047,5024654.17260,
5381,9,1,ACTIVA,1,TELARA├æA,0,4.56520512,-72.77799241,2062454.4467,5024616.23944,
5382,9,2,ACTIVA,1,TELARA├æA,0,4.56523939,-72.77790917,2062458.2369,5024625.46821,
5383,9,3,ACTIVA,1,TELARA├æA,0,4.56527734,-72.77782226,2062462.4329,5024635.10406,
5384,9,4,ACTIVA,1,TELARA├æA,0,4.56530427,-72.77773779,2062465.4116,5024644.46882,
5385,9,6,ACTIVA,1,TELARA├æA,0,4.56537099,-72.77756763,2062472.7891,5024663.33363,
5386,9,7,ACTIVA,1,TELARA├æA,0,4.56540404,-72.77748929,2062476.4438,5024672.01950,
5387,9,8,ACTIVA,1,TELARA├æA,0,4.56543766,-72.77740078,2062480.1611,5024681.83195,
5388,9,10,ACTIVA,1,TELARA├æA,0,4.56550112,-72.77723508,2062487.1787,5024700.20279,
5389,9,11,ACTIVA,1,TELARA├æA,0,4.56553747,-72.77715142,2062491.1988,5024709.47763,
5390,9,9,ACTIVA,1,TELARA├æA,0,4.56547095,-72.77731734,2062483.8431,5024691.08247,
5391,9,12,ACTIVA,1,TELARA├æA,0,4.56557420,-72.77707369,2062495.2593,5024718.09551,
5392,9,13,ACTIVA,1,TELARA├æA,0,4.56560480,-72.77698433,2062498.6439,5024728.00307,
5393,9,15,ACTIVA,1,TELARA├æA,0,4.56566478,-72.77680805,2062505.2777,5024747.54677,
5394,9,16,ACTIVA,1,TELARA├æA,0,4.56569478,-72.77672726,2062508.5944,5024756.50421,
5395,9,14,ACTIVA,1,TELARA├æA,0,4.56562439,-72.77689252,2062500.8112,5024738.18248,
5396,9,17,ACTIVA,1,TELARA├æA,0,4.56573028,-72.77664095,2062512.5199,5024766.07227,
5397,9,18,ACTIVA,1,TELARA├æA,0,4.56576516,-72.77655526,2062516.3778,5024775.57247,
5398,9,20,ACTIVA,1,TELARA├æA,0,4.56582943,-72.77638756,2062523.4847,5024794.16588,
5399,9,21,ACTIVA,1,TELARA├æA,0,4.56586371,-72.77630554,2062527.2749,5024803.25890,
5400,9,19,ACTIVA,1,TELARA├æA,0,4.56580005,-72.77647447,2062520.2355,5024784.52974,
5401,9,22,ACTIVA,1,TELARA├æA,0,4.56589309,-72.77622352,2062530.5240,5024812.35209,
5402,9,23,ACTIVA,1,TELARA├æA,0,4.56592186,-72.77613293,2062533.7057,5024822.39544,
5403,9,24,ACTIVA,1,TELARA├æA,0,4.56595368,-72.77605275,2062537.2252,5024831.28495,
5404,9,25,ACTIVA,1,TELARA├æA,0,4.56598857,-72.77596890,2062541.0831,5024840.58155,
5405,9,26,ACTIVA,1,TELARA├æA,0,4.56602530,-72.77588076,2062545.1439,5024850.35316,
5406,9,27,ACTIVA,1,TELARA├æA,0,4.56605774,-72.77580241,2062548.7310,5024859.03903,
5407,9,28,ACTIVA,1,TELARA├æA,0,4.56608895,-72.77571550,2062552.1832,5024868.67510,
5408,9,29,ACTIVA,1,TELARA├æA,0,4.56612200,-72.77563532,2062555.8380,5024877.56455,
5409,9,30,ACTIVA,1,TELARA├æA,0,4.56615934,-72.77555146,2062559.9663,5024886.86107,
5410,9,31,ACTIVA,1,TELARA├æA,0,4.56619606,-72.77546516,2062564.0272,5024896.42907,
5411,10,1,ACTIVA,1,TELARA├æA,0,4.56514709,-72.77790998,2062448.0381,5024625.38210,
5412,10,2,ACTIVA,1,TELARA├æA,0,4.56518201,-72.77782454,2062451.8988,5024634.85425,
5413,10,4,ACTIVA,1,TELARA├æA,0,4.56524916,-72.77766390,2062459.3240,5024652.66407,
5414,10,3,ACTIVA,1,TELARA├æA,0,4.56521569,-72.77774362,2062455.6232,5024643.82545,
5415,10,5,ACTIVA,1,TELARA├æA,0,4.56528140,-72.77758071,2062462.8899,5024661.88693,
5416,10,6,ACTIVA,1,TELARA├æA,0,4.56531739,-72.77749425,2062466.8691,5024671.47240,
5417,10,7,ACTIVA,1,TELARA├æA,0,4.56534631,-72.77741226,2062470.0678,5024680.56294,
5418,10,8,ACTIVA,1,TELARA├æA,0,4.56538204,-72.77733166,2062474.0181,5024689.49779,
5419,10,9,ACTIVA,1,TELARA├æA,0,4.56541341,-72.77724033,2062477.4876,5024699.62363,
5420,10,10,ACTIVA,1,TELARA├æA,0,4.56544982,-72.77716512,2062481.5136,5024707.96163,
5421,10,11,ERRADICADA,0,TELARA├æA,0,4.56547637,-72.77708515,2062484.4493,5024716.82825,
5422,10,12,ACTIVA,1,TELARA├æA,0,4.56551244,-72.77699156,2062488.4384,5024727.20391,
5423,10,13,ACTIVA,1,TELARA├æA,0,4.56554435,-72.77690622,2062491.9676,5024736.66571,
5424,10,14,ACTIVA,1,TELARA├æA,0,4.56557763,-72.77682273,2062495.6472,5024745.92201,
5425,10,18,ACTIVA,1,TELARA├æA,0,4.56570952,-72.77648816,2062510.2317,5024783.01436,
5426,10,19,ACTIVA,1,TELARA├æA,0,4.56574007,-72.77640490,2062513.6105,5024792.24560,
5427,10,20,ACTIVA,1,TELARA├æA,0,4.56577127,-72.77631132,2062517.0606,5024802.62142,
5428,10,21,ACTIVA,1,TELARA├æA,0,4.56580435,-72.77622907,2062520.7192,5024811.73937,
5429,10,22,ACTIVA,1,TELARA├æA,0,4.56583082,-72.77615439,2062523.6464,5024820.01901,
5430,10,23,ACTIVA,1,TELARA├æA,0,4.56586580,-72.77606459,2062527.5142,5024829.97542,
5431,10,24,ACTIVA,1,TELARA├æA,0,4.56590550,-72.77597856,2062531.9041,5024839.51241,
5432,10,25,ACTIVA,1,TELARA├æA,0,4.56593764,-72.77589821,2062535.4582,5024848.42076,
5433,10,26,ACTIVA,1,TELARA├æA,0,4.56596884,-72.77581124,2062538.9081,5024858.06285,
5434,10,27,ACTIVA,1,TELARA├æA,0,4.56600098,-72.77573467,2062542.4621,5024866.55193,
5435,10,28,ACTIVA,1,TELARA├æA,0,4.56603501,-72.77565527,2062546.2251,5024875.35539,
5436,10,29,ACTIVA,1,TELARA├æA,0,4.56607060,-72.77556676,2062550.1601,5024885.16833,
5437,10,30,ACTIVA,1,TELARA├æA,0,4.56609538,-72.77547589,2062552.9014,5024895.24244,
5438,10,31,ACTIVA,1,TELARA├æA,0,4.56613117,-72.77539054,2062556.8594,5024904.70556,
5439,10,32,ACTIVA,1,TELARA├æA,0,4.56616215,-72.77530793,2062560.2849,5024913.86354,
5440,10,15,ERRADICADA,0,TELARA├æA,0,4.56561053,-72.77674702,2062499.2852,5024754.31609,
5441,10,16,ERRADICADA,0,TELARA├æA,0,4.56564072,-72.77667183,2062502.6234,5024762.65213,
5442,10,17,ERRADICADA,0,TELARA├æA,0,4.56567273,-72.77658277,2062506.1629,5024772.52564,
5443,11,1,ACTIVA,1,TELARA├æA,0,4.56509519,-72.77784252,2062442.3061,5024632.86342,
5444,11,2,ACTIVA,1,TELARA├æA,0,4.56512779,-72.77775882,2062445.9111,5024642.14349,
5445,11,3,ACTIVA,1,TELARA├æA,0,4.56516334,-72.77768001,2062449.8415,5024650.88002,
5446,11,4,ACTIVA,1,TELARA├æA,0,4.56520120,-72.77759122,2062454.0278,5024660.72472,
5447,11,5,ACTIVA,1,TELARA├æA,0,4.56522874,-72.77750930,2062457.0730,5024669.80652,
5448,11,6,ACTIVA,1,TELARA├æA,0,4.56526384,-72.77742601,2062460.9548,5024679.04071,
5449,11,7,ACTIVA,1,TELARA├æA,0,4.56530101,-72.77734272,2062465.0649,5024688.27483,
5450,11,8,ACTIVA,1,TELARA├æA,0,4.56532924,-72.77725254,2062468.1864,5024698.27250,
5451,11,9,ACTIVA,1,TELARA├æA,0,4.56535470,-72.77717132,2062471.0034,5024707.27804,
5452,11,10,ACTIVA,1,TELARA├æA,0,4.56538843,-72.77709009,2062474.7330,5024716.28330,
5453,11,11,ACTIVA,1,TELARA├æA,0,4.56542629,-72.77700542,2062478.9192,5024725.67004,
5454,11,12,ACTIVA,1,TELARA├æA,0,4.56545727,-72.77692144,2062482.3447,5024734.98069,
5455,11,13,ACTIVA,1,TELARA├æA,0,4.56549031,-72.77683815,2062485.9984,5024744.21494,
5456,11,14,ACTIVA,1,TELARA├æA,0,4.56552266,-72.77675624,2062489.5760,5024753.29657,
5457,11,15,ACTIVA,1,TELARA├æA,0,4.56555777,-72.77666951,2062493.4580,5024762.91237,
5458,11,16,ACTIVA,1,TELARA├æA,0,4.56559425,-72.77658553,2062497.4921,5024772.22283,
5459,11,17,ACTIVA,1,TELARA├æA,0,4.56561835,-72.77649948,2062500.1571,5024781.76269,
5460,11,18,ERRADICADA,0,TELARA├æA,0,4.56564863,-72.77642032,2062503.5064,5024790.53908,
5461,11,19,ACTIVA,1,TELARA├æA,0,4.56568718,-72.77632189,2062507.7691,5024801.45230,
5462,11,20,ACTIVA,1,TELARA├æA,0,4.56571609,-72.77624548,2062510.9662,5024809.92344,
5463,11,21,ERRADICADA,0,TELARA├æA,0,4.56574638,-72.77616632,2062514.3156,5024818.69983,
5464,11,22,ACTIVA,1,TELARA├æA,0,4.56577942,-72.77607614,2062517.9695,5024828.69733,
5465,11,23,ACTIVA,1,TELARA├æA,0,4.56580971,-72.77599629,2062521.3189,5024837.55004,
5466,11,24,ERRADICADA,0,TELARA├æA,0,4.56584757,-72.77590887,2062525.5051,5024847.24207,
5467,11,25,ACTIVA,1,TELARA├æA,0,4.56588199,-72.77582764,2062529.3109,5024856.24729,
5468,12,1,ACTIVA,1,TELARA├æA,0,4.56504204,-72.77777654,2062436.4352,5024640.18126,
5469,12,2,ACTIVA,1,TELARA├æA,0,4.56507912,-72.77769125,2062440.5355,5024649.63690,
5470,12,3,ACTIVA,1,TELARA├æA,0,4.56511365,-72.77761171,2062444.3537,5024658.45548,
5471,12,4,ACTIVA,1,TELARA├æA,0,4.56514708,-72.77752187,2062448.0503,5024668.41544,
5472,12,5,ACTIVA,1,TELARA├æA,0,4.56516962,-72.77744020,2062450.5431,5024677.47077,
5473,12,6,ACTIVA,1,TELARA├æA,0,4.56520260,-72.77735239,2062454.1904,5024687.20527,
5474,12,7,ACTIVA,1,TELARA├æA,0,4.56523246,-72.77727039,2062457.4928,5024696.29742,
5475,12,8,ACTIVA,1,TELARA├æA,0,4.56526812,-72.77718303,2062461.4355,5024705.98240,
5476,12,9,ACTIVA,1,TELARA├æA,0,4.56530466,-72.77709924,2062465.4766,5024715.27200,
5477,12,10,ACTIVA,1,TELARA├æA,0,4.56533720,-72.77701678,2062469.0745,5024724.41347,
5478,12,11,ACTIVA,1,TELARA├æA,0,4.56536394,-72.77693923,2062472.0320,5024733.01153,
5479,12,12,ACTIVA,1,TELARA├æA,0,4.56539737,-72.77685188,2062475.7285,5024742.69659,
5480,12,13,ACTIVA,1,TELARA├æA,0,4.56543392,-72.77676541,2062479.7697,5024752.28270,
5481,12,14,ACTIVA,1,TELARA├æA,0,4.56546200,-72.77668117,2062482.8752,5024761.62200,
5482,12,15,ACTIVA,1,TELARA├æA,0,4.56549676,-72.77659426,2062486.7194,5024771.25759,
5483,12,16,ACTIVA,1,TELARA├æA,0,4.56552707,-72.77650869,2062490.0712,5024780.74508,
5484,12,17,ACTIVA,1,TELARA├æA,0,4.56556094,-72.77642712,2062493.8167,5024789.78766,
5485,12,18,ACTIVA,1,TELARA├æA,0,4.56559417,-72.77634495,2062497.4915,5024798.89822,
5486,12,19,ACTIVA,1,TELARA├æA,0,4.56563108,-72.77625790,2062501.5728,5024808.54917,
5487,12,20,ACTIVA,1,TELARA├æA,0,4.56566451,-72.77617433,2062505.2692,5024817.81416,
5488,12,21,ACTIVA,1,TELARA├æA,0,4.56569306,-72.77609076,2062508.4270,5024827.07931,
5489,12,22,ACTIVA,1,TELARA├æA,0,4.56572997,-72.77600789,2062512.5081,5024836.26696,
5490,12,23,ACTIVA,1,TELARA├æA,0,4.56575992,-72.77592432,2062515.8197,5024845.53206,
5491,12,24,ACTIVA,1,TELARA├æA,0,4.56578638,-72.77584145,2062518.7466,5024854.72006,
5492,12,25,ACTIVA,1,TELARA├æA,0,4.56582120,-72.77575509,2062522.5970,5024864.29387,
5493,12,26,ACTIVA,1,TELARA├æA,0,4.56585811,-72.77567013,2062526.6782,5024873.71316,
5494,12,27,ACTIVA,1,TELARA├æA,0,4.56588318,-72.77558772,2062529.4512,5024882.84974,
5495,12,28,ACTIVA,1,TELARA├æA,0,4.56592280,-72.77550354,2062533.8316,5024892.18314,
5496,12,29,ERRADICADA,0,TELARA├æA,0,4.56595015,-72.77542349,2062536.8567,5024901.05755,
5497,12,30,ACTIVA,1,TELARA├æA,0,4.56598678,-72.77533616,2062540.9065,5024910.74004,
5498,12,31,ACTIVA,1,TELARA├æA,0,4.56601917,-72.77525023,2062544.4893,5024920.26649,
5499,12,32,ACTIVA,1,TELARA├æA,0,4.56605969,-72.77516802,2062548.9684,5024929.38031,
5500,12,33,ACTIVA,1,TELARA├æA,0,4.56608403,-72.77507877,2062551.6611,5024939.27564,
5501,13,1,ACTIVA,1,TELARA├æA,0,4.56498778,-72.77770761,2062430.4417,5024647.82587,
5502,13,2,ACTIVA,1,TELARA├æA,0,4.56502203,-72.77762287,2062434.2299,5024657.22108,
5503,13,3,ACTIVA,1,TELARA├æA,0,4.56504998,-72.77753272,2062437.3210,5024667.21627,
5504,13,4,ACTIVA,1,TELARA├æA,0,4.56508334,-72.77744707,2062441.0096,5024676.71146,
5505,13,5,ACTIVA,1,TELARA├æA,0,4.56511399,-72.77737134,2062444.3990,5024685.10718,
5506,13,6,ACTIVA,1,TELARA├æA,0,4.56514915,-72.77728300,2062448.2869,5024694.90220,
5507,13,7,ACTIVA,1,TELARA├æA,0,4.56518328,-72.77720058,2062452.0613,5024704.03958,
5508,13,8,ACTIVA,1,TELARA├æA,0,4.56521615,-72.77711749,2062455.6955,5024713.25091,
5509,13,9,ACTIVA,1,TELARA├æA,0,4.56525185,-72.77703540,2062459.6433,5024722.35209,
5510,13,10,ACTIVA,1,TELARA├æA,0,4.56528358,-72.77694885,2062463.1526,5024731.94730,
5511,13,11,ACTIVA,1,TELARA├æA,0,4.56531128,-72.77686404,2062466.2156,5024741.35072,
5512,13,12,ERRADICADA,0,TELARA├æA,0,4.56534298,-72.77678445,2062469.7207,5024750.17423,
5513,13,13,ACTIVA,1,TELARA├æA,0,4.56537363,-72.77669430,2062473.1107,5024760.16932,
5514,13,14,ACTIVA,1,TELARA├æA,0,4.56540518,-72.77660956,2062476.6000,5024769.56461,
5515,13,15,ACTIVA,1,TELARA├æA,0,4.56544296,-72.77652388,2062480.7769,5024779.06320,
5516,13,16,ACTIVA,1,TELARA├æA,0,4.56547578,-72.77644387,2062484.4065,5024787.93332,
5517,13,17,ACTIVA,1,TELARA├æA,0,4.56551168,-72.77635771,2062488.3762,5024797.48573,
5518,13,18,ERRADICADA,0,TELARA├æA,0,4.56554500,-72.77628361,2062492.0600,5024805.70072,
5519,13,19,ACTIVA,1,TELARA├æA,0,4.56557782,-72.77618711,2062495.6901,5024816.39967,
5520,13,20,ACTIVA,1,TELARA├æA,0,4.56560802,-72.77610505,2062499.0295,5024825.49734,
5521,13,21,ACTIVA,1,TELARA├æA,0,4.56563362,-72.77601906,2062501.8614,5024835.03190,
5522,13,22,ACTIVA,1,TELARA├æA,0,4.56566776,-72.77593437,2062505.6362,5024844.42059,
5523,13,23,ACTIVA,1,TELARA├æA,0,4.56569861,-72.77585297,2062509.0482,5024853.44545,
5524,13,24,ACTIVA,1,TELARA├æA,0,4.56573669,-72.77576632,2062513.2582,5024863.05237,
5525,13,25,ACTIVA,1,TELARA├æA,0,4.56576623,-72.77568557,2062516.5251,5024872.00448,
5526,13,26,ACTIVA,1,TELARA├æA,0,4.56580168,-72.77559826,2062520.4450,5024881.68428,
5527,13,27,ACTIVA,1,TELARA├æA,0,4.56583056,-72.77551620,2062523.6395,5024890.78199,
5528,13,28,ACTIVA,1,TELARA├æA,0,4.56586667,-72.77543480,2062527.6317,5024899.80666,
5529,13,29,ACTIVA,1,TELARA├æA,0,4.56590474,-72.77534552,2062531.8419,5024909.70474,
5530,13,30,ACTIVA,1,TELARA├æA,0,4.56593100,-72.77526281,2062534.7462,5024918.87532,
5531,13,31,ACTIVA,1,TELARA├æA,0,4.56595857,-72.77517812,2062537.7956,5024928.26423,
5532,13,32,ACTIVA,1,TELARA├æA,0,4.56599927,-72.77508950,2062542.2959,5024938.08943,
5533,13,33,ACTIVA,1,TELARA├æA,0,4.56602283,-72.77500731,2062544.9013,5024947.20187,
5534,14,1,ACTIVA,1,TELARA├æA,0,4.56492527,-72.77763195,2062423.5378,5024656.21746,
5535,14,2,ACTIVA,1,TELARA├æA,0,4.56495820,-72.77754827,2062427.1795,5024665.49502,
5536,14,3,ACTIVA,1,TELARA├æA,0,4.56499114,-72.77746837,2062430.8211,5024674.35353,
5537,14,4,ACTIVA,1,TELARA├æA,0,4.56502623,-72.77737983,2062434.7016,5024684.16977,
5538,14,5,ACTIVA,1,TELARA├æA,0,4.56505808,-72.77729938,2062438.2239,5024693.08819,
5539,14,6,ACTIVA,1,TELARA├æA,0,4.56509263,-72.77721462,2062442.0447,5024702.48541,
5540,14,7,ACTIVA,1,TELARA├æA,0,4.56512665,-72.77713202,2062445.8057,5024711.64319,
5541,14,8,ACTIVA,1,TELARA├æA,0,4.56515755,-72.77704864,2062449.2237,5024720.88714,
5542,14,9,ACTIVA,1,TELARA├æA,0,4.56518792,-72.77696260,2062452.5822,5024730.42667,
5543,14,10,ACTIVA,1,TELARA├æA,0,4.56522504,-72.77687234,2062456.6864,5024740.43365,
5544,14,11,ACTIVA,1,TELARA├æA,0,4.56525119,-72.77679389,2062459.5786,5024749.13151,
5545,14,12,ACTIVA,1,TELARA├æA,0,4.56528999,-72.77670447,2062463.8693,5024759.04490,
5546,14,13,ACTIVA,1,TELARA├æA,0,4.56532289,-72.77662264,2062467.5072,5024768.11666,
5547,14,14,ACTIVA,1,TELARA├æA,0,4.56534989,-72.77653829,2062470.4928,5024777.46924,
5548,14,15,ACTIVA,1,TELARA├æA,0,4.56538616,-72.77645646,2062474.5036,5024786.54089,
5549,14,16,ACTIVA,1,TELARA├æA,0,4.56541737,-72.77637548,2062477.9551,5024795.51918,
5550,14,17,ACTIVA,1,TELARA├æA,0,4.56545533,-72.77628859,2062482.1525,5024805.15198,
5551,14,18,ACTIVA,1,TELARA├æA,0,4.56548317,-72.77620086,2062485.2314,5024814.87867,
5552,14,19,ACTIVA,1,TELARA├æA,0,4.56550932,-72.77611482,2062488.1238,5024824.41834,
5553,14,20,ACTIVA,1,TELARA├æA,0,4.56554559,-72.77603383,2062492.1346,5024833.39645,
5554,14,21,ACTIVA,1,TELARA├æA,0,4.56557512,-72.77594779,2062495.3998,5024842.93600,
5555,14,22,ACTIVA,1,TELARA├æA,0,4.56561477,-72.77586343,2062499.7835,5024852.28814,
5556,14,23,ACTIVA,1,TELARA├æA,0,4.56564682,-72.77578414,2062503.3282,5024861.07932,
5557,14,24,ACTIVA,1,TELARA├æA,0,4.56567550,-72.77569810,2062506.5003,5024870.61890,
5558,14,25,ACTIVA,1,TELARA├æA,0,4.56571262,-72.77561543,2062510.6043,5024879.78405,
5559,14,26,ACTIVA,1,TELARA├æA,0,4.56574636,-72.77553107,2062514.3355,5024889.13639,
5560,14,27,ACTIVA,1,TELARA├æA,0,4.56577083,-72.77544334,2062517.0416,5024898.86318,
5561,14,28,ACTIVA,1,TELARA├æA,0,4.56580541,-72.77536067,2062520.8660,5024908.02842,
5562,14,29,ACTIVA,1,TELARA├æA,0,4.56583831,-72.77527463,2062524.5042,5024917.56785,
5563,14,30,ACTIVA,1,TELARA├æA,0,4.56587121,-72.77518605,2062528.1424,5024927.38788,
5564,14,31,ACTIVA,1,TELARA├æA,0,4.56590664,-72.77510676,2062532.0599,5024936.17894,
5565,14,32,ACTIVA,1,TELARA├æA,0,4.56593863,-72.77502594,2062535.5971,5024945.13849,
5566,14,33,ACTIVA,1,TELARA├æA,0,4.56596562,-72.77494172,2062538.5827,5024954.47608,
5567,14,34,ACTIVA,1,TELARA├æA,0,4.56600611,-72.77485858,2062543.0596,5024963.69349,
5568,14,35,ACTIVA,1,TELARA├æA,0,4.56603581,-72.77477382,2062546.3435,5024973.09085,
5569,14,36,ACTIVA,1,TELARA├æA,0,4.56606860,-72.77469088,2062549.9703,5024982.28607,
5570,14,37,ACTIVA,1,TELARA├æA,0,4.56609728,-72.77459809,2062553.1426,5024992.57392,
5571,14,38,ACTIVA,1,TELARA├æA,0,4.56613018,-72.77451626,2062556.7806,5025001.64567,
5572,14,39,ACTIVA,1,TELARA├æA,0,4.56616393,-72.77443444,2062560.5118,5025010.71739,
5573,14,40,ACTIVA,1,TELARA├æA,0,4.56619767,-72.77435092,2062564.2430,5025019.97618,
5574,14,41,ACTIVA,1,TELARA├æA,0,4.56622635,-72.77426572,2062567.4151,5025029.42221,
5575,14,42,ACTIVA,1,TELARA├æA,0,4.56626009,-72.77418390,2062571.1463,5025038.49393,
5576,14,43,ACTIVA,1,TELARA├æA,0,4.56628709,-72.77409870,2062574.1319,5025047.94002,
5577,14,45,ACTIVA,1,TELARA├æA,0,4.56635488,-72.77392189,2062581.6283,5025067.54258,
5578,14,46,ACTIVA,1,TELARA├æA,0,4.56637971,-72.77384414,2062584.3751,5025076.16190,
5579,14,47,ACTIVA,1,TELARA├æA,0,4.56641534,-72.77375668,2062588.3153,5025085.85836,
5580,14,48,ACTIVA,1,TELARA├æA,0,4.56644450,-72.77367786,2062591.5393,5025094.59725,
5581,15,1,ACTIVA,1,TELARA├æA,0,4.56487305,-72.77756883,2062417.7704,5024663.21827,
5582,15,2,ACTIVA,1,TELARA├æA,0,4.56490790,-72.77748273,2062421.6238,5024672.76327,
5583,15,3,ACTIVA,1,TELARA├æA,0,4.56493933,-72.77740416,2062425.0994,5024681.47499,
5584,15,4,ACTIVA,1,TELARA├æA,0,4.56497760,-72.77731465,2062429.3304,5024691.39869,
5585,15,5,ACTIVA,1,TELARA├æA,0,4.56500903,-72.77723265,2062432.8062,5024700.48922,
5586,15,7,ACTIVA,1,TELARA├æA,0,4.56506837,-72.77705819,2062439.3692,5024719.83177,
5587,15,8,ACTIVA,1,TELARA├æA,0,4.56510270,-72.77697460,2062443.1654,5024729.09902,
5588,15,6,ACTIVA,1,TELARA├æA,0,4.56503454,-72.77714327,2062435.6279,5024710.39899,
5589,15,9,ACTIVA,1,TELARA├æA,0,4.56513554,-72.77689200,2062446.7967,5024738.25599,
5590,15,10,ACTIVA,1,TELARA├æA,0,4.56516191,-72.77680842,2062449.7134,5024747.52351,
5591,15,11,ACTIVA,1,TELARA├æA,0,4.56520122,-72.77672731,2062454.0593,5024756.51475,
5592,15,12,ACTIVA,1,TELARA├æA,0,4.56523356,-72.77664124,2062457.6358,5024766.05791,
5593,15,13,ACTIVA,1,TELARA├æA,0,4.56526938,-72.77655964,2062461.5969,5024775.10443,
5594,15,14,ACTIVA,1,TELARA├æA,0,4.56530123,-72.77648053,2062465.1181,5024783.87524,
5595,15,15,ACTIVA,1,TELARA├æA,0,4.56532859,-72.77638052,2062468.1453,5024794.96331,
5596,15,16,ACTIVA,1,TELARA├æA,0,4.56536143,-72.77630240,2062471.7764,5024803.62375,
5597,15,17,ACTIVA,1,TELARA├æA,0,4.56539128,-72.77621533,2062475.0780,5024813.27733,
5598,15,18,ACTIVA,1,TELARA├æA,0,4.56542512,-72.77613373,2062478.8192,5024822.32392,
5599,15,19,ACTIVA,1,TELARA├æA,0,4.56545696,-72.77604915,2062482.3407,5024831.70159,
5600,15,20,ACTIVA,1,TELARA├æA,0,4.56549316,-72.77596572,2062486.3433,5024840.95049,
5601,15,21,ACTIVA,1,TELARA├æA,0,4.56552984,-72.77588665,2062490.3993,5024849.71698,
5602,15,22,ACTIVA,1,TELARA├æA,0,4.56556001,-72.77579942,2062493.7351,5024859.38759,
5603,15,23,ACTIVA,1,TELARA├æA,0,4.56558935,-72.77572116,2062496.9804,5024868.06394,
5604,15,24,ACTIVA,1,TELARA├æA,0,4.56561788,-72.77562823,2062500.1362,5024878.36732,
5605,15,26,ACTIVA,1,TELARA├æA,0,4.56568392,-72.77546438,2062507.4379,5024896.53327,
5606,15,25,ACTIVA,1,TELARA├æA,0,4.56565375,-72.77554264,2062504.1024,5024887.85695,
5607,15,27,ACTIVA,1,TELARA├æA,0,4.56571978,-72.77537552,2062511.4042,5024906.38446,
5608,15,28,ACTIVA,1,TELARA├æA,0,4.56575158,-72.77529074,2062514.9200,5024915.78383,
5609,15,29,ACTIVA,1,TELARA├æA,0,4.56578092,-72.77520922,2062518.1655,5024924.82174,
5610,15,31,ACTIVA,1,TELARA├æA,0,4.56584663,-72.77504628,2062525.4310,5024942.88646,
5611,15,30,ACTIVA,1,TELARA├æA,0,4.56582250,-72.77512444,2062522.7622,5024934.22078,
5612,15,32,ACTIVA,1,TELARA├æA,0,4.56588210,-72.77495602,2062529.3542,5024952.89312,
5613,15,33,ACTIVA,1,TELARA├æA,0,4.56591341,-72.77487724,2062532.8157,5024961.62724,
5614,15,34,ACTIVA,1,TELARA├æA,0,4.56594315,-72.77478542,2062536.1048,5024971.80765,
5615,15,35,ACTIVA,1,TELARA├æA,0,4.56597862,-72.77469568,2062540.0279,5024981.75646,
5616,15,36,ACTIVA,1,TELARA├æA,0,4.56601410,-72.77461273,2062543.9508,5024990.95323,
5617,15,38,ACTIVA,1,TELARA├æA,0,4.56608036,-72.77444369,2062551.2779,5025009.69403,
5618,15,37,ACTIVA,1,TELARA├æA,0,4.56604593,-72.77452612,2062547.4703,5025000.55507,
5619,15,40,ACTIVA,1,TELARA├æA,0,4.56614297,-72.77427726,2062558.2013,5025028.14570,
5620,15,39,ACTIVA,1,TELARA├æA,0,4.56611010,-72.77436074,2062554.5667,5025018.89100,
5621,15,41,ACTIVA,1,TELARA├æA,0,4.56617114,-72.77419953,2062561.3170,5025036.76424,
5622,15,42,ACTIVA,1,TELARA├æA,0,4.56620870,-72.77411240,2062565.4706,5025046.42372,
5623,15,43,ACTIVA,1,TELARA├æA,0,4.56623270,-72.77401849,2062568.1257,5025056.83572,
5624,15,44,ACTIVA,1,TELARA├æA,0,4.56625827,-72.77393918,2062570.9531,5025065.62788,
5625,15,45,ACTIVA,1,TELARA├æA,0,4.56629061,-72.77386040,2062574.5300,5025074.36196,
5626,15,46,ACTIVA,1,TELARA├æA,0,4.56632547,-72.77376959,2062578.3847,5025084.43010,
5627,15,47,ACTIVA,1,TELARA├æA,0,4.56635808,-72.77368074,2062581.9908,5025094.28138,
5628,15,48,ACTIVA,1,TELARA├æA,0,4.56638987,-72.77359759,2062585.5065,5025103.49996,
5629,16,1,ACTIVA,1,TELARA├æA,0,4.56481820,-72.77749844,2062411.7117,5024671.02501,
5630,16,2,ACTIVA,1,TELARA├æA,0,4.56485235,-72.77740939,2062415.4878,5024680.89706,
5631,16,3,ACTIVA,1,TELARA├æA,0,4.56488606,-72.77732467,2062419.2161,5024690.28985,
5632,16,5,ACTIVA,1,TELARA├æA,0,4.56494877,-72.77716153,2062426.1500,5024708.37763,
5633,16,4,ACTIVA,1,TELARA├æA,0,4.56490892,-72.77724460,2062421.7442,5024699.16778,
5634,16,6,ACTIVA,1,TELARA├æA,0,4.56498186,-72.77707035,2062429.8098,5024718.48636,
5635,16,7,ACTIVA,1,TELARA├æA,0,4.56501225,-72.77698795,2062433.1709,5024727.62165,
5636,16,8,ACTIVA,1,TELARA├æA,0,4.56504940,-72.77690690,2062437.2781,5024736.60692,
5637,16,10,ACTIVA,1,TELARA├æA,0,4.56511086,-72.77673873,2062444.0749,5024755.25190,
5638,16,9,ACTIVA,1,TELARA├æA,0,4.56508182,-72.77682451,2062440.8630,5024745.74214,
5639,16,11,ACTIVA,1,TELARA├æA,0,4.56514868,-72.77665768,2062448.2568,5024764.23715,
5640,16,13,ACTIVA,1,TELARA├æA,0,4.56520271,-72.77648208,2062454.2329,5024783.70615,
5641,16,12,ACTIVA,1,TELARA├æA,0,4.56517097,-72.77656448,2062450.7226,5024774.57092,
5642,16,14,ACTIVA,1,TELARA├æA,0,4.56524053,-72.77639968,2062458.4148,5024792.84118,
5643,16,15,ACTIVA,1,TELARA├æA,0,4.56527836,-72.77631391,2062462.5969,5024802.35064,
5644,16,16,ACTIVA,1,TELARA├æA,0,4.56530875,-72.77623219,2062465.9579,5024811.41103,
5645,16,17,ACTIVA,1,TELARA├æA,0,4.56533589,-72.77614747,2062468.9599,5024820.80384,
5646,16,19,ACTIVA,1,TELARA├æA,0,4.56540449,-72.77598390,2062476.5448,5024838.93839,
5647,16,18,ACTIVA,1,TELARA├æA,0,4.56537283,-72.77606410,2062473.0439,5024830.04654,
5648,16,20,ACTIVA,1,TELARA├æA,0,4.56543761,-72.77589652,2062480.2082,5024848.62587,
5649,16,21,ACTIVA,1,TELARA├æA,0,4.56546960,-72.77581309,2062483.7454,5024857.87491,
5650,16,23,ACTIVA,1,TELARA├æA,0,4.56553230,-72.77563784,2062490.6798,5024877.30466,
5651,16,22,ACTIVA,1,TELARA├æA,0,4.56549651,-72.77572227,2062486.7216,5024867.94491,
5652,16,24,ACTIVA,1,TELARA├æA,0,4.56556383,-72.77556023,2062494.1660,5024885.90968,
5653,16,25,ACTIVA,1,TELARA├æA,0,4.56559625,-72.77547118,2062497.7512,5024895.78178,
5654,16,27,ACTIVA,1,TELARA├æA,0,4.56566401,-72.77530758,2062505.2434,5024913.92027,
5655,16,26,ACTIVA,1,TELARA├æA,0,4.56562753,-72.77539605,2062501.2105,5024904.11122,
5656,16,28,ACTIVA,1,TELARA├æA,0,4.56569710,-72.77522045,2062508.9031,5024923.57966,
5657,16,29,ACTIVA,1,TELARA├æA,0,4.56572682,-72.77513873,2062512.1895,5024932.64007,
5658,16,31,ACTIVA,1,TELARA├æA,0,4.56579233,-72.77496921,2062519.4341,5024951.43465,
5659,16,30,ACTIVA,1,TELARA├æA,0,4.56576396,-72.77505701,2062516.2968,5024941.70021,
5660,16,32,ACTIVA,1,TELARA├æA,0,4.56582070,-72.77488478,2062522.5713,5024960.79465,
5661,16,33,ACTIVA,1,TELARA├æA,0,4.56585582,-72.77479901,2062526.4549,5024970.30419,
5662,16,35,ACTIVA,1,TELARA├æA,0,4.56592346,-72.77463348,2062533.9352,5024988.65536,
5663,16,34,ACTIVA,1,TELARA├æA,0,4.56588802,-72.77471647,2062530.0160,5024979.45437,
5664,16,36,ACTIVA,1,TELARA├æA,0,4.56596237,-72.77453882,2062538.2370,5024999.15029,
5665,16,37,ERRADICADA,0,TELARA├æA,0,4.56599360,-72.77446064,2062541.6904,5025007.81822,
5666,16,38,ERRADICADA,0,TELARA├æA,0,4.56602804,-72.77438297,2062545.4991,5025016.42912,
5667,16,39,ACTIVA,1,TELARA├æA,0,4.56605236,-72.77428639,2062548.1890,5025027.13724,
5668,16,40,ACTIVA,1,TELARA├æA,0,4.56608342,-72.77419723,2062551.6249,5025037.02135,
5669,16,42,ACTIVA,1,TELARA├æA,0,4.56614691,-72.77402906,2062558.6457,5025055.66621,
5670,16,41,ACTIVA,1,TELARA├æA,0,4.56611449,-72.77410943,2062555.0608,5025046.75569,
5671,16,43,ACTIVA,1,TELARA├æA,0,4.56617865,-72.77394396,2062562.1561,5025065.10097,
5672,16,44,ACTIVA,1,TELARA├æA,0,4.56620702,-72.77386359,2062565.2932,5025074.01163,
5673,16,45,ERRADICADA,0,TELARA├æA,0,4.56624028,-72.77379626,2062568.9709,5025081.47586,
5674,16,46,ACTIVA,1,TELARA├æA,0,4.56627511,-72.77369812,2062572.8222,5025092.35678,
5675,16,47,ACTIVA,1,TELARA├æA,0,4.56630571,-72.77361581,2062576.2066,5025101.48266,
5676,16,48,ACTIVA,1,TELARA├æA,0,4.56634476,-72.77352400,2062580.5242,5025111.66136,
5677,17,1,ACTIVA,1,TELARA├æA,0,4.56475824,-72.77742080,2062405.0892,5024679.63604,
5678,17,2,ACTIVA,1,TELARA├æA,0,4.56479512,-72.77733719,2062409.1676,5024688.90517,
5679,17,4,ACTIVA,1,TELARA├æA,0,4.56486152,-72.77716850,2062416.5095,5024707.60728,
5680,17,5,ACTIVA,1,TELARA├æA,0,4.56489398,-72.77708637,2062420.0988,5024716.71296,
5681,17,3,ACTIVA,1,TELARA├æA,0,4.56482758,-72.77725112,2062412.7571,5024698.44711,
5682,17,6,ACTIVA,1,TELARA├æA,0,4.56492791,-72.77700276,2062423.8513,5024725.98219,
5683,17,8,ACTIVA,1,TELARA├æA,0,4.56499234,-72.77683555,2062430.9757,5024744.52077,
5684,17,7,ACTIVA,1,TELARA├æA,0,4.56496086,-72.77692211,2062427.4949,5024734.92427,
5685,17,9,ACTIVA,1,TELARA├æA,0,4.56501988,-72.77674801,2062434.0218,5024754.22647,
5686,17,10,ACTIVA,1,TELARA├æA,0,4.56505480,-72.77665997,2062437.8831,5024763.98645,
5687,17,11,ACTIVA,1,TELARA├æA,0,4.56508676,-72.77658227,2062441.4180,5024772.60136,
5688,17,12,ACTIVA,1,TELARA├æA,0,4.56512029,-72.77650163,2062445.1246,5024781.54123,
5689,17,14,ACTIVA,1,TELARA├æA,0,4.56518635,-72.77633558,2062452.4300,5024799.95080,
5690,17,13,ACTIVA,1,TELARA├æA,0,4.56515365,-72.77641350,2062448.8142,5024791.31216,
5691,17,15,ACTIVA,1,TELARA├æA,0,4.56522104,-72.77624493,2062456.2665,5024810.00089,
5692,17,16,ACTIVA,1,TELARA├æA,0,4.56525518,-72.77616324,2062460.0408,5024819.05828,
5693,17,17,ACTIVA,1,TELARA├æA,0,4.56528763,-72.77608322,2062463.6296,5024827.92959,
5694,17,18,ACTIVA,1,TELARA├æA,0,4.56531465,-72.77599189,2062466.6178,5024838.05467,
5695,17,19,ACTIVA,1,TELARA├æA,0,4.56534393,-72.77590595,2062469.8568,5024847.58377,
5696,17,20,ACTIVA,1,TELARA├æA,0,4.56537640,-72.77582191,2062473.4474,5024856.90097,
5697,17,21,ACTIVA,1,TELARA├æA,0,4.56541094,-72.77573988,2062477.2658,5024865.99503,
5698,17,22,ACTIVA,1,TELARA├æA,0,4.56544475,-72.77565635,2062481.0055,5024875.25571,
5699,17,23,ACTIVA,1,TELARA├æA,0,4.56548020,-72.77557241,2062484.9253,5024884.56152,
5700,17,24,ERRADICADA,0,TELARA├æA,0,4.56550791,-72.77548778,2062487.9899,5024893.94471,
5701,17,25,ACTIVA,1,TELARA├æA,0,4.56554144,-72.77540494,2062491.6972,5024903.12835,
5702,17,26,ACTIVA,1,TELARA├æA,0,4.56558018,-72.77532253,2062495.9802,5024912.26559,
5703,17,27,ACTIVA,1,TELARA├æA,0,4.56560985,-72.77524258,2062499.2613,5024921.12898,
5704,17,29,ACTIVA,1,TELARA├æA,0,4.56566856,-72.77506865,2062505.7550,5024940.41301,
5705,17,28,ACTIVA,1,TELARA├æA,0,4.56563955,-72.77515304,2062502.5465,5024931.05611,
5706,17,30,ERRADICADA,0,TELARA├æA,0,4.56570707,-72.77498689,2062510.0124,5024949.47714,
5707,17,33,ACTIVA,1,TELARA├æA,0,4.56581118,-72.77473344,2062521.5253,5024977.57602,
5708,17,32,ACTIVA,1,TELARA├æA,0,4.56577354,-72.77481871,2062517.3632,5024968.12260,
5709,17,31,ERRADICADA,0,TELARA├æA,0,4.56574340,-72.77490911,2062514.0302,5024958.09946,
5710,17,34,ACTIVA,1,TELARA├æA,0,4.56584306,-72.77465624,2062525.0505,5024986.13527,
5711,17,35,ACTIVA,1,TELARA├æA,0,4.56587494,-72.77456866,2062528.5761,5024995.84443,
5712,17,36,ACTIVA,1,TELARA├æA,0,4.56591287,-72.77446894,2062532.7705,5025006.90024,
5713,17,37,ACTIVA,1,TELARA├æA,0,4.56594108,-72.77438072,2062535.8903,5025016.68139,
5714,17,38,ACTIVA,1,TELARA├æA,0,4.56596989,-72.77429430,2062539.0763,5025026.26288,
5715,17,39,ACTIVA,1,TELARA├æA,0,4.56599749,-72.77421268,2062542.1296,5025035.31205,
5716,17,40,ACTIVA,1,TELARA├æA,0,4.56603050,-72.77412685,2062545.7798,5025044.82685,
5717,17,41,ACTIVA,1,TELARA├æA,0,4.56606351,-72.77403923,2062549.4300,5025054.54128,
5718,17,42,ACTIVA,1,TELARA├æA,0,4.56609472,-72.77396241,2062552.8809,5025063.05796,
5719,17,43,ERRADICADA,0,TELARA├æA,0,4.56612452,-72.77387579,2062556.1769,5025072.66130,
5720,17,44,ACTIVA,1,TELARA├æA,0,4.56615593,-72.77379112,2062559.6505,5025082.04868,
5721,17,45,ACTIVA,1,TELARA├æA,0,4.56619007,-72.77370713,2062563.4259,5025091.36025,
5722,17,46,ACTIVA,1,TELARA├æA,0,4.56621763,-72.77361714,2062566.4742,5025101.33833,
5723,17,47,ACTIVA,1,TELARA├æA,0,4.56624516,-72.77353192,2062569.5193,5025110.78641,
5724,17,48,ACTIVA,1,TELARA├æA,0,4.56628100,-72.77344670,2062573.4818,5025120.23420,
5725,18,1,ACTIVA,1,TELARA├æA,0,4.56470432,-72.77735216,2062399.1338,5024687.24824,
5726,18,2,ACTIVA,1,TELARA├æA,0,4.56473678,-72.77726751,2062402.7232,5024696.63296,
5727,18,3,ACTIVA,1,TELARA├æA,0,4.56477222,-72.77718428,2062406.6422,5024705.86101,
5728,18,4,ACTIVA,1,TELARA├æA,0,4.56480554,-72.77709975,2062410.3262,5024715.23247,
5729,18,5,ACTIVA,1,TELARA├æA,0,4.56483537,-72.77702069,2062413.6253,5024723.99759,
5730,18,6,ACTIVA,1,TELARA├æA,0,4.56486948,-72.77692924,2062417.3974,5024734.13648,
5731,18,7,ACTIVA,1,TELARA├æA,0,4.56489844,-72.77684682,2062420.5999,5024743.27432,
5732,18,8,ACTIVA,1,TELARA├æA,0,4.56492950,-72.77676020,2062424.0352,5024752.87714,
5733,18,9,ACTIVA,1,TELARA├æA,0,4.56496369,-72.77667785,2062427.8152,5024762.00736,
5734,18,10,ACTIVA,1,TELARA├æA,0,4.56499787,-72.77659006,2062431.5953,5024771.74060,
5735,18,11,ACTIVA,1,TELARA├æA,0,4.56503260,-72.77650795,2062435.4357,5024780.84362,
5736,18,12,ACTIVA,1,TELARA├æA,0,4.56507105,-72.77642918,2062439.6866,5024789.57635,
5737,18,13,ERRADICADA,0,TELARA├æA,0,4.56510000,-72.77634794,2062442.8881,5024798.58398,
5738,18,14,ERRADICADA,0,TELARA├æA,0,4.56513016,-72.77626329,2062446.2236,5024807.96844,
5739,18,15,ERRADICADA,0,TELARA├æA,0,4.56516456,-72.77617284,2062450.0275,5024817.99639,
5740,18,16,ACTIVA,1,TELARA├æA,0,4.56519449,-72.77608274,2062453.3382,5024827.98528,
5741,18,17,ERRADICADA,0,TELARA├æA,0,4.56522635,-72.77600368,2062456.8612,5024836.75075,
5742,18,18,ERRADICADA,0,TELARA├æA,0,4.56525956,-72.77592127,2062460.5332,5024845.88711,
5743,18,19,ERRADICADA,0,TELARA├æA,0,4.56529324,-72.77583767,2062464.2583,5024855.15553,
5744,18,20,ACTIVA,1,TELARA├æA,0,4.56532352,-72.77575926,2062467.6066,5024863.84866,
5745,18,21,ACTIVA,1,TELARA├æA,0,4.56535893,-72.77567404,2062471.5220,5024873.29684,
5746,18,22,ACTIVA,1,TELARA├æA,0,4.56539074,-72.77559482,2062475.0394,5024882.07970,
5747,18,23,ACTIVA,1,TELARA├æA,0,4.56542675,-72.77550600,2062479.0212,5024891.92714,
5748,18,24,ACTIVA,1,TELARA├æA,0,4.56545796,-72.77542438,2062482.4723,5024900.97619,
5749,18,25,ACTIVA,1,TELARA├æA,0,4.56547907,-72.77533548,2062484.8086,5024910.83240,
5750,18,26,ACTIVA,1,TELARA├æA,0,4.56551185,-72.77524764,2062488.4332,5024920.57105,
5751,18,27,ERRADICADA,0,TELARA├æA,0,4.56554851,-72.77516475,2062492.4865,5024929.76138,
5752,18,28,ERRADICADA,0,TELARA├æA,0,4.56558643,-72.77507899,2062496.6799,5024939.26938,
5753,18,29,ERRADICADA,0,TELARA├æA,0,4.56562082,-72.77500122,2062500.4821,5024947.89031,
5754,18,30,ACTIVA,1,TELARA├æA,0,4.56565658,-72.77491783,2062504.4362,5024957.13646,
5755,18,31,ACTIVA,1,TELARA├æA,0,4.56569415,-72.77483213,2062508.5911,5024966.63672,
5756,18,32,ACTIVA,1,TELARA├æA,0,4.56572486,-72.77475286,2062511.9863,5024975.42587,
5757,18,33,ACTIVA,1,TELARA├æA,0,4.56575796,-72.77466817,2062515.6475,5024984.81514,
5758,18,34,ACTIVA,1,TELARA├æA,0,4.56579019,-72.77458368,2062519.2106,5024994.18221,
5759,18,35,ACTIVA,1,TELARA├æA,0,4.56581739,-72.77449418,2062522.2200,5025004.10518,
5760,18,36,ACTIVA,1,TELARA├æA,0,4.56585033,-72.77440754,2062525.8623,5025013.71040,
5761,18,37,ACTIVA,1,TELARA├æA,0,4.56588828,-72.77430658,2062530.0588,5025024.90326,
5762,18,38,ERRADICADA,0,TELARA├æA,0,4.56591947,-72.77422691,2062533.5078,5025033.73597,
5763,18,39,ACTIVA,1,TELARA├æA,0,4.56595272,-72.77414190,2062537.1849,5025043.16104,
5764,18,40,ACTIVA,1,TELARA├æA,0,4.56598494,-72.77405741,2062540.7479,5025052.52810,
5765,18,41,ACTIVA,1,TELARA├æA,0,4.56601501,-72.77397436,2062544.0736,5025061.73645,
5766,18,42,ACTIVA,1,TELARA├æA,0,4.56604222,-72.77388987,2062547.0829,5025071.10369,
5767,18,43,ACTIVA,1,TELARA├æA,0,4.56607541,-72.77380383,2062550.7537,5025080.64220,
5768,18,44,ERRADICADA,0,TELARA├æA,0,4.56610476,-72.77371404,2062553.9988,5025090.59744,
5769,18,45,ACTIVA,1,TELARA├æA,0,4.56613315,-72.77362817,2062557.1397,5025100.11776,
5770,18,46,ACTIVA,1,TELARA├æA,0,4.56616519,-72.77354442,2062560.6821,5025109.40340,
5771,18,47,ACTIVA,1,TELARA├æA,0,4.56619390,-72.77345891,2062563.8582,5025118.88348,
5772,18,48,ACTIVA,1,TELARA├æA,0,4.56622528,-72.77337676,2062567.3277,5025127.99090,
5773,19,1,ACTIVA,1,TELARA├æA,0,4.56464719,-72.77728561,2062392.8230,5024694.62987,
5774,19,2,ACTIVA,1,TELARA├æA,0,4.56468637,-72.77719790,2062397.1561,5024704.35349,
5775,19,3,ACTIVA,1,TELARA├æA,0,4.56472432,-72.77710895,2062401.3517,5024714.21509,
5776,19,4,ACTIVA,1,TELARA├æA,0,4.56474609,-72.77702622,2062403.7601,5024723.38753,
5777,19,5,ACTIVA,1,TELARA├æA,0,4.56477781,-72.77694535,2062407.2681,5024732.35272,
5778,19,6,ACTIVA,1,TELARA├æA,0,4.56481078,-72.77685951,2062410.9138,5024741.86963,
5779,19,7,ACTIVA,1,TELARA├æA,0,4.56484188,-72.77677430,2062414.3532,5024751.31764,
5780,19,8,ACTIVA,1,TELARA├æA,0,4.56487982,-72.77669094,2062418.5487,5024760.55849,
5781,19,9,ACTIVA,1,TELARA├æA,0,4.56491466,-72.77660821,2062422.4004,5024769.73049,
5782,19,10,ACTIVA,1,TELARA├æA,0,4.56494546,-72.77652687,2062425.8070,5024778.74920,
5783,19,11,ACTIVA,1,TELARA├æA,0,4.56498215,-72.77644126,2062429.8639,5024788.24016,
5784,19,12,ACTIVA,1,TELARA├æA,0,4.56501024,-72.77636154,2062432.9696,5024797.07851,
5785,19,13,ACTIVA,1,TELARA├æA,0,4.56503787,-72.77627004,2062436.0257,5024807.22268,
5786,19,14,ACTIVA,1,TELARA├æA,0,4.56507229,-72.77618217,2062439.8324,5024816.96483,
5787,19,15,ACTIVA,1,TELARA├æA,0,4.56510354,-72.77610336,2062443.2884,5024825.70262,
5788,19,16,ACTIVA,1,TELARA├æA,0,4.56513686,-72.77601982,2062446.9726,5024834.96490,
5789,19,17,ACTIVA,1,TELARA├æA,0,4.56517471,-72.77593204,2062451.1574,5024844.69577,
5790,19,18,ACTIVA,1,TELARA├æA,0,4.56520853,-72.77584910,2062454.8972,5024853.89106,
5791,19,19,ACTIVA,1,TELARA├æA,0,4.56524476,-72.77576375,2062458.9040,5024863.35412,
5792,19,20,ACTIVA,1,TELARA├æA,0,4.56527026,-72.77569100,2062461.7232,5024871.41956,
5793,19,21,ACTIVA,1,TELARA├æA,0,4.56530852,-72.77560327,2062465.9537,5024881.14627,
5794,19,22,ACTIVA,1,TELARA├æA,0,4.56534094,-72.77551792,2062469.5396,5024890.60803,
5795,19,23,ACTIVA,1,TELARA├æA,0,4.56537186,-72.77542774,2062472.9593,5024900.60699,
5796,19,24,ACTIVA,1,TELARA├æA,0,4.56540433,-72.77534837,2062476.5495,5024909.40590,
5797,19,25,ERRADICADA,0,TELARA├æA,0,4.56543479,-72.77527615,2062479.9176,5024917.41302,
5798,19,26,ERRADICADA,0,TELARA├æA,0,4.56547224,-72.77518735,2062484.0589,5024927.25825,
5799,19,27,ACTIVA,1,TELARA├æA,0,4.56550707,-72.77510490,2062487.9102,5024936.39899,
5800,19,28,ACTIVA,1,TELARA├æA,0,4.56554047,-72.77501807,2062491.6031,5024946.02529,
5801,19,29,ACTIVA,1,TELARA├æA,0,4.56557164,-72.77493124,2062495.0501,5024955.65167,
5802,19,30,ACTIVA,1,TELARA├æA,0,4.56560355,-72.77484664,2062498.5790,5024965.03116,
5803,19,31,ACTIVA,1,TELARA├æA,0,4.56563768,-72.77476872,2062502.3536,5024973.67000,
5804,19,32,ACTIVA,1,TELARA├æA,0,4.56566514,-72.77467225,2062505.3909,5024984.36622,
5805,19,33,ACTIVA,1,TELARA├æA,0,4.56569557,-72.77459136,2062508.7557,5024993.33433,
5806,19,34,ACTIVA,1,TELARA├æA,0,4.56573638,-72.77450601,2062513.2686,5025002.79580,
5807,19,35,ACTIVA,1,TELARA├æA,0,4.56576236,-72.77442957,2062516.1412,5025011.27034,
5808,19,36,ACTIVA,1,TELARA├æA,0,4.56580021,-72.77434201,2062520.3262,5025020.97877,
5809,19,37,ACTIVA,1,TELARA├æA,0,4.56583681,-72.77423787,2062524.3740,5025032.52386,
5810,19,38,ACTIVA,1,TELARA├æA,0,4.56587290,-72.77415951,2062528.3651,5025041.21200,
5811,19,39,ACTIVA,1,TELARA├æA,0,4.56590425,-72.77407116,2062531.8318,5025051.00622,
5812,19,40,ERRADICADA,0,TELARA├æA,0,4.56593211,-72.77398701,2062534.9133,5025060.33665,
5813,19,41,ACTIVA,1,TELARA├æA,0,4.56596347,-72.77389229,2062538.3815,5025070.83835,
5814,19,42,ERRADICADA,0,TELARA├æA,0,4.56599270,-72.77381451,2062541.6137,5025079.46118,
5815,19,43,ERRADICADA,0,TELARA├æA,0,4.56602494,-72.77372873,2062545.1787,5025088.97178,
5816,19,44,ACTIVA,1,TELARA├æA,0,4.56605813,-72.77364038,2062548.8501,5025098.76618,
5817,19,45,ACTIVA,1,TELARA├æA,0,4.56608331,-72.77356012,2062551.6343,5025107.66535,
5818,19,46,ACTIVA,1,TELARA├æA,0,4.56611560,-72.77347462,2062555.2058,5025117.14356,
5819,19,47,ACTIVA,1,TELARA├æA,0,4.56614399,-72.77339500,2062558.3448,5025125.97099,
5820,19,48,ACTIVA,1,TELARA├æA,0,4.56617955,-72.77330837,2062562.2774,5025135.57547,
5821,20,1,ACTIVA,1,TELARA├æA,0,4.56458816,-72.77721520,2062386.3036,5024702.43862,
5822,20,2,ACTIVA,1,TELARA├æA,0,4.56462198,-72.77712482,2062390.0432,5024712.45909,
5823,20,3,ACTIVA,1,TELARA├æA,0,4.56465210,-72.77703874,2062393.3750,5024722.00247,
5824,20,4,ACTIVA,1,TELARA├æA,0,4.56468922,-72.77695553,2062397.4791,5024731.22759,
5825,20,5,ACTIVA,1,TELARA├æA,0,4.56472280,-72.77687449,2062401.1921,5024740.21183,
5826,20,6,ERRADICADA,0,TELARA├æA,0,4.56475587,-72.77678921,2062404.8494,5024749.66730,
5827,20,7,ACTIVA,1,TELARA├æA,0,4.56478638,-72.77670602,2062408.2228,5024758.89014,
5828,20,8,ACTIVA,1,TELARA├æA,0,4.56482440,-72.77662204,2062412.4273,5024768.20008,
5829,20,9,ACTIVA,1,TELARA├æA,0,4.56485483,-72.77653387,2062415.7924,5024777.97550,
5830,20,10,ACTIVA,1,TELARA├æA,0,4.56488382,-72.77645080,2062418.9983,5024787.18540,
5831,20,11,ACTIVA,1,TELARA├æA,0,4.56491886,-72.77636687,2062422.8734,5024796.49103,
5832,20,12,ACTIVA,1,TELARA├æA,0,4.56495391,-72.77628207,2062426.7486,5024805.89262,
5833,20,13,ACTIVA,1,TELARA├æA,0,4.56498420,-72.77620376,2062430.0978,5024814.57476,
5834,20,14,ACTIVA,1,TELARA├æA,0,4.56501974,-72.77611901,2062434.0284,5024823.97057,
5835,20,15,ACTIVA,1,TELARA├æA,0,4.56505083,-72.77603761,2062437.4656,5024832.99426,
5836,20,16,ACTIVA,1,TELARA├æA,0,4.56508630,-72.77594979,2062441.3887,5024842.73164,
5837,20,17,ACTIVA,1,TELARA├æA,0,4.56511918,-72.77586325,2062445.0250,5024852.32518,
5838,20,18,ACTIVA,1,TELARA├æA,0,4.56515207,-72.77578364,2062448.6610,5024861.15116,
5839,20,19,ACTIVA,1,TELARA├æA,0,4.56518279,-72.77570274,2062452.0580,5024870.12112,
5840,20,20,ACTIVA,1,TELARA├æA,0,4.56521307,-72.77561491,2062455.4074,5024879.85868,
5841,20,21,ACTIVA,1,TELARA├æA,0,4.56524768,-72.77553054,2062459.2348,5024889.21230,
5842,20,22,ACTIVA,1,TELARA├æA,0,4.56528186,-72.77545007,2062463.0143,5024898.13417,
5843,20,23,ACTIVA,1,TELARA├æA,0,4.56531345,-72.77536483,2062466.5070,5024907.58383,
5844,20,24,ACTIVA,1,TELARA├æA,0,4.56534979,-72.77527700,2062470.5258,5024917.32118,
5845,20,25,ACTIVA,1,TELARA├æA,0,4.56537913,-72.77519751,2062473.7702,5024926.13426,
5846,20,26,ACTIVA,1,TELARA├æA,0,4.56541999,-72.77511038,2062478.2878,5024935.79405,
5847,20,27,ACTIVA,1,TELARA├æA,0,4.56545395,-72.77502768,2062482.0437,5024944.96283,
5848,20,28,ACTIVA,1,TELARA├æA,0,4.56548644,-72.77494301,2062485.6366,5024954.34999,
5849,20,29,ACTIVA,1,TELARA├æA,0,4.56551401,-72.77485735,2062488.6855,5024963.84648,
5850,20,30,ACTIVA,1,TELARA├æA,0,4.56554601,-72.77477219,2062492.2240,5024973.28824,
5851,20,31,ACTIVA,1,TELARA├æA,0,4.56557899,-72.77469097,2062495.8711,5024982.29330,
5852,20,32,ACTIVA,1,TELARA├æA,0,4.56561443,-72.77460531,2062499.7904,5024991.78952,
5853,20,33,ACTIVA,1,TELARA├æA,0,4.56564249,-72.77452015,2062502.8937,5025001.23141,
5854,20,34,ACTIVA,1,TELARA├æA,0,4.56567794,-72.77444139,2062506.8127,5025009.96347,
5855,20,35,ACTIVA,1,TELARA├æA,0,4.56572027,-72.77432915,2062511.4943,5025022.40693,
5856,20,36,ACTIVA,1,TELARA├æA,0,4.56575178,-72.77425039,2062514.9782,5025031.13912,
5857,20,37,ACTIVA,1,TELARA├æA,0,4.56578722,-72.77416473,2062518.8974,5025040.63534,
5858,20,38,ACTIVA,1,TELARA├æA,0,4.56581134,-72.77407071,2062521.5660,5025051.05986,
5859,20,39,ACTIVA,1,TELARA├æA,0,4.56584678,-72.77398702,2062525.4851,5025060.33774,
5860,20,40,ACTIVA,1,TELARA├æA,0,4.56587189,-72.77390925,2062528.2619,5025068.96098,
5861,20,41,ACTIVA,1,TELARA├æA,0,4.56591127,-72.77381965,2062532.6164,5025078.89372,
5862,20,42,ACTIVA,1,TELARA├æA,0,4.56594573,-72.77373794,2062536.4267,5025087.95331,
5863,20,43,ERRADICADA,0,TELARA├æA,0,4.56597464,-72.77365598,2062539.6243,5025097.04013,
5864,20,44,ACTIVA,1,TELARA├æA,0,4.56600923,-72.77356613,2062543.4493,5025107.00057,
5865,20,45,ACTIVA,1,TELARA├æA,0,4.56603877,-72.77348688,2062546.7156,5025115.78740,
5866,20,46,ACTIVA,1,TELARA├æA,0,4.56606781,-72.77339286,2062549.9281,5025126.21175,
5867,20,47,ACTIVA,1,TELARA├æA,0,4.56609154,-72.77331079,2062552.5527,5025135.31100,
5868,20,48,ACTIVA,1,TELARA├æA,0,4.56611706,-72.77323801,2062555.3749,5025143.37966,
5869,21,1,ACTIVA,1,TELARA├æA,0,4.56453522,-72.77714041,2062380.4566,5024710.73285,
5870,21,2,ACTIVA,1,TELARA├æA,0,4.56457499,-72.77705584,2062384.8534,5024720.10911,
5871,21,3,ACTIVA,1,TELARA├æA,0,4.56460187,-72.77697351,2062387.8268,5024729.23739,
5872,21,4,ACTIVA,1,TELARA├æA,0,4.56463828,-72.77688893,2062391.8523,5024738.61377,
5873,21,5,ACTIVA,1,TELARA├æA,0,4.56466908,-72.77681108,2062395.2588,5024747.24509,
5874,21,6,ACTIVA,1,TELARA├æA,0,4.56470661,-72.77672258,2062399.4082,5024757.05614,
5875,21,7,ACTIVA,1,TELARA├æA,0,4.56473125,-72.77663241,2062402.1343,5024767.05395,
5876,21,8,ACTIVA,1,TELARA├æA,0,4.56476654,-72.77655120,2062406.0360,5024776.05773,
5877,21,9,ACTIVA,1,TELARA├æA,0,4.56479790,-72.77646550,2062409.5046,5024785.55848,
5878,21,10,ACTIVA,1,TELARA├æA,0,4.56483095,-72.77638037,2062413.1588,5024794.99707,
5879,21,11,ACTIVA,1,TELARA├æA,0,4.56486175,-72.77630027,2062416.5653,5024803.87680,
5880,21,12,ACTIVA,1,TELARA├æA,0,4.56489760,-72.77621234,2062420.5291,5024813.62580,
5881,21,13,ACTIVA,1,TELARA├æA,0,4.56492840,-72.77613337,2062423.9356,5024822.38132,
5882,21,14,ACTIVA,1,TELARA├æA,0,4.56496257,-72.77605215,2062427.7135,5024831.38514,
5883,21,15,ACTIVA,1,TELARA├æA,0,4.56500570,-72.77596646,2062432.4817,5024840.88548,
5884,21,16,ACTIVA,1,TELARA├æA,0,4.56503247,-72.77588021,2062435.4429,5024850.44848,
5885,21,17,ACTIVA,1,TELARA├æA,0,4.56506258,-72.77579453,2062438.7728,5024859.94678,
5886,21,18,ACTIVA,1,TELARA├æA,0,4.56509307,-72.77571162,2062442.1448,5024869.13952,
5887,21,19,ACTIVA,1,TELARA├æA,0,4.56513004,-72.77562480,2062446.2323,5024878.76427,
5888,21,20,ACTIVA,1,TELARA├æA,0,4.56516140,-72.77554247,2062449.7008,5024887.89239,
5889,21,21,ACTIVA,1,TELARA├æA,0,4.56519501,-72.77546350,2062453.4167,5024896.64781,
5890,21,22,ACTIVA,1,TELARA├æA,0,4.56523085,-72.77537724,2062457.3805,5024906.21050,
5891,21,23,ACTIVA,1,TELARA├æA,0,4.56526446,-72.77529771,2062461.0964,5024915.02802,
5892,21,24,ACTIVA,1,TELARA├æA,0,4.56530311,-72.77521314,2062465.3695,5024924.40430,
5893,21,25,ACTIVA,1,TELARA├æA,0,4.56532495,-72.77513192,2062467.7859,5024933.40853,
5894,21,26,ACTIVA,1,TELARA├æA,0,4.56535855,-72.77504623,2062471.5021,5024942.90919,
5895,21,27,ACTIVA,1,TELARA├æA,0,4.56538824,-72.77495549,2062474.7852,5024952.96891,
5896,21,28,ACTIVA,1,TELARA├æA,0,4.56542521,-72.77487148,2062478.8726,5024962.28314,
5897,21,29,ACTIVA,1,TELARA├æA,0,4.56545811,-72.77479090,2062482.5113,5024971.21712,
5898,21,30,ACTIVA,1,TELARA├æA,0,4.56549399,-72.77470426,2062486.4789,5024980.82250,
5899,21,31,ERRADICADA,0,TELARA├æA,0,4.56551124,-72.77464967,2062488.3861,5024986.87428,
5900,21,32,ERRADICADA,0,TELARA├æA,0,4.56554569,-72.77456432,2062492.1957,5024996.33769,
5901,21,33,ERRADICADA,0,TELARA├æA,0,4.56558088,-72.77447711,2062496.0877,5025006.00564,
5902,21,34,ACTIVA,1,TELARA├æA,0,4.56563692,-72.77433827,2062502.2843,5025021.39821,
5903,21,35,ACTIVA,1,TELARA├æA,0,4.56566319,-72.77424393,2062505.1899,5025031.85829,
5904,21,36,ACTIVA,1,TELARA├æA,0,4.56569569,-72.77416096,2062508.7840,5025041.05645,
5905,21,37,ACTIVA,1,TELARA├æA,0,4.56572776,-72.77407329,2062512.3311,5025050.77623,
5906,21,38,ACTIVA,1,TELARA├æA,0,4.56575941,-72.77399332,2062515.8306,5025059.64248,
5907,21,39,ACTIVA,1,TELARA├æA,0,4.56579277,-72.77390779,2062519.5194,5025069.12512,
5908,21,40,ACTIVA,1,TELARA├æA,0,4.56582484,-72.77383209,2062523.0661,5025077.51717,
5909,21,41,ERRADICADA,0,TELARA├æA,0,4.56585749,-72.77375421,2062526.6762,5025086.15160,
5910,21,42,ACTIVA,1,TELARA├æA,0,4.56589424,-72.77367200,2062530.7393,5025095.26609,
5911,21,43,ACTIVA,1,TELARA├æA,0,4.56592289,-72.77358325,2062533.9080,5025105.10599,
5912,21,44,ACTIVA,1,TELARA├æA,0,4.56595505,-72.77349409,2062537.4650,5025114.99119,
5913,21,45,ACTIVA,1,TELARA├æA,0,4.56597940,-72.77340379,2062540.1585,5025125.00220,
5914,21,46,ACTIVA,1,TELARA├æA,0,4.56600845,-72.77332265,2062543.3716,5025133.99787,
5915,21,47,ERRADICADA,0,TELARA├æA,0,4.56603963,-72.77324329,2062546.8195,5025142.79704,
5916,21,48,ACTIVA,1,TELARA├æA,0,4.56606609,-72.77315258,2062549.7459,5025152.85355,
5917,22,1,ACTIVA,1,TELARA├æA,0,4.56447893,-72.77707358,2062374.2387,5024718.14478,
5918,22,2,ACTIVA,1,TELARA├æA,0,4.56451682,-72.77698570,2062378.4289,5024727.88803,
5919,22,3,ACTIVA,1,TELARA├æA,0,4.56454947,-72.77690507,2062382.0397,5024736.82687,
5920,22,4,ACTIVA,1,TELARA├æA,0,4.56457701,-72.77681354,2062385.0857,5024746.97556,
5921,22,5,ACTIVA,1,TELARA├æA,0,4.56461103,-72.77673102,2062388.8469,5024756.12388,
5922,22,6,ACTIVA,1,TELARA├æA,0,4.56464063,-72.77664913,2062392.1209,5024765.20251,
5923,22,7,ACTIVA,1,TELARA├æA,0,4.56467465,-72.77656221,2062395.8823,5024774.83973,
5924,22,8,ACTIVA,1,TELARA├æA,0,4.56471153,-72.77647816,2062399.9609,5024784.15836,
5925,22,9,ACTIVA,1,TELARA├æA,0,4.56474177,-72.77639914,2062403.3044,5024792.91848,
5926,22,10,ACTIVA,1,TELARA├æA,0,4.56477732,-72.77631273,2062407.2356,5024802.49855,
5927,22,11,ACTIVA,1,TELARA├æA,0,4.56480685,-72.77623104,2062410.5009,5024811.55534,
5928,22,12,ACTIVA,1,TELARA├æA,0,4.56484129,-72.77614935,2062414.3099,5024820.61197,
5929,22,13,ACTIVA,1,TELARA├æA,0,4.56487673,-72.77605979,2062418.2280,5024830.54161,
5930,22,14,ERRADICADA,0,TELARA├æA,0,4.56490726,-72.77598292,2062421.6049,5024839.06409,
5931,22,15,ERRADICADA,0,TELARA├æA,0,4.56494389,-72.77589073,2062425.6547,5024849.28477,
5932,22,16,ERRADICADA,0,TELARA├æA,0,4.56497524,-72.77581181,2062429.1216,5024858.03461,
5933,22,17,ACTIVA,1,TELARA├æA,0,4.56500963,-72.77572524,2062432.9243,5024867.63166,
5934,22,18,ERRADICADA,0,TELARA├æA,0,4.56504183,-72.77564419,2062436.4851,5024876.61820,
5935,22,19,ACTIVA,1,TELARA├æA,0,4.56507652,-72.77555686,2062440.3215,5024886.30029,
5936,22,20,ACTIVA,1,TELARA├æA,0,4.56510699,-72.77547293,2062443.6913,5024895.60461,
5937,22,21,ACTIVA,1,TELARA├æA,0,4.56514063,-72.77538943,2062447.4112,5024904.86194,
5938,22,22,ACTIVA,1,TELARA├æA,0,4.56517427,-72.77531074,2062451.1310,5024913.58640,
5939,22,23,ACTIVA,1,TELARA├æA,0,4.56520431,-72.77522063,2062454.4529,5024923.57653,
5940,22,24,ACTIVA,1,TELARA├æA,0,4.56523434,-72.77514014,2062457.7744,5024932.50094,
5941,22,25,ACTIVA,1,TELARA├æA,0,4.56526859,-72.77505303,2062461.5608,5024942.15789,
5942,22,26,ACTIVA,1,TELARA├æA,0,4.56529980,-72.77497148,2062465.0125,5024951.19948,
5943,22,27,ACTIVA,1,TELARA├æA,0,4.56533555,-72.77488805,2062468.9661,5024960.44874,
5944,22,28,ACTIVA,1,TELARA├æA,0,4.56536977,-72.77480424,2062472.7497,5024969.74067,
5945,22,29,ACTIVA,1,TELARA├æA,0,4.56540435,-72.77472084,2062476.5732,5024978.98730,
5946,22,30,ERRADICADA,0,TELARA├æA,0,4.56544982,-72.77461224,2062481.6011,5024991.02682,
5947,22,31,ERRADICADA,0,TELARA├æA,0,4.56548494,-72.77452809,2062485.4853,5025000.35634,
5948,22,32,ACTIVA,1,TELARA├æA,0,4.56552516,-72.77443174,2062489.9327,5025011.03807,
5949,22,33,ACTIVA,1,TELARA├æA,0,4.56554690,-72.77434120,2062492.3371,5025021.07729,
5950,22,34,ACTIVA,1,TELARA├æA,0,4.56557014,-72.77424988,2062494.9091,5025031.20205,
5951,22,35,ERRADICADA,0,TELARA├æA,0,4.56560796,-72.77417130,2062499.0904,5025039.91300,
5952,22,36,ACTIVA,1,TELARA├æA,0,4.56563923,-72.77409069,2062502.5478,5025048.85071,
5953,22,37,ACTIVA,1,TELARA├æA,0,4.56567657,-72.77400265,2062506.6767,5025058.61145,
5954,22,38,ACTIVA,1,TELARA├æA,0,4.56570531,-72.77392129,2062509.8550,5025067.63181,
5955,22,39,ACTIVA,1,TELARA├æA,0,4.56573714,-72.77383238,2062513.3760,5025077.48865,
5956,22,40,ACTIVA,1,TELARA├æA,0,4.56577018,-72.77374948,2062517.0295,5025086.67937,
5957,22,41,ACTIVA,1,TELARA├æA,0,4.56580202,-72.77367139,2062520.5501,5025095.33727,
5958,22,42,ACTIVA,1,TELARA├æA,0,4.56583626,-72.77357888,2062524.3367,5025105.59368,
5959,22,43,ACTIVA,1,TELARA├æA,0,4.56586510,-72.77349838,2062527.5255,5025114.51811,
5960,22,44,ACTIVA,1,TELARA├æA,0,4.56589153,-72.77341428,2062530.4490,5025123.84228,
5961,22,45,ACTIVA,1,TELARA├æA,0,4.56592276,-72.77333138,2062533.9034,5025133.03306,
5962,22,46,ACTIVA,1,TELARA├æA,0,4.56595100,-72.77324908,2062537.0259,5025142.15733,
5963,22,47,ACTIVA,1,TELARA├æA,0,4.56598404,-72.77316378,2062540.6795,5025151.61448,
5964,22,48,ACTIVA,1,TELARA├æA,0,4.56601648,-72.77307788,2062544.2668,5025161.13826,
5965,23,1,ACTIVA,1,TELARA├æA,0,4.56442200,-72.77700410,2062367.9516,5024725.85129,
5966,23,2,ACTIVA,1,TELARA├æA,0,4.56445429,-72.77691545,2062371.5221,5024735.67977,
5967,23,3,ACTIVA,1,TELARA├æA,0,4.56448931,-72.77682899,2062375.3948,5024745.26545,
5968,23,4,ACTIVA,1,TELARA├æA,0,4.56451886,-72.77674690,2062378.6627,5024754.36590,
5969,23,5,ACTIVA,1,TELARA├æA,0,4.56455607,-72.77666756,2062382.7770,5024763.16271,
5970,23,6,ACTIVA,1,TELARA├æA,0,4.56459110,-72.77658438,2062386.6496,5024772.38433,
5971,23,7,ACTIVA,1,TELARA├æA,0,4.56462283,-72.77649847,2062390.1595,5024781.90944,
5972,23,8,ACTIVA,1,TELARA├æA,0,4.56465721,-72.77641631,2062393.9603,5024791.01731,
5973,23,9,ACTIVA,1,TELARA├æA,0,4.56469483,-72.77633765,2062398.1199,5024799.73826,
5974,23,10,ACTIVA,1,TELARA├æA,0,4.56472732,-72.77625044,2062401.7130,5024809.40745,
5975,23,11,ACTIVA,1,TELARA├æA,0,4.56475725,-72.77616151,2062405.0227,5024819.26634,
5976,23,12,ACTIVA,1,TELARA├æA,0,4.56478974,-72.77607772,2062408.6157,5024828.55630,
5977,23,13,ACTIVA,1,TELARA├æA,0,4.56481966,-72.77599136,2062411.9253,5024838.13077,
5978,23,14,ACTIVA,1,TELARA├æA,0,4.56485472,-72.77590928,2062415.8017,5024847.23102,
5979,23,15,ACTIVA,1,TELARA├æA,0,4.56488605,-72.77582484,2062419.2662,5024856.59308,
5980,23,16,ACTIVA,1,TELARA├æA,0,4.56492162,-72.77574549,2062423.1991,5024865.38993,
5981,23,17,ACTIVA,1,TELARA├æA,0,4.56495281,-72.77566012,2062426.6486,5024874.85438,
5982,23,18,ACTIVA,1,TELARA├æA,0,4.56498678,-72.77557395,2062430.4052,5024884.40853,
5983,23,19,ACTIVA,1,TELARA├æA,0,4.56501896,-72.77549376,2062433.9635,5024893.29893,
5984,23,20,ACTIVA,1,TELARA├æA,0,4.56505729,-72.77540658,2062438.2014,5024902.96346,
5985,23,21,ACTIVA,1,TELARA├æA,0,4.56508509,-72.77532166,2062441.2766,5024912.37838,
5986,23,22,ACTIVA,1,TELARA├æA,0,4.56511440,-72.77523975,2062444.5178,5024921.45995,
5987,23,23,ACTIVA,1,TELARA├æA,0,4.56515152,-72.77515038,2062448.6229,5024931.36783,
5988,23,26,ACTIVA,1,TELARA├æA,0,4.56525460,-72.77490400,2062460.0210,5024958.68358,
5989,23,24,ACTIVA,1,TELARA├æA,0,4.56518471,-72.77507968,2062452.2922,5024939.20603,
5990,23,25,ERRADICADA,0,TELARA├æA,0,4.56521956,-72.77499208,2062456.1462,5024948.91864,
5991,23,27,ACTIVA,1,TELARA├æA,0,4.56528727,-72.77482515,2062463.6334,5024967.42532,
5992,23,28,ACTIVA,1,TELARA├æA,0,4.56532299,-72.77474145,2062467.5835,5024976.70514,
5993,23,29,ACTIVA,1,TELARA├æA,0,4.56535557,-72.77465980,2062471.1851,5024985.75693,
5994,23,30,ACTIVA,1,TELARA├æA,0,4.56538566,-72.77456787,2062474.5139,5024995.94952,
5995,23,31,ACTIVA,1,TELARA├æA,0,4.56541467,-72.77448633,2062477.7213,5025004.98930,
5996,23,32,ACTIVA,1,TELARA├æA,0,4.56545269,-72.77439982,2062481.9262,5025014.57997,
5997,23,33,ACTIVA,1,TELARA├æA,0,4.56549752,-72.77427343,2062486.8839,5025028.59277,
5998,23,34,ACTIVA,1,TELARA├æA,0,4.56553114,-72.77418564,2062490.6019,5025038.32572,
5999,23,35,ACTIVA,1,TELARA├æA,0,4.56556414,-72.77410533,2062494.2508,5025047.23024,
6000,23,36,ACTIVA,1,TELARA├æA,0,4.56559145,-72.77401925,2062497.2717,5025056.77310,
6001,23,37,ACTIVA,1,TELARA├æA,0,4.56562364,-72.77393946,2062500.8313,5025065.61961,
6002,23,38,ACTIVA,1,TELARA├æA,0,4.56565357,-72.77384969,2062504.1407,5025075.57216,
6003,23,39,ACTIVA,1,TELARA├æA,0,4.56568122,-72.77376763,2062507.1993,5025084.67018,
6004,23,40,ACTIVA,1,TELARA├æA,0,4.56571205,-72.77368602,2062510.6086,5025093.71783,
6005,23,41,ACTIVA,1,TELARA├æA,0,4.56574586,-72.77358852,2062514.3473,5025104.52798,
6006,23,42,ACTIVA,1,TELARA├æA,0,4.56577844,-72.77350988,2062517.9506,5025113.24566,
6007,23,43,ACTIVA,1,TELARA├æA,0,4.56580820,-72.77342417,2062521.2411,5025122.74892,
6008,23,44,ACTIVA,1,TELARA├æA,0,4.56584078,-72.77334483,2062524.8445,5025131.54514,
6009,23,45,ACTIVA,1,TELARA├æA,0,4.56586897,-72.77326101,2062527.9620,5025140.83829,
6010,23,46,ACTIVA,1,TELARA├æA,0,4.56590282,-72.77317799,2062531.7053,5025150.04222,
6011,23,47,ACTIVA,1,TELARA├æA,0,4.56593103,-72.77309658,2062534.8252,5025159.06761,
6012,23,48,ACTIVA,1,TELARA├æA,0,4.56595763,-72.77300067,2062537.7675,5025169.70171,
6013,24,1,ACTIVA,1,TELARA├æA,0,4.56436755,-72.77692872,2062361.9372,5024734.21123,
6014,24,2,ACTIVA,1,TELARA├æA,0,4.56439713,-72.77684589,2062365.2085,5024743.39394,
6015,24,3,ACTIVA,1,TELARA├æA,0,4.56442840,-72.77676307,2062368.6666,5024752.57658,
6016,24,4,ACTIVA,1,TELARA├æA,0,4.56446981,-72.77668701,2062373.2450,5024761.00919,
6017,24,5,ACTIVA,1,TELARA├æA,0,4.56450362,-72.77659657,2062376.9835,5024771.03515,
6018,24,6,ACTIVA,1,TELARA├æA,0,4.56453597,-72.77651361,2062380.5611,5024780.23275,
6019,24,7,ACTIVA,1,TELARA├æA,0,4.56456843,-72.77643194,2062384.1499,5024789.28791,
6020,24,8,ACTIVA,1,TELARA├æA,0,4.56459817,-72.77633836,2062387.4402,5024799.66261,
6021,24,9,ACTIVA,1,TELARA├æA,0,4.56462655,-72.77626189,2062390.5780,5024808.14107,
6022,24,10,ACTIVA,1,TELARA├æA,0,4.56466655,-72.77617388,2062395.0011,5024817.89781,
6023,24,11,ACTIVA,1,TELARA├æA,0,4.56469978,-72.77608896,2062398.6760,5024827.31359,
6024,24,12,ACTIVA,1,TELARA├æA,0,4.56473056,-72.77600772,2062402.0789,5024836.32002,
6025,24,13,ACTIVA,1,TELARA├æA,0,4.56476364,-72.77592511,2062405.7374,5024845.47922,
6026,24,14,ACTIVA,1,TELARA├æA,0,4.56479751,-72.77584397,2062409.4829,5024854.47462,
6027,24,15,ACTIVA,1,TELARA├æA,0,4.56483087,-72.77575847,2062413.1715,5024863.95317,
6028,24,16,ACTIVA,1,TELARA├æA,0,4.56486533,-72.77567355,2062416.9825,5024873.36890,
6029,24,17,ACTIVA,1,TELARA├æA,0,4.56489598,-72.77559071,2062420.3717,5024882.55275,
6030,24,18,ACTIVA,1,TELARA├æA,0,4.56492985,-72.77550170,2062424.1175,5024892.42160,
6031,24,19,ACTIVA,1,TELARA├æA,0,4.56496136,-72.77541819,2062427.6020,5024901.67912,
6032,24,20,ACTIVA,1,TELARA├æA,0,4.56499445,-72.77533785,2062431.2605,5024910.58720,
6033,24,21,ACTIVA,1,TELARA├æA,0,4.56502719,-72.77525198,2062434.8811,5024920.10670,
6034,24,22,ACTIVA,1,TELARA├æA,0,4.56506165,-72.77516828,2062438.6920,5024929.38595,
6035,24,23,ACTIVA,1,TELARA├æA,0,4.56509796,-72.77508705,2062442.7069,5024938.39218,
6036,24,24,ACTIVA,1,TELARA├æA,0,4.56512935,-72.77500520,2062446.1777,5024947.46682,
6037,24,25,ACTIVA,1,TELARA├æA,0,4.56516443,-72.77492150,2062450.0566,5024956.74604,
6038,24,26,ACTIVA,1,TELARA├æA,0,4.56520135,-72.77483534,2062454.1396,5024966.29816,
6039,24,27,ACTIVA,1,TELARA├æA,0,4.56523151,-72.77474610,2062457.4747,5024976.19169,
6040,24,28,ACTIVA,1,TELARA├æA,0,4.56525982,-72.77465995,2062460.6057,5024985.74410,
6041,24,29,ACTIVA,1,TELARA├æA,0,4.56529059,-72.77458363,2062464.0084,5024994.20461,
6042,24,30,ACTIVA,1,TELARA├æA,0,4.56532752,-72.77449440,2062468.0915,5025004.09791,
6043,24,31,ACTIVA,1,TELARA├æA,0,4.56536567,-72.77440885,2062472.3105,5025013.58174,
6044,24,32,ACTIVA,1,TELARA├æA,0,4.56539706,-72.77432762,2062475.7814,5025022.58813,
6045,24,33,ACTIVA,1,TELARA├æA,0,4.56544875,-72.77420330,2062481.4977,5025036.37052,
6046,24,34,ACTIVA,1,TELARA├æA,0,4.56547275,-72.77412084,2062484.1526,5025045.51364,
6047,24,35,ACTIVA,1,TELARA├æA,0,4.56550414,-72.77403221,2062487.6237,5025055.33889,
6048,24,36,ACTIVA,1,TELARA├æA,0,4.56552937,-72.77394052,2062490.4149,5025065.50555,
6049,24,37,ERRADICADA,0,TELARA├æA,0,4.56556445,-72.77386359,2062494.2936,5025074.03414,
6050,24,38,ACTIVA,1,TELARA├æA,0,4.56560015,-72.77377620,2062498.2406,5025083.72276,
6051,24,39,ERRADICADA,0,TELARA├æA,0,4.56562700,-72.77369717,2062501.2109,5025092.48437,
6052,24,40,ACTIVA,1,TELARA├æA,0,4.56565753,-72.77361396,2062504.5868,5025101.71015,
6053,24,41,ACTIVA,1,TELARA├æA,0,4.56569301,-72.77352194,2062508.5101,5025111.91143,
6054,24,42,ACTIVA,1,TELARA├æA,0,4.56572590,-72.77343642,2062512.1476,5025121.39311,
6055,24,43,ACTIVA,1,TELARA├æA,0,4.56575645,-72.77335701,2062515.5253,5025130.19753,
6056,24,44,ACTIVA,1,TELARA├æA,0,4.56578887,-72.77326820,2062519.1109,5025140.04395,
6057,24,45,ACTIVA,1,TELARA├æA,0,4.56581095,-72.77317938,2062521.5544,5025149.89074,
6058,24,46,ACTIVA,1,TELARA├æA,0,4.56584291,-72.77309621,2062525.0879,5025159.11193,
6059,24,47,ACTIVA,1,TELARA├æA,0,4.56587251,-72.77301727,2062528.3618,5025167.86428,
6060,24,48,ACTIVA,1,TELARA├æA,0,4.56590541,-72.77292469,2062531.9995,5025178.12751,
6061,25,1,ACTIVA,1,TELARA├æA,0,4.56431390,-72.77686153,2062356.0119,5024741.66326,
6062,25,2,ACTIVA,1,TELARA├æA,0,4.56434617,-72.77678538,2062359.5797,5024750.10545,
6063,25,3,ACTIVA,1,TELARA├æA,0,4.56438231,-72.77669826,2062363.5756,5024759.76391,
6064,25,4,ACTIVA,1,TELARA├æA,0,4.56441393,-72.77661308,2062367.0724,5024769.20786,
6065,25,5,ACTIVA,1,TELARA├æA,0,4.56444232,-72.77652145,2062370.2129,5024779.36746,
6066,25,6,ACTIVA,1,TELARA├æA,0,4.56447265,-72.77643691,2062373.5671,5024788.73990,
6067,25,7,ACTIVA,1,TELARA├æA,0,4.56450492,-72.77635689,2062377.1350,5024797.61141,
6068,25,8,ACTIVA,1,TELARA├æA,0,4.56454236,-72.77627070,2062381.2758,5024807.16668,
6069,25,9,ACTIVA,1,TELARA├æA,0,4.56457923,-72.77618846,2062385.3522,5024816.28427,
6070,25,10,ACTIVA,1,TELARA├æA,0,4.56461042,-72.77610225,2062388.8019,5024825.84227,
6071,25,11,ACTIVA,1,TELARA├æA,0,4.56464502,-72.77602285,2062392.6275,5024834.64549,
6072,25,12,ACTIVA,1,TELARA├æA,0,4.56467281,-72.77594061,2062395.7011,5024843.76339,
6073,25,13,ACTIVA,1,TELARA├æA,0,4.56471252,-72.77585326,2062400.0910,5024853.44687,
6074,25,14,ACTIVA,1,TELARA├æA,0,4.56474144,-72.77576819,2062403.2900,5024862.87917,
6075,25,15,ACTIVA,1,TELARA├æA,0,4.56477123,-72.77568463,2062406.5843,5024872.14290,
6076,25,16,ACTIVA,1,TELARA├æA,0,4.56480462,-72.77560187,2062410.2771,5024881.31846,
6077,25,17,ACTIVA,1,TELARA├æA,0,4.56484092,-72.77551838,2062414.2908,5024890.57441,
6078,25,18,ACTIVA,1,TELARA├æA,0,4.56487303,-72.77543526,2062417.8408,5024899.79026,
6079,25,19,ACTIVA,1,TELARA├æA,0,4.56491216,-72.77534678,2062422.1680,5024909.59954,
6080,25,20,ACTIVA,1,TELARA├æA,0,4.56494789,-72.77526511,2062426.1190,5024918.65427,
6081,25,21,ACTIVA,1,TELARA├æA,0,4.56497795,-72.77518230,2062429.4433,5024927.83497,
6082,25,22,ACTIVA,1,TELARA├æA,0,4.56501312,-72.77510403,2062433.3315,5024936.51238,
6083,25,23,ACTIVA,1,TELARA├æA,0,4.56504488,-72.77502179,2062436.8438,5024945.63013,
6084,25,24,ACTIVA,1,TELARA├æA,0,4.56507437,-72.77493047,2062440.1058,5024955.75418,
6085,25,25,ACTIVA,1,TELARA├æA,0,4.56510330,-72.77484540,2062443.3048,5024965.18647,
6086,25,26,ACTIVA,1,TELARA├æA,0,4.56514130,-72.77476543,2062447.5064,5024974.05245,
6087,25,27,ACTIVA,1,TELARA├æA,0,4.56517197,-72.77467915,2062450.8986,5024983.61801,
6088,25,28,ACTIVA,1,TELARA├æA,0,4.56520791,-72.77459457,2062454.8722,5024992.99471,
6089,25,29,ACTIVA,1,TELARA├æA,0,4.56524055,-72.77451133,2062458.4823,5025002.22311,
6090,25,30,ERRADICADA,0,TELARA├æA,0,4.56526489,-72.77443597,2062461.1738,5025010.57876,
6091,25,31,ERRADICADA,0,TELARA├æA,0,4.56529026,-72.77435739,2062463.9798,5025019.29020,
6092,25,32,ACTIVA,1,TELARA├æA,0,4.56530192,-72.77430200,2062465.2704,5025025.43191,
6093,25,33,ACTIVA,1,TELARA├æA,0,4.56536282,-72.77412817,2062472.0048,5025044.70405,
6094,25,34,ACTIVA,1,TELARA├æA,0,4.56540900,-72.77403264,2062477.1117,5025055.29524,
6095,25,35,ACTIVA,1,TELARA├æA,0,4.56543793,-72.77395493,2062480.3105,5025063.90997,
6096,25,36,ACTIVA,1,TELARA├æA,0,4.56547196,-72.77386986,2062484.0736,5025073.34208,
6097,25,37,ACTIVA,1,TELARA├æA,0,4.56550769,-72.77378535,2062488.0247,5025082.71124,
6098,25,38,ACTIVA,1,TELARA├æA,0,4.56554059,-72.77369744,2062491.6626,5025092.45782,
6099,25,39,ACTIVA,1,TELARA├æA,0,4.56557453,-72.77362865,2062495.4151,5025100.08377,
6100,25,40,ACTIVA,1,TELARA├æA,0,4.56560683,-72.77354371,2062498.9877,5025109.50084,
6101,25,41,ACTIVA,1,TELARA├æA,0,4.56564459,-72.77345042,2062503.1622,5025119.84344,
6102,25,42,ACTIVA,1,TELARA├æA,0,4.56566782,-72.77336294,2062505.7322,5025129.54256,
6103,25,43,ACTIVA,1,TELARA├æA,0,4.56569758,-72.77327982,2062509.0240,5025138.75847,
6104,25,44,ACTIVA,1,TELARA├æA,0,4.56572771,-72.77319270,2062512.3560,5025148.41711,
6105,25,45,ACTIVA,1,TELARA├æA,0,4.56575639,-72.77310812,2062515.5275,5025157.79405,
6106,25,46,ERRADICADA,0,TELARA├æA,0,4.56579378,-72.77302645,2062519.6615,5025166.84870,
6107,25,47,ACTIVA,1,TELARA├æA,0,4.56581955,-72.77294006,2062522.5122,5025176.42698,
6108,25,48,ACTIVA,1,TELARA├æA,0,4.56585149,-72.77285403,2062526.0447,5025185.96481,
6109,26,1,ACTIVA,1,TELARA├æA,0,4.56425776,-72.77679119,2062349.8109,5024749.46450,
6110,26,2,ACTIVA,1,TELARA├æA,0,4.56428744,-72.77670343,2062353.0939,5024759.19473,
6111,26,4,ACTIVA,1,TELARA├æA,0,4.56435068,-72.77653564,2062360.0874,5024777.79643,
6112,26,3,ACTIVA,1,TELARA├æA,0,4.56431713,-72.77661631,2062356.3768,5024768.85341,
6113,26,6,ACTIVA,1,TELARA├æA,0,4.56442164,-72.77636951,2062367.9336,5024796.21468,
6114,26,5,ACTIVA,1,TELARA├æA,0,4.56438571,-72.77645294,2062363.9606,5024786.96550,
6115,26,7,ERRADICADA,0,TELARA├æA,0,4.56445542,-72.77628931,2062371.6683,5024805.10667,
6116,26,8,ACTIVA,1,TELARA├æA,0,4.56448878,-72.77620589,2062375.3577,5024814.35543,
6117,26,9,ACTIVA,1,TELARA├æA,0,4.56452363,-72.77611554,2062379.2112,5024824.37170,
6118,26,10,ACTIVA,1,TELARA├æA,0,4.56455590,-72.77603552,2062382.7791,5024833.24320,
6119,26,11,ACTIVA,1,TELARA├æA,0,4.56458558,-72.77595228,2062386.0619,5024842.47256,
6120,26,12,ACTIVA,1,TELARA├æA,0,4.56461914,-72.77586710,2062389.7727,5024851.91644,
6121,26,13,ACTIVA,1,TELARA├æA,0,4.56465076,-72.77578579,2062393.2693,5024860.93107,
6122,26,15,ACTIVA,1,TELARA├æA,0,4.56471916,-72.77561155,2062400.8335,5024880.24810,
6123,26,14,ACTIVA,1,TELARA├æA,0,4.56468625,-72.77570060,2062397.1940,5024870.37488,
6124,26,16,ACTIVA,1,TELARA├æA,0,4.56475465,-72.77553347,2062404.7579,5024888.90483,
6125,26,17,ACTIVA,1,TELARA├æA,0,4.56478692,-72.77544828,2062408.3260,5024898.34875,
6126,26,18,ACTIVA,1,TELARA├æA,0,4.56481660,-72.77536697,2062411.6088,5024907.36344,
6127,26,19,ACTIVA,1,TELARA├æA,0,4.56485274,-72.77528050,2062415.6048,5024916.95033,
6128,26,20,ERRADICADA,0,TELARA├æA,0,4.56488946,-72.77518988,2062419.6653,5024926.99733,
6129,26,22,ERRADICADA,0,TELARA├æA,0,4.56495701,-72.77502668,2062427.1348,5024945.09078,
6130,26,21,ACTIVA,1,TELARA├æA,0,4.56492695,-72.77510433,2062423.8108,5024936.48182,
6131,26,24,ERRADICADA,0,TELARA├æA,0,4.56502153,-72.77486002,2062434.2690,5024963.56746,
6132,26,23,ERRADICADA,0,TELARA├æA,0,4.56498906,-72.77494390,2062430.6786,5024954.26868,
6133,26,25,ERRADICADA,0,TELARA├æA,0,4.56505422,-72.77477557,2062437.8842,5024972.93045,
6134,26,26,ERRADICADA,0,TELARA├æA,0,4.56508702,-72.77469084,2062441.5113,5024982.32430,
6135,26,27,ACTIVA,1,TELARA├æA,0,4.56512000,-72.77460565,2062445.1582,5024991.76930,
6136,26,28,ACTIVA,1,TELARA├æA,0,4.56515073,-72.77452624,2062448.5573,5025000.57269,
6137,27,1,ACTIVA,1,TELARA├æA,0,4.56419726,-72.77671574,2062343.1284,5024757.83254,
6138,7,2,ACTIVA,1,TELARA├æA,0,4.56422956,-72.77663104,2062346.7005,5024767.22346,
6139,27,3,ACTIVA,1,TELARA├æA,0,4.56426904,-72.77654849,2062351.0657,5024776.37536,
6140,27,4,ERRADICADA,0,TELARA├æA,0,4.56430097,-72.77647112,2062354.5960,5024784.95239,
6141,27,5,ERRADICADA,0,TELARA├æA,0,4.56433605,-72.77638610,2062358.4759,5024794.37877,
6142,27,6,ACTIVA,1,TELARA├æA,0,4.56437203,-72.77630244,2062362.4540,5024803.65328,
6143,27,7,ACTIVA,1,TELARA├æA,0,4.56441042,-72.77622159,2062366.6982,5024812.61737,
6144,27,8,ACTIVA,1,TELARA├æA,0,4.56444309,-72.77613910,2062370.3108,5024821.76277,
6145,27,9,ACTIVA,1,TELARA├æA,0,4.56447167,-72.77604926,2062373.4724,5024831.72335,
6146,27,10,ACTIVA,1,TELARA├æA,0,4.56450924,-72.77596187,2062377.6266,5024841.41194,
6147,27,11,ACTIVA,1,TELARA├æA,0,4.56453730,-72.77588192,2062380.7301,5024850.27496,
6148,27,12,ERRADICADA,0,TELARA├æA,0,4.56457148,-72.77580295,2062384.5095,5024859.03019,
6149,27,13,ERRADICADA,0,TELARA├æA,0,4.56460679,-72.77572138,2062388.4136,5024868.07434,
6150,27,14,ERRADICADA,0,TELARA├æA,0,4.56464248,-72.77563892,2062392.3600,5024877.21639,
6151,27,15,ACTIVA,1,TELARA├æA,0,4.56468157,-72.77554860,2062396.6823,5024887.22920,
6152,27,48,ACTIVA,1,TELARA├æA,0,4.56579628,-72.77277755,2062519.9474,5025194.44647,
6153,27,16,ACTIVA,1,TELARA├æA,0,4.56471335,-72.77547087,2062400.1966,5024895.84692,
6154,27,17,ACTIVA,1,TELARA├æA,0,4.56475014,-72.77538311,2062404.2640,5024905.57690,
6155,27,18,ACTIVA,1,TELARA├æA,0,4.56478220,-72.77530190,2062407.8091,5024914.58006,
6156,27,19,ACTIVA,1,TELARA├æA,0,4.56481193,-72.77521971,2062411.0977,5024923.69206,
6157,27,20,ACTIVA,1,TELARA├æA,0,4.56484869,-72.77513340,2062415.1621,5024933.26176,
6158,27,21,ACTIVA,1,TELARA├æA,0,4.56488379,-72.77504997,2062419.0439,5024942.51095,
6159,27,22,ACTIVA,1,TELARA├æA,0,4.56491436,-72.77496737,2062422.4237,5024951.66872,
6160,27,23,ERRADICADA,0,TELARA├æA,0,4.56494917,-72.77488766,2062426.2727,5024960.50552,
6161,27,24,ERRADICADA,0,TELARA├æA,0,4.56498500,-72.77480561,2062430.2349,5024969.60218,
6162,27,25,ACTIVA,1,TELARA├æA,0,4.56502375,-72.77471688,2062434.5194,5024979.43886,
6163,27,26,ACTIVA,1,TELARA├æA,0,4.56505875,-72.77463675,2062438.3892,5024988.32340,
6164,27,27,ERRADICADA,0,TELARA├æA,0,4.56509025,-72.77456461,2062441.8727,5024996.32107,
6165,27,28,ACTIVA,1,TELARA├æA,0,4.56514522,-72.77443872,2062447.9516,5025010.27717,
6166,27,29,ACTIVA,1,TELARA├æA,0,4.56517767,-72.77434745,2062451.5396,5025020.39654,
6167,27,30,ACTIVA,1,TELARA├æA,0,4.56521218,-72.77427183,2062455.3552,5025028.78075,
6168,27,31,ACTIVA,1,TELARA├æA,0,4.56525449,-72.77418239,2062460.0333,5025038.69624,
6169,27,33,ACTIVA,1,TELARA├æA,0,4.56531937,-72.77404128,2062467.2078,5025054.34030,
6170,27,34,ACTIVA,1,TELARA├æA,0,4.56535241,-72.77396198,2062470.8613,5025063.13162,
6171,27,35,ACTIVA,1,TELARA├æA,0,4.56538472,-72.77388268,2062474.4337,5025071.92296,
6172,27,36,ACTIVA,1,TELARA├æA,0,4.56541200,-72.77380483,2062477.4511,5025080.55490,
6173,27,37,ACTIVA,1,TELARA├æA,0,4.56545430,-72.77371602,2062482.1271,5025090.40099,
6174,27,38,ACTIVA,1,TELARA├æA,0,4.56548437,-72.77363613,2062485.4529,5025099.25754,
6175,27,39,ACTIVA,1,TELARA├æA,0,4.56550646,-72.77354967,2062487.8962,5025108.84381,
6176,27,40,ACTIVA,1,TELARA├æA,0,4.56553428,-72.77346513,2062490.9741,5025118.21637,
6177,27,41,ACTIVA,1,TELARA├æA,0,4.56557866,-72.77337371,2062495.8805,5025128.35208,
6178,27,42,ACTIVA,1,TELARA├æA,0,4.56561341,-72.77329351,2062499.7232,5025137.24319,
6179,27,43,ACTIVA,1,TELARA├æA,0,4.56564128,-72.77321075,2062502.8051,5025146.41910,
6180,27,44,ACTIVA,1,TELARA├æA,0,4.56567378,-72.77311870,2062506.4001,5025156.62398,
6181,27,45,ACTIVA,1,TELARA├æA,0,4.56570554,-72.77304353,2062509.9114,5025164.95810,
6182,27,46,ACTIVA,1,TELARA├æA,0,4.56573728,-72.77294996,2062513.4222,5025175.33137,
6183,27,47,ACTIVA,1,TELARA├æA,0,4.56576485,-72.77286392,2062516.4713,5025184.87113,
6184,27,32,ERRADICADA,0,TELARA├æA,0,4.56528693,-72.77411183,2062463.6205,5025046.51827,
6185,28,1,ACTIVA,1,TELARA├æA,0,4.56414260,-72.77665057,2062337.0909,5024765.06098,
6186,28,2,ACTIVA,1,TELARA├æA,0,4.56418056,-72.77656288,2062341.2882,5024774.78197,
6187,28,3,ACTIVA,1,TELARA├æA,0,4.56421424,-72.77648269,2062345.0127,5024783.67315,
6188,28,4,ACTIVA,1,TELARA├æA,0,4.56425006,-72.77640035,2062348.9736,5024792.80139,
6189,28,5,ACTIVA,1,TELARA├æA,0,4.56428214,-72.77631908,2062352.5209,5024801.81119,
6190,28,6,ACTIVA,1,TELARA├æA,0,4.56431261,-72.77623033,2062355.8913,5024811.65100,
6191,28,7,ACTIVA,1,TELARA├æA,0,4.56434897,-72.77615067,2062359.9111,5024820.48281,
6192,28,8,ACTIVA,1,TELARA├æA,0,4.56438062,-72.77606082,2062363.4108,5024830.44457,
6193,28,9,ACTIVA,1,TELARA├æA,0,4.56441643,-72.77598023,2062367.3712,5024839.37912,
6194,28,10,ACTIVA,1,TELARA├æA,0,4.56445386,-72.77589769,2062371.5091,5024848.52945,
6195,28,11,ACTIVA,1,TELARA├æA,0,4.56448731,-72.77581618,2062375.2087,5024857.56661,
6196,28,12,ACTIVA,1,TELARA├æA,0,4.56452442,-72.77573102,2062379.3117,5024867.00833,
6197,28,13,ACTIVA,1,TELARA├æA,0,4.56455544,-72.77564768,2062382.7426,5024876.24791,
6198,28,14,ACTIVA,1,TELARA├æA,0,4.56459316,-72.77556495,2062386.9127,5024885.41982,
6199,28,15,ACTIVA,1,TELARA├æA,0,4.56462966,-72.77548282,2062390.9484,5024894.52431,
6200,28,16,ACTIVA,1,TELARA├æA,0,4.56465581,-72.77539644,2062393.8416,5024904.10131,
6201,28,17,ACTIVA,1,TELARA├æA,0,4.56469103,-72.77531058,2062397.7355,5024913.62053,
6202,28,18,ACTIVA,1,TELARA├æA,0,4.56472380,-72.77523032,2062401.3595,5024922.51885,
6203,28,19,ACTIVA,1,TELARA├æA,0,4.56475457,-72.77514471,2062404.7620,5024932.01053,
6204,28,20,ACTIVA,1,TELARA├æA,0,4.56479391,-72.77506634,2062409.1121,5024940.69833,
6205,28,21,ACTIVA,1,TELARA├æA,0,4.56482801,-72.77498111,2062412.8821,5024950.14770,
6206,28,22,ACTIVA,1,TELARA├æA,0,4.56486161,-72.77489734,2062416.5982,5024959.43508,
6207,28,23,ACTIVA,1,TELARA├æA,0,4.56489765,-72.77481601,2062420.5833,5024968.45236,
6208,28,24,ACTIVA,1,TELARA├æA,0,4.56493028,-72.77473175,2062424.1918,5024977.79378,
6209,28,25,ACTIVA,1,TELARA├æA,0,4.56496438,-72.77465090,2062427.9616,5024986.75712,
6210,28,26,ACTIVA,1,TELARA├æA,0,4.56499603,-72.77455983,2062431.4627,5024996.85462,
6211,28,27,ACTIVA,1,TELARA├æA,0,4.56503013,-72.77447508,2062435.2327,5025006.24998,
6212,28,28,ACTIVA,1,TELARA├æA,0,4.56505893,-72.77440334,2062438.4175,5025014.20356,
6213,28,29,ACTIVA,1,TELARA├æA,0,4.56509574,-72.77431967,2062442.4883,5025023.47995,
6214,28,30,ACTIVA,1,TELARA├æA,0,4.56513591,-72.77423014,2062446.9292,5025033.40567,
6215,28,31,ACTIVA,1,TELARA├æA,0,4.56517440,-72.77414228,2062451.1851,5025043.14589,
6216,28,32,ACTIVA,1,TELARA├æA,0,4.56521289,-72.77405359,2062455.4410,5025052.97888,
6217,28,33,ACTIVA,1,TELARA├æA,0,4.56525161,-72.77396527,2062459.7228,5025062.77104,
6218,28,34,ACTIVA,1,TELARA├æA,0,4.56528213,-72.77388440,2062463.0983,5025071.73592,
6219,28,35,ACTIVA,1,TELARA├æA,0,4.56532390,-72.77380140,2062467.7164,5025080.93791,
6220,28,36,ACTIVA,1,TELARA├æA,0,4.56534586,-72.77371840,2062470.1453,5025090.14059,
6221,28,37,ACTIVA,1,TELARA├æA,0,4.56538067,-72.77363218,2062473.9943,5025099.69909,
6222,28,38,ACTIVA,1,TELARA├æA,0,4.56541333,-72.77355079,2062477.6065,5025108.72327,
6223,28,39,ACTIVA,1,TELARA├æA,0,4.56544546,-72.77347367,2062481.1594,5025117.27245,
6224,28,40,ERRADICADA,0,TELARA├æA,0,4.56547981,-72.77338946,2062484.9581,5025126.60900,
6225,28,41,ACTIVA,1,TELARA├æA,0,4.56551327,-72.77329970,2062488.6578,5025136.56021,
6226,28,42,ACTIVA,1,TELARA├æA,0,4.56555009,-72.77321519,2062492.7287,5025145.92936,
6227,28,43,ACTIVA,1,TELARA├æA,0,4.56558272,-72.77312734,2062496.3374,5025155.66977,
6228,28,44,ACTIVA,1,TELARA├æA,0,4.56561619,-72.77304366,2062500.0385,5025164.94627,
6229,28,45,ACTIVA,1,TELARA├æA,0,4.56564631,-72.77295748,2062503.3698,5025174.50121,
6230,28,46,ACTIVA,1,TELARA├æA,0,4.56567978,-72.77287632,2062507.0707,5025183.49938,
6231,28,47,ACTIVA,1,TELARA├æA,0,4.56570572,-72.77278679,2062509.9399,5025193.42557,
6232,28,48,ACTIVA,1,TELARA├æA,0,4.56574342,-72.77270350,2062514.1086,5025202.65988,
6233,29,1,ACTIVA,1,TELARA├æA,0,4.56409065,-72.77658150,2062331.3536,5024772.72062,
6234,29,2,ACTIVA,1,TELARA├æA,0,4.56412871,-72.77649970,2062335.5620,5024781.78978,
6235,29,3,ERRADICADA,0,TELARA├æA,0,4.56415859,-72.77641455,2062338.8658,5024791.22992,
6236,29,4,ACTIVA,1,TELARA├æA,0,4.56418918,-72.77632736,2062342.2490,5024800.89709,
6237,29,5,ACTIVA,1,TELARA├æA,0,4.56422188,-72.77624065,2062345.8651,5024810.50971,
6238,29,6,ACTIVA,1,TELARA├æA,0,4.56425880,-72.77616055,2062349.9479,5024819.38994,
6239,29,7,ACTIVA,1,TELARA├æA,0,4.56429175,-72.77607761,2062353.5914,5024828.58525,
6240,29,8,ACTIVA,1,TELARA├æA,0,4.56433265,-72.77599297,2062358.1137,5024837.96925,
6241,29,9,ACTIVA,1,TELARA├æA,0,4.56436447,-72.77591230,2062361.6315,5024846.91264,
6242,29,10,ACTIVA,1,TELARA├æA,0,4.56439741,-72.77583220,2062365.2749,5024855.79300,
6243,29,11,ACTIVA,1,TELARA├æA,0,4.56443093,-72.77574869,2062368.9812,5024865.05128,
6244,29,12,ACTIVA,1,TELARA├æA,0,4.56446892,-72.77566128,2062373.1822,5024874.74276,
6245,29,13,ACTIVA,1,TELARA├æA,0,4.56449401,-72.77557693,2062375.9570,5024884.09455,
6246,29,14,ACTIVA,1,TELARA├æA,0,4.56453091,-72.77549135,2062380.0375,5024893.58199,
6247,29,15,ACTIVA,1,TELARA├æA,0,4.56456557,-72.77540955,2062383.8693,5024902.65125,
6248,29,16,ACTIVA,1,TELARA├æA,0,4.56460079,-72.77532604,2062387.7638,5024911.90947,
6249,29,17,ACTIVA,1,TELARA├æA,0,4.56463942,-72.77524310,2062392.0350,5024921.10457,
6250,29,18,ACTIVA,1,TELARA├æA,0,4.56467293,-72.77516016,2062395.7413,5024930.29985,
6251,29,19,ACTIVA,1,TELARA├æA,0,4.56470759,-72.77507552,2062399.5732,5024939.68406,
6252,29,20,ACTIVA,1,TELARA├æA,0,4.56473940,-72.77499485,2062403.0910,5024948.62744,
6253,29,21,ACTIVA,1,TELARA├æA,0,4.56477651,-72.77491232,2062407.1940,5024957.77724,
6254,29,22,ACTIVA,1,TELARA├æA,0,4.56480450,-72.77482143,2062410.2904,5024967.85456,
6255,29,23,ACTIVA,1,TELARA├æA,0,4.56483540,-72.77473817,2062413.7080,5024977.08520,
6256,29,24,ACTIVA,1,TELARA├æA,0,4.56486994,-72.77465782,2062417.5271,5024985.99321,
6257,29,25,ACTIVA,1,TELARA├æA,0,4.56490848,-72.77457238,2062421.7884,5024995.46547,
6258,29,26,ACTIVA,1,TELARA├æA,0,4.56494050,-72.77448926,2062425.3289,5025004.68095,
6259,29,27,ACTIVA,1,TELARA├æA,0,4.56498424,-72.77439382,2062430.1655,5025015.26163,
6260,29,28,ACTIVA,1,TELARA├æA,0,4.56501733,-72.77430889,2062433.8248,5025024.67738,
6261,29,29,ACTIVA,1,TELARA├æA,0,4.56505017,-72.77422989,2062437.4564,5025033.43569,
6262,29,30,ACTIVA,1,TELARA├æA,0,4.56508568,-72.77414291,2062441.3825,5025043.07969,
6263,29,31,ACTIVA,1,TELARA├æA,0,4.56511612,-72.77406261,2062444.7486,5025051.98194,
6264,29,32,ACTIVA,1,TELARA├æA,0,4.56515087,-72.77397409,2062448.5911,5025061.79635,
6265,29,33,ACTIVA,1,TELARA├æA,0,4.56518437,-72.77388225,2062452.2966,5025071.97775,
6266,29,34,ACTIVA,1,TELARA├æA,0,4.56521747,-72.77380697,2062455.9558,5025080.32446,
6267,29,35,ACTIVA,1,TELARA├æA,0,4.56525428,-72.77372134,2062460.0267,5025089.81773,
6268,29,36,ERRADICADA,0,TELARA├æA,0,4.56528370,-72.77364999,2062463.2791,5025097.72748,
6269,29,37,ACTIVA,1,TELARA├æA,0,4.56531835,-72.77356133,2062467.1112,5025107.55757,
6270,29,38,ERRADICADA,0,TELARA├æA,0,4.56535118,-72.77348337,2062470.7414,5025116.20030,
6271,29,39,ACTIVA,1,TELARA├æA,0,4.56538662,-72.77340212,2062474.6606,5025125.20875,
6272,29,40,ACTIVA,1,TELARA├æA,0,4.56542187,-72.77330783,2062478.5580,5025135.66160,
6273,29,41,ACTIVA,1,TELARA├æA,0,4.56545861,-72.77322908,2062482.6211,5025144.39305,
6274,29,42,ACTIVA,1,TELARA├æA,0,4.56548706,-72.77313174,2062485.7676,5025155.18443,
6275,29,43,ERRADICADA,0,TELARA├æA,0,4.56552236,-72.77305155,2062489.6709,5025164.07551,
6276,29,44,ACTIVA,1,TELARA├æA,0,4.56555081,-72.77296826,2062492.8169,5025173.30884,
6277,29,45,ACTIVA,1,TELARA├æA,0,4.56558474,-72.77288327,2062496.5689,5025182.73198,
6278,29,46,ACTIVA,1,TELARA├æA,0,4.56562175,-72.77279759,2062500.6617,5025192.23101,
6279,29,47,ACTIVA,1,TELARA├æA,0,4.56565490,-72.77271765,2062504.3272,5025201.09328,
6280,29,48,ACTIVA,1,TELARA├æA,0,4.56569240,-72.77262948,2062508.4746,5025210.86895,
6281,30,1,ACTIVA,1,TELARA├æA,0,4.56403159,-72.77650908,2062324.8307,5024780.75259,
6282,30,2,ACTIVA,1,TELARA├æA,0,4.56406754,-72.77642500,2062328.8056,5024790.07436,
6283,30,3,ACTIVA,1,TELARA├æA,0,4.56410349,-72.77634214,2062332.7804,5024799.26101,
6284,30,4,ACTIVA,1,TELARA├æA,0,4.56413091,-72.77626171,2062335.8127,5024808.17773,
6285,30,5,ACTIVA,1,TELARA├æA,0,4.56417395,-72.77617678,2062340.5712,5024817.59383,
6286,30,6,ACTIVA,1,TELARA├æA,0,4.56420826,-72.77609177,2062344.3657,5024827.01835,
6287,30,7,ACTIVA,1,TELARA├æA,0,4.56424414,-72.77601261,2062348.3324,5024835.79425,
6288,30,8,ACTIVA,1,TELARA├æA,0,4.56427728,-72.77592605,2062351.9977,5024845.39175,
6289,30,9,ACTIVA,1,TELARA├æA,0,4.56430611,-72.77584717,2062355.1854,5024854.13676,
6290,30,10,ACTIVA,1,TELARA├æA,0,4.56433830,-72.77575458,2062358.7457,5024864.40187,
6291,30,11,ACTIVA,1,TELARA├æA,0,4.56437096,-72.77567375,2062362.3579,5024873.36293,
6292,30,12,ACTIVA,1,TELARA├æA,0,4.56440935,-72.77558967,2062366.6021,5024882.68461,
6293,30,13,ACTIVA,1,TELARA├æA,0,4.56444347,-72.77550681,2062370.3750,5024891.87132,
6294,30,14,ACTIVA,1,TELARA├æA,0,4.56447698,-72.77542517,2062374.0805,5024900.92294,
6295,30,15,ACTIVA,1,TELARA├æA,0,4.56451536,-72.77534230,2062378.3247,5024910.10950,
6296,30,16,ACTIVA,1,TELARA├æA,0,4.56455009,-72.77526310,2062382.1648,5024918.89083,
6297,30,17,ERRADICADA,0,TELARA├æA,0,4.56458221,-72.77517703,2062385.7165,5024928.43230,
6298,30,18,ACTIVA,1,TELARA├æA,0,4.56461458,-72.77509196,2062389.2960,5024937.86429,
6299,30,19,ACTIVA,1,TELARA├æA,0,4.56465124,-72.77500773,2062393.3491,5024947.20224,
6300,30,20,ACTIVA,1,TELARA├æA,0,4.56468087,-72.77491610,2062396.6268,5024957.36193,
6301,30,21,ACTIVA,1,TELARA├æA,0,4.56471317,-72.77483983,2062400.1988,5024965.81701,
6302,30,22,ACTIVA,1,TELARA├æA,0,4.56474664,-72.77475318,2062403.8999,5024975.42339,
6303,30,23,ACTIVA,1,TELARA├æA,0,4.56478346,-72.77466914,2062407.9707,5024984.74103,
6304,30,24,ACTIVA,1,TELARA├æA,0,4.56481321,-72.77459030,2062411.2607,5024993.48163,
6305,30,25,ACTIVA,1,TELARA├æA,0,4.56485790,-72.77447876,2062416.2027,5025005.84793,
6306,30,26,ACTIVA,1,TELARA├æA,0,4.56489598,-72.77437806,2062420.4138,5025017.01243,
6307,30,27,ACTIVA,1,TELARA├æA,0,4.56492645,-72.77430105,2062423.7826,5025025.54995,
6308,30,28,ACTIVA,1,TELARA├æA,0,4.56496186,-72.77422591,2062427.6988,5025033.88024,
6309,30,29,ACTIVA,1,TELARA├æA,0,4.56498738,-72.77414937,2062430.5207,5025042.36664,
6310,30,30,ACTIVA,1,TELARA├æA,0,4.56501963,-72.77405790,2062434.0878,5025052.50755,
6311,30,31,ACTIVA,1,TELARA├æA,0,4.56505574,-72.77397702,2062438.0801,5025061.47399,
6312,30,32,ERRADICADA,0,TELARA├æA,0,4.56508680,-72.77389952,2062441.5152,5025070.06641,
6313,30,33,ACTIVA,1,TELARA├æA,0,4.56512292,-72.77380992,2062445.5092,5025080.00013,
6314,30,34,ACTIVA,1,TELARA├æA,0,4.56515459,-72.77373375,2062449.0108,5025088.44479,
6315,30,35,ACTIVA,1,TELARA├æA,0,4.56518968,-72.77365330,2062452.8908,5025097.36381,
6316,30,36,ACTIVA,1,TELARA├æA,0,4.56521792,-72.77357114,2062456.0143,5025106.47286,
6317,30,37,ERRADICADA,0,TELARA├æA,0,4.56525243,-72.77349491,2062459.8294,5025114.92407,
6318,30,38,ACTIVA,1,TELARA├æA,0,4.56528912,-72.77341298,2062463.8868,5025124.00704,
6319,30,39,ACTIVA,1,TELARA├æA,0,4.56531962,-72.77331939,2062467.2599,5025134.38413,
6320,30,40,ACTIVA,1,TELARA├æA,0,4.56535332,-72.77323528,2062470.9862,5025143.70920,
6321,30,41,ERRADICADA,0,TELARA├æA,0,4.56539080,-72.77314371,2062475.1316,5025153.86056,
6322,30,42,ACTIVA,1,TELARA├æA,0,4.56542671,-72.77305836,2062479.1022,5025163.32357,
6323,30,43,ACTIVA,1,TELARA├æA,0,4.56546396,-72.77296962,2062483.2208,5025173.16111,
6324,30,44,ACTIVA,1,TELARA├æA,0,4.56549573,-72.77289184,2062486.7338,5025181.78416,
6325,30,45,ACTIVA,1,TELARA├æA,0,4.56553078,-72.77281078,2062490.6100,5025190.77150,
6326,30,46,ACTIVA,1,TELARA├æA,0,4.56556803,-72.77272533,2062494.7284,5025200.24463,
6327,30,47,ACTIVA,1,TELARA├æA,0,4.56560089,-72.77264482,2062498.3625,5025209.17131,
6328,30,48,ACTIVA,1,TELARA├æA,0,4.56563430,-72.77256156,2062502.0573,5025218.40164,
6329,31,1,ACTIVA,1,TELARA├æA,0,4.56397911,-72.77643755,2062319.0338,5024788.68630,
6330,31,2,ERRADICADA,0,TELARA├æA,0,4.56401024,-72.77636252,2062322.4769,5024797.00371,
6331,31,3,ACTIVA,1,TELARA├æA,0,4.56404689,-72.77627487,2062326.5287,5024806.72116,
6332,31,4,ACTIVA,1,TELARA├æA,0,4.56408289,-72.77619564,2062330.5093,5024815.50595,
6333,31,5,ACTIVA,1,TELARA├æA,0,4.56412048,-72.77611141,2062334.6659,5024824.84359,
6334,31,6,ACTIVA,1,TELARA├æA,0,4.56415236,-72.77602576,2062338.1916,5024834.33972,
6335,31,7,ACTIVA,1,TELARA├æA,0,4.56417949,-72.77593773,2062341.1915,5024844.09981,
6336,31,8,ACTIVA,1,TELARA├æA,0,4.56421325,-72.77585211,2062344.9254,5024853.59165,
6337,31,9,ACTIVA,1,TELARA├æA,0,4.56424675,-72.77576806,2062348.6298,5024862.91044,
6338,31,10,ACTIVA,1,TELARA├æA,0,4.56428543,-72.77568553,2062352.9062,5024872.06020,
6339,31,11,ACTIVA,1,TELARA├æA,0,4.56431954,-72.77560361,2062356.6779,5024881.14259,
6340,31,12,ACTIVA,1,TELARA├æA,0,4.56435174,-72.77552041,2062360.2392,5024890.36644,
6341,31,13,ACTIVA,1,TELARA├æA,0,4.56438648,-72.77543904,2062364.0802,5024899.38760,
6342,31,14,ACTIVA,1,TELARA├æA,0,4.56442264,-72.77535719,2062368.0790,5024908.46147,
6343,31,15,ACTIVA,1,TELARA├æA,0,4.56445738,-72.77527249,2062371.9201,5024917.85197,
6344,31,16,ACTIVA,1,TELARA├æA,0,4.56449450,-72.77518779,2062376.0241,5024927.24238,
6345,31,17,ACTIVA,1,TELARA├æA,0,4.56452067,-72.77509833,2062378.9190,5024937.16079,
6346,31,18,ACTIVA,1,TELARA├æA,0,4.56455207,-72.77501696,2062382.3920,5024946.18206,
6347,31,19,ACTIVA,1,TELARA├æA,0,4.56458586,-72.77493702,2062386.1278,5024955.04496,
6348,31,20,ACTIVA,1,TELARA├æA,0,4.56462202,-72.77484851,2062390.1268,5024964.85750,
6349,31,21,ACTIVA,1,TELARA├æA,0,4.56466009,-72.77476714,2062394.3359,5024973.87853,
6350,31,22,ACTIVA,1,TELARA├æA,0,4.56469062,-72.77468792,2062397.7125,5024982.66178,
6351,31,23,ACTIVA,1,TELARA├æA,0,4.56472617,-72.77460009,2062401.6435,5024992.39891,
6352,31,24,ACTIVA,1,TELARA├æA,0,4.56475378,-72.77451938,2062404.6962,5025001.34796,
6353,31,25,ACTIVA,1,TELARA├æA,0,4.56477720,-72.77443866,2062407.2868,5025010.29716,
6354,31,26,ACTIVA,1,TELARA├æA,0,4.56480355,-72.77435041,2062410.2012,5025020.08097,
6355,31,27,ACTIVA,1,TELARA├æA,0,4.56483826,-72.77425548,2062414.0400,5025030.60646,
6356,31,28,ACTIVA,1,TELARA├æA,0,4.56487064,-72.77417620,2062417.6213,5025039.39594,
6357,31,29,ACTIVA,1,TELARA├æA,0,4.56490201,-72.77409451,2062421.0900,5025048.45210,
6358,31,30,ACTIVA,1,TELARA├æA,0,4.56493599,-72.77401413,2062424.8474,5025057.36325,
6359,31,31,ACTIVA,1,TELARA├æA,0,4.56496801,-72.77393180,2062428.3883,5025066.49185,
6360,31,32,ACTIVA,1,TELARA├æA,0,4.56501851,-72.77382052,2062433.9722,5025078.82823,
6361,31,33,ACTIVA,1,TELARA├æA,0,4.56505281,-72.77374064,2062437.7643,5025087.68430,
6362,31,34,ACTIVA,1,TELARA├æA,0,4.56508543,-72.77365783,2062441.3717,5025096.86504,
6363,31,35,ACTIVA,1,TELARA├æA,0,4.56512265,-72.77357921,2062445.4872,5025105.58189,
6364,31,37,ACTIVA,1,TELARA├æA,0,4.56518246,-72.77342656,2062452.1007,5025122.50599,
6365,31,38,ACTIVA,1,TELARA├æA,0,4.56522470,-72.77333455,2062456.7713,5025132.70660,
6366,31,39,ACTIVA,1,TELARA├æA,0,4.56526359,-72.77324254,2062461.0721,5025142.90732,
6367,31,40,ACTIVA,1,TELARA├æA,0,4.56529933,-72.77316723,2062465.0229,5025151.25613,
6368,31,36,ACTIVA,1,TELARA├æA,0,4.56515360,-72.77350560,2062448.9094,5025113.74248,
6369,31,41,ACTIVA,1,TELARA├æA,0,4.56533788,-72.77307574,2062469.2862,5025161.39890,
6370,31,42,ACTIVA,1,TELARA├æA,0,4.56537447,-72.77298622,2062473.3328,5025171.32436,
6371,31,43,ACTIVA,1,TELARA├æA,0,4.56541107,-72.77290911,2062477.3790,5025179.87312,
6372,31,44,ACTIVA,1,TELARA├æA,0,4.56544766,-72.77282677,2062481.4254,5025189.00154,
6373,31,46,ACTIVA,1,TELARA├æA,0,4.56551244,-72.77265075,2062488.5885,5025208.51654,
6374,31,47,ACTIVA,1,TELARA├æA,0,4.56554589,-72.77256752,2062492.2883,5025217.74361,
6375,31,45,ACTIVA,1,TELARA├æA,0,4.56547940,-72.77273230,2062484.9350,5025199.47495,
6376,31,48,ACTIVA,1,TELARA├æA,0,4.56558163,-72.77249480,2062496.2390,5025225.80548,
6377,32,1,ACTIVA,1,TELARA├æA,0,4.56392768,-72.77636861,2062313.3536,5024796.33183,
6378,32,2,ERRADICADA,0,TELARA├æA,0,4.56396035,-72.77628595,2062316.9667,5024805.49666,
6379,32,3,ACTIVA,1,TELARA├æA,0,4.56399303,-72.77620328,2062320.5798,5024814.66148,
6380,32,4,ACTIVA,1,TELARA├æA,0,4.56402047,-72.77611571,2062323.6154,5024824.36991,
6381,32,5,ACTIVA,1,TELARA├æA,0,4.56405380,-72.77603338,2062327.3007,5024833.49848,
6382,32,6,ACTIVA,1,TELARA├æA,0,4.56408909,-72.77595365,2062331.2025,5024842.33715,
6383,32,7,ACTIVA,1,TELARA├æA,0,4.56412568,-72.77586609,2062335.2490,5024852.04527,
6384,32,8,ACTIVA,1,TELARA├æA,0,4.56415836,-72.77578571,2062338.8621,5024860.95648,
6385,32,9,ACTIVA,1,TELARA├æA,0,4.56419364,-72.77570206,2062342.7640,5024870.22990,
6386,32,10,ACTIVA,1,TELARA├æA,0,4.56423285,-72.77561711,2062347.0993,5024879.64809,
6387,32,11,ACTIVA,1,TELARA├æA,0,4.56426749,-72.77553216,2062350.9291,5024889.06644,
6388,32,12,ACTIVA,1,TELARA├æA,0,4.56430016,-72.77545570,2062354.5419,5024897.54290,
6389,32,13,ACTIVA,1,TELARA├æA,0,4.56433022,-72.77536356,2062357.8666,5024907.75845,
6390,32,14,ACTIVA,1,TELARA├æA,0,4.56436093,-72.77528057,2062361.2631,5024916.95956,
6391,32,15,ERRADICADA,0,TELARA├æA,0,4.56439448,-72.77519934,2062364.9723,5024925.96505,
6392,32,16,ACTIVA,1,TELARA├æA,0,4.56442951,-72.77511716,2062368.8464,5024935.07653,
6393,32,17,ACTIVA,1,TELARA├æA,0,4.56446520,-72.77503389,2062372.7926,5024944.30870,
6394,32,18,ACTIVA,1,TELARA├æA,0,4.56450163,-72.77495061,2062376.8210,5024953.54084,
6395,32,19,ACTIVA,1,TELARA├æA,0,4.56453352,-72.77486374,2062380.3468,5024963.17216,
6396,32,20,ACTIVA,1,TELARA├æA,0,4.56457063,-72.77478713,2062384.4505,5024971.66561,
6397,32,21,ACTIVA,1,TELARA├æA,0,4.56460251,-72.77470195,2062387.9762,5024981.10896,
6398,32,22,ACTIVA,1,TELARA├æA,0,4.56463535,-72.77462582,2062391.6067,5024989.54979,
6399,32,23,ERRADICADA,0,TELARA├æA,0,4.56465645,-72.77454392,2062393.9412,5024998.63021,
6400,32,24,ERRADICADA,0,TELARA├æA,0,4.56467879,-72.77445722,2062396.4125,5025008.24270,
6401,32,25,ACTIVA,1,TELARA├æA,0,4.56470089,-72.77437142,2062398.8582,5025017.75557,
6402,32,26,ACTIVA,1,TELARA├æA,0,4.56473913,-72.77427293,2062403.0862,5025028.67495,
6403,32,27,ACTIVA,1,TELARA├æA,0,4.56477540,-72.77419496,2062407.0970,5025037.31827,
6404,32,28,ACTIVA,1,TELARA├æA,0,4.56480969,-72.77411081,2062410.8883,5025046.64850,
6405,32,29,ACTIVA,1,TELARA├æA,0,4.56484556,-72.77403314,2062414.8550,5025055.25888,
6406,32,30,ACTIVA,1,TELARA├æA,0,4.56487907,-72.77394562,2062418.5608,5025064.96218,
6407,32,31,ACTIVA,1,TELARA├æA,0,4.56492323,-72.77384982,2062423.4430,5025075.58309,
6408,32,32,ACTIVA,1,TELARA├æA,0,4.56495674,-72.77377018,2062427.1484,5025084.41211,
6409,32,33,ACTIVA,1,TELARA├æA,0,4.56499143,-72.77368266,2062430.9849,5025094.11537,
6410,32,34,ACTIVA,1,TELARA├æA,0,4.56502376,-72.77359987,2062434.5598,5025103.29414,
6411,32,35,ACTIVA,1,TELARA├æA,0,4.56506003,-72.77351669,2062438.5703,5025112.51649,
6412,32,36,ACTIVA,1,TELARA├æA,0,4.56509196,-72.77344257,2062442.1013,5025120.73357,
6413,32,37,ACTIVA,1,TELARA├æA,0,4.56513612,-72.77334637,2062446.9836,5025131.39819,
6414,32,38,ACTIVA,1,TELARA├æA,0,4.56516963,-72.77325806,2062450.6893,5025141.18891,
6415,32,39,ACTIVA,1,TELARA├æA,0,4.56520629,-72.77317646,2062454.7434,5025150.23639,
6416,32,40,ACTIVA,1,TELARA├æA,0,4.56523939,-72.77309423,2062458.4027,5025159.35229,
6417,32,41,ACTIVA,1,TELARA├æA,0,4.56528251,-72.77300799,2062463.1702,5025168.91317,
6418,32,42,ACTIVA,1,TELARA├æA,0,4.56531634,-72.77291504,2062466.9114,5025179.21826,
6419,32,43,ACTIVA,1,TELARA├æA,0,4.56534933,-72.77283045,2062470.5598,5025188.59706,
6420,32,44,ACTIVA,1,TELARA├æA,0,4.56538486,-72.77275008,2062474.4884,5025197.50678,
6421,32,45,ACTIVA,1,TELARA├æA,0,4.56542293,-72.77265703,2062478.6980,5025207.82341,
6422,32,46,ACTIVA,1,TELARA├æA,0,4.56545676,-72.77257412,2062482.4397,5025217.01458,
6423,32,47,ACTIVA,1,TELARA├æA,0,4.56548806,-72.77249207,2062485.9011,5025226.11204,
6424,32,48,ACTIVA,1,TELARA├æA,0,4.56552309,-72.77241427,2062489.7736,5025234.73663,
6425,33,1,ACTIVA,1,TELARA├æA,0,4.56386719,-72.77629182,2062306.6728,5024804.84833,
6426,33,2,ERRADICADA,0,TELARA├æA,0,4.56389670,-72.77622005,2062309.9361,5024812.80528,
6427,33,3,ACTIVA,1,TELARA├æA,0,4.56393409,-72.77612913,2062314.0698,5024822.88483,
6428,33,4,ACTIVA,1,TELARA├æA,0,4.56396569,-72.77605252,2062317.5649,5024831.37918,
6429,33,5,ACTIVA,1,TELARA├æA,0,4.56399712,-72.77596554,2062321.0401,5024841.02228,
6430,33,6,ACTIVA,1,TELARA├æA,0,4.56403977,-72.77588081,2062325.7553,5024850.41611,
6431,33,7,ACTIVA,1,TELARA├æA,0,4.56407045,-72.77580148,2062329.1484,5024859.21055,
6432,33,8,ACTIVA,1,TELARA├æA,0,4.56410780,-72.77571996,2062333.2781,5024868.24866,
6433,33,9,ACTIVA,1,TELARA├æA,0,4.56414515,-72.77563736,2062337.4079,5024877.40623,
6434,33,10,ACTIVA,1,TELARA├æA,0,4.56417767,-72.77555067,2062341.0043,5024887.01705,
6435,33,11,ACTIVA,1,TELARA├æA,0,4.56420750,-72.77545955,2062344.3034,5024897.11961,
6436,33,12,ACTIVA,1,TELARA├æA,0,4.56423610,-72.77538150,2062347.4665,5024905.77238,
6437,33,13,ACTIVA,1,TELARA├æA,0,4.56427489,-72.77529665,2062351.7548,5024915.17957,
6438,33,14,ACTIVA,1,TELARA├æA,0,4.56430687,-72.77521136,2062355.2920,5024924.63598,
6439,33,15,ACTIVA,1,TELARA├æA,0,4.56434166,-72.77513224,2062359.1389,5024933.40787,
6440,33,16,ACTIVA,1,TELARA├æA,0,4.56437814,-72.77504806,2062363.1720,5024942.73968,
6441,33,17,ACTIVA,1,TELARA├æA,0,4.56441012,-72.77496838,2062366.7090,5024951.57389,
6442,33,18,ACTIVA,1,TELARA├æA,0,4.56444660,-72.77488365,2062370.7421,5024960.96792,
6443,33,19,ACTIVA,1,TELARA├æA,0,4.56448117,-72.77480107,2062374.5651,5024970.12250,
6444,33,20,ACTIVA,1,TELARA├æA,0,4.56451318,-72.77471898,2062378.1048,5024979.22409,
6445,33,21,ACTIVA,1,TELARA├æA,0,4.56454331,-72.77463312,2062381.4366,5024988.74329,
6446,33,22,ACTIVA,1,TELARA├æA,0,4.56457870,-72.77455517,2062385.3506,5024997.38545,
6447,33,23,ERRADICADA,0,TELARA├æA,0,4.56459105,-72.77448145,2062386.7173,5025005.55904,
6448,33,24,ACTIVA,1,TELARA├æA,0,4.56460507,-72.77439133,2062388.2689,5025015.55077,
6449,33,25,ACTIVA,1,TELARA├æA,0,4.56463566,-72.77430425,2062391.6527,5025025.20565,
6450,33,26,ACTIVA,1,TELARA├æA,0,4.56466979,-72.77421893,2062395.4266,5025034.66469,
6451,33,27,ACTIVA,1,TELARA├æA,0,4.56470571,-72.77414392,2062399.3979,5025042.98019,
6452,33,28,ACTIVA,1,TELARA├æA,0,4.56473980,-72.77405508,2062403.1684,5025052.83057,
6453,33,29,ACTIVA,1,TELARA├æA,0,4.56478114,-72.77395697,2062407.7395,5025063.70666,
6454,33,30,ACTIVA,1,TELARA├æA,0,4.56481436,-72.77387427,2062411.4128,5025072.87547,
6455,33,31,ACTIVA,1,TELARA├æA,0,4.56485029,-72.77378938,2062415.3862,5025082.28773,
6456,33,32,ACTIVA,1,TELARA├æA,0,4.56489158,-72.77370586,2062419.9512,5025091.54656,
6457,33,33,ACTIVA,1,TELARA├æA,0,4.56492552,-72.77362750,2062423.7035,5025100.23372,
6458,33,34,ACTIVA,1,TELARA├æA,0,4.56496439,-72.77352878,2062428.0018,5025111.17831,
6459,33,35,ACTIVA,1,TELARA├æA,0,4.56499709,-72.77345290,2062431.6177,5025119.59186,
6460,33,36,ACTIVA,1,TELARA├æA,0,4.56504151,-72.77336220,2062436.5293,5025129.64689,
6461,33,37,ACTIVA,1,TELARA├æA,0,4.56507483,-72.77327520,2062440.2137,5025139.29184,
6462,33,38,ACTIVA,1,TELARA├æA,0,4.56511617,-72.77318882,2062444.7843,5025148.86810,
6463,33,39,ERRADICADA,0,TELARA├æA,0,4.56514719,-72.77310841,2062448.2148,5025157.78386,
6464,33,40,ACTIVA,1,TELARA├æA,0,4.56518033,-72.77301977,2062451.8803,5025167.61077,
6465,33,41,ACTIVA,1,TELARA├æA,0,4.56521920,-72.77292907,2062456.1784,5025177.66600,
6466,33,42,ACTIVA,1,TELARA├æA,0,4.56525498,-72.77284400,2062460.1340,5025187.09797,
6467,33,43,ACTIVA,1,TELARA├æA,0,4.56529856,-72.77275863,2062464.9523,5025196.56152,
6468,33,44,ACTIVA,1,TELARA├æA,0,4.56533090,-72.77267282,2062468.5296,5025206.07527,
6469,33,45,ACTIVA,1,TELARA├æA,0,4.56536741,-72.77258208,2062472.5665,5025216.13606,
6470,33,46,ACTIVA,1,TELARA├æA,0,4.56540600,-72.77250103,2062476.8336,5025225.12098,
6471,33,47,ACTIVA,1,TELARA├æA,0,4.56543765,-72.77241536,2062480.3333,5025234.61964,
6472,33,48,ACTIVA,1,TELARA├æA,0,4.56547238,-72.77234512,2062484.1736,5025242.40652,
6473,34,1,ACTIVA,1,TELARA├æA,0,4.56380651,-72.77622968,2062299.9703,5024811.74112,
6474,34,2,ERRADICADA,0,TELARA├æA,0,4.56384003,-72.77614893,2062303.6762,5024820.69277,
6475,34,3,ACTIVA,1,TELARA├æA,0,4.56387747,-72.77606037,2062307.8164,5024830.51164,
6476,34,4,ACTIVA,1,TELARA├æA,0,4.56391144,-72.77597853,2062311.5730,5024839.58472,
6477,34,5,ACTIVA,1,TELARA├æA,0,4.56394747,-72.77589655,2062315.5571,5024848.67383,
6478,34,6,ACTIVA,1,TELARA├æA,0,4.56397894,-72.77581230,2062319.0365,5024858.01441,
6479,34,7,ACTIVA,1,TELARA├æA,0,4.56401765,-72.77572695,2062323.3172,5024867.47670,
6480,34,8,ACTIVA,1,TELARA├æA,0,4.56404493,-72.77564556,2062326.3339,5024876.50035,
6481,34,9,ACTIVA,1,TELARA├æA,0,4.56408015,-72.77555762,2062330.2291,5024886.24967,
6482,34,10,ACTIVA,1,TELARA├æA,0,4.56411547,-72.77547545,2062334.1346,5024895.35975,
6483,34,11,ACTIVA,1,TELARA├æA,0,4.56415007,-72.77539328,2062337.9603,5024904.46986,
6484,34,12,ACTIVA,1,TELARA├æA,0,4.56418395,-72.77530750,2062341.7066,5024913.97961,
6485,34,13,ACTIVA,1,TELARA├æA,0,4.56421855,-72.77522533,2062345.5324,5024923.08971,
6486,34,14,ACTIVA,1,TELARA├æA,0,4.56425212,-72.77514587,2062349.2445,5024931.89892,
6487,34,15,ACTIVA,1,TELARA├æA,0,4.56428991,-72.77506557,2062353.4230,5024940.80201,
6488,34,16,ACTIVA,1,TELARA├æA,0,4.56432245,-72.77498264,2062357.0216,5024949.99627,
6489,34,17,ACTIVA,1,TELARA├æA,0,4.56435185,-72.77489131,2062360.2725,5024960.12182,
6490,34,18,ACTIVA,1,TELARA├æA,0,4.56438334,-72.77480890,2062363.7550,5024969.25791,
6491,34,19,ACTIVA,1,TELARA├æA,0,4.56442270,-72.77472702,2062368.1075,5024978.33554,
6492,34,20,ACTIVA,1,TELARA├æA,0,4.56445315,-72.77464619,2062371.4741,5024987.29707,
6493,34,21,ACTIVA,1,TELARA├æA,0,4.56448936,-72.77456536,2062375.4786,5024996.25841,
6494,34,22,ACTIVA,1,TELARA├æA,0,4.56452453,-72.77448610,2062379.3670,5025005.04518,
6495,34,36,ACTIVA,1,TELARA├æA,0,4.56497697,-72.77327994,2062429.4011,5025138.76986,
6496,34,37,ACTIVA,1,TELARA├æA,0,4.56501097,-72.77319349,2062433.1611,5025148.35417,
6497,34,38,ACTIVA,1,TELARA├æA,0,4.56505249,-72.77310723,2062437.7516,5025157.91798,
6498,34,39,ACTIVA,1,TELARA├æA,0,4.56508709,-72.77302788,2062441.5773,5025166.71476,
6499,34,40,ERRADICADA,0,TELARA├æA,0,4.56512121,-72.77295007,2062445.3494,5025175.34097,
6500,34,41,ACTIVA,1,TELARA├æA,0,4.56515767,-72.77285858,2062449.3821,5025185.48475,
6501,34,42,ACTIVA,1,TELARA├æA,0,4.56519891,-72.77277491,2062453.9415,5025194.76080,
6502,34,43,ACTIVA,1,TELARA├æA,0,4.56524023,-72.77268219,2062458.5101,5025205.03955,
6503,34,44,ACTIVA,1,TELARA├æA,0,4.56527150,-72.77260263,2062461.9683,5025213.86056,
6504,34,45,ACTIVA,1,TELARA├æA,0,4.56531278,-72.77250822,2062466.5325,5025224.32670,
6505,34,46,ACTIVA,1,TELARA├æA,0,4.56534428,-72.77242205,2062470.0167,5025233.88120,
6506,34,47,ACTIVA,1,TELARA├æA,0,4.56538038,-72.77234247,2062474.0076,5025242.70379,
6507,34,48,ACTIVA,1,TELARA├æA,0,4.56540951,-72.77227071,2062477.2294,5025250.65870,
6508,35,1,ERRADICADA,0,TELARA├æA,0,4.56375287,-72.77616860,2062294.0447,5024818.51555,
6509,35,2,ERRADICADA,0,TELARA├æA,0,4.56378686,-72.77608222,2062297.8041,5024828.09169,
6510,35,3,ERRADICADA,0,TELARA├æA,0,4.56382203,-72.77599288,2062301.6927,5024837.99673,
6511,35,4,ERRADICADA,0,TELARA├æA,0,4.56385536,-72.77590818,2062305.3793,5024847.38728,
6512,35,5,ACTIVA,1,TELARA├æA,0,4.56389030,-72.77581943,2062309.2422,5024857.22695,
6513,35,6,ACTIVA,1,TELARA├æA,0,4.56392080,-72.77573860,2062312.6150,5024866.18821,
6514,35,7,ACTIVA,1,TELARA├æA,0,4.56395787,-72.77565681,2062316.7142,5024875.25603,
6515,35,8,ACTIVA,1,TELARA├æA,0,4.56399265,-72.77557769,2062320.5600,5024884.02728,
6516,35,9,ACTIVA,1,TELARA├æA,0,4.56402622,-72.77548782,2062324.2721,5024893.99140,
6517,35,10,ACTIVA,1,TELARA├æA,0,4.56406014,-72.77541041,2062328.0226,5024902.57300,
6518,35,11,ACTIVA,1,TELARA├æA,0,4.56409754,-72.77532475,2062332.1578,5024912.07063,
6519,35,12,ACTIVA,1,TELARA├æA,0,4.56413260,-72.77524205,2062336.0354,5024921.23852,
6520,35,13,ACTIVA,1,TELARA├æA,0,4.56416656,-72.77516106,2062339.7899,5024930.21744,
6521,35,14,ACTIVA,1,TELARA├æA,0,4.56419297,-72.77507194,2062342.7110,5024940.09840,
6522,35,15,ACTIVA,1,TELARA├æA,0,4.56422760,-72.77498734,2062346.5408,5024949.47847,
6523,35,16,ACTIVA,1,TELARA├æA,0,4.56426026,-72.77490768,2062350.1517,5024958.30999,
6524,35,17,ACTIVA,1,TELARA├æA,0,4.56429192,-72.77482356,2062353.6535,5024967.63530,
6525,35,18,ACTIVA,1,TELARA├æA,0,4.56432420,-72.77474338,2062357.2224,5024976.52535,
6526,35,19,ACTIVA,1,TELARA├æA,0,4.56436416,-72.77465612,2062361.6418,5024986.19904,
6527,35,20,ACTIVA,1,TELARA├æA,0,4.56439456,-72.77458069,2062365.0033,5024994.56224,
6528,35,21,ACTIVA,1,TELARA├æA,0,4.56443116,-72.77450356,2062369.0491,5025003.11249,
6529,35,36,ACTIVA,1,TELARA├æA,0,4.56492060,-72.77320836,2062423.1750,5025146.70847,
6530,35,37,ACTIVA,1,TELARA├æA,0,4.56496276,-72.77312568,2062427.8356,5025155.87522,
6531,35,38,ACTIVA,1,TELARA├æA,0,4.56500086,-72.77303651,2062432.0485,5025165.76119,
6532,35,39,ACTIVA,1,TELARA├æA,0,4.56503433,-72.77296502,2062435.7493,5025173.68703,
6533,35,40,ACTIVA,1,TELARA├æA,0,4.56506661,-72.77288754,2062439.3189,5025182.27646,
6534,35,41,ACTIVA,1,TELARA├æA,0,4.56510811,-72.77280084,2062443.9079,5025191.88826,
6535,35,42,ACTIVA,1,TELARA├æA,0,4.56515054,-72.77270861,2062448.5991,5025202.11363,
6536,35,44,ACTIVA,1,TELARA├æA,0,4.56521879,-72.77252783,2062456.1469,5025222.15588,
6537,35,43,ACTIVA,1,TELARA├æA,0,4.56518190,-72.77261269,2062452.0675,5025212.74847,
6538,35,45,ERRADICADA,0,TELARA├æA,0,4.56525794,-72.77243604,2062460.4760,5025232.33207,
6539,35,46,ACTIVA,1,TELARA├æA,0,4.56529275,-72.77235443,2062464.3250,5025241.37978,
6540,35,47,ACTIVA,1,TELARA├æA,0,4.56532647,-72.77227350,2062468.0540,5025250.35267,
6541,35,48,ACTIVA,1,TELARA├æA,0,4.56535827,-72.77220423,2062471.5693,5025258.03231,
6542,36,1,ERRADICADA,0,TELARA├æA,0,4.56369379,-72.77610100,2062287.5193,5024826.01255,
6543,36,2,ERRADICADA,0,TELARA├æA,0,4.56372945,-72.77601018,2062291.4629,5024836.08171,
6544,36,3,ACTIVA,1,TELARA├æA,0,4.56376399,-72.77592223,2062295.2820,5024845.83266,
6545,36,4,ACTIVA,1,TELARA├æA,0,4.56379789,-72.77583608,2062299.0316,5024855.38378,
6546,36,5,ACTIVA,1,TELARA├æA,0,4.56383456,-72.77575491,2062303.0860,5024864.38305,
6547,36,6,ERRADICADA,0,TELARA├æA,0,4.56386486,-72.77566996,2062306.4362,5024873.80069,
6548,36,7,ERRADICADA,0,TELARA├æA,0,4.56390032,-72.77558199,2062310.3575,5024883.55394,
6549,36,8,ERRADICADA,0,TELARA├æA,0,4.56393398,-72.77549847,2062314.0803,5024892.81331,
6550,36,9,ERRADICADA,0,TELARA├æA,0,4.56396713,-72.77541624,2062317.7457,5024901.92984,
6551,36,10,ERRADICADA,0,TELARA├æA,0,4.56399999,-72.77533471,2062321.3797,5024910.96859,
6552,36,12,ACTIVA,1,TELARA├æA,0,4.56406765,-72.77516688,2062328.8611,5024929.57644,
6553,36,11,ERRADICADA,0,TELARA├æA,0,4.56403540,-72.77524687,2062325.2954,5024920.70769,
6554,36,13,ACTIVA,1,TELARA├æA,0,4.56409729,-72.77508474,2062332.1393,5024938.68300,
6555,36,14,ACTIVA,1,TELARA├æA,0,4.56413988,-72.77500130,2062336.8479,5024947.93326,
6556,36,15,ACTIVA,1,TELARA├æA,0,4.56416987,-72.77492134,2062340.1639,5024956.79848,
6557,36,16,ACTIVA,1,TELARA├æA,0,4.56420698,-72.77484290,2062344.2674,5024965.49383,
6558,36,18,ACTIVA,1,TELARA├æA,0,4.56426852,-72.77467580,2062351.0725,5024984.02023,
6559,36,17,ERRADICADA,0,TELARA├æA,0,4.56423865,-72.77475689,2062347.7701,5024975.02965,
6560,36,19,ACTIVA,1,TELARA├æA,0,4.56430621,-72.77459071,2062355.2400,5024993.45384,
6561,36,20,ACTIVA,1,TELARA├æA,0,4.56433771,-72.77450935,2062358.7237,5025002.47459,
6562,36,21,ACTIVA,1,TELARA├æA,0,4.56436739,-72.77442302,2062362.0064,5025012.04559,
6563,36,36,ERRADICADA,0,TELARA├æA,0,4.56487203,-72.77314327,2062417.8104,5025153.92738,
6564,36,37,ACTIVA,1,TELARA├æA,0,4.56490629,-72.77305095,2062421.5988,5025164.16251,
6565,36,39,ERRADICADA,0,TELARA├æA,0,4.56497487,-72.77288983,2062429.1825,5025182.02539,
6566,36,38,ACTIVA,1,TELARA├æA,0,4.56494584,-72.77296888,2062425.9724,5025173.26209,
6567,36,40,ACTIVA,1,TELARA├æA,0,4.56500539,-72.77280672,2062432.5579,5025191.24005,
6568,36,41,ACTIVA,1,TELARA├æA,0,4.56504728,-72.77271934,2062437.1887,5025200.92700,
6569,36,42,ACTIVA,1,TELARA├æA,0,4.56508343,-72.77263440,2062441.1860,5025210.34394,
6570,36,43,ACTIVA,1,TELARA├æA,0,4.56512728,-72.77253638,2062446.0352,5025221.21172,
6571,36,44,ACTIVA,1,TELARA├æA,0,4.56516271,-72.77245258,2062449.9534,5025230.50134,
6572,36,45,ACTIVA,1,TELARA├æA,0,4.56519988,-72.77235962,2062454.0636,5025240.80777,
6573,36,46,ACTIVA,1,TELARA├æA,0,4.56523752,-72.77228469,2062458.2248,5025249.11481,
6574,36,47,ACTIVA,1,TELARA├æA,0,4.56527454,-72.77219965,2062462.3181,5025258.54273,
6575,36,48,ACTIVA,1,TELARA├æA,0,4.56530606,-72.77212732,2062465.8037,5025266.56238,
6576,37,1,ERRADICADA,0,TELARA├æA,0,4.56363463,-72.77603332,2062280.9857,5024833.51893,
6577,37,2,ERRADICADA,0,TELARA├æA,0,4.56367476,-72.77594155,2062285.4223,5024843.69301,
6578,37,3,ACTIVA,1,TELARA├æA,0,4.56371309,-72.77585388,2062289.6609,5024853.41293,
6579,37,4,ACTIVA,1,TELARA├æA,0,4.56374745,-72.77577185,2062293.4605,5024862.50730,
6580,37,5,ACTIVA,1,TELARA├æA,0,4.56378276,-72.77568611,2062297.3644,5024872.01305,
6581,37,6,ACTIVA,1,TELARA├æA,0,4.56381197,-72.77560508,2062300.5952,5024880.99702,
6582,37,7,ACTIVA,1,TELARA├æA,0,4.56384873,-72.77552473,2062304.6597,5024889.90426,
6583,37,8,ACTIVA,1,TELARA├æA,0,4.56388316,-72.77543254,2062308.4672,5024900.12603,
6584,37,9,ACTIVA,1,TELARA├æA,0,4.56391152,-72.77535097,2062311.6028,5024909.16970,
6585,37,10,ACTIVA,1,TELARA├æA,0,4.56394892,-72.77526391,2062315.7389,5024918.82106,
6586,37,11,ERRADICADA,0,TELARA├æA,0,4.56398341,-72.77518169,2062319.5521,5024927.93630,
6587,37,12,ERRADICADA,0,TELARA├æA,0,4.56401872,-72.77509749,2062323.4571,5024937.27126,
6588,37,13,ERRADICADA,0,TELARA├æA,0,4.56405146,-72.77501943,2062327.0773,5024945.92546,
6589,37,14,ACTIVA,1,TELARA├æA,0,4.56408373,-72.77493496,2062330.6463,5024955.29036,
6590,37,15,ACTIVA,1,TELARA├æA,0,4.56411760,-72.77485094,2062334.3910,5024964.60563,
6591,37,16,ACTIVA,1,TELARA├æA,0,4.56414889,-72.77477242,2062337.8510,5024973.31090,
6592,37,17,ACTIVA,1,TELARA├æA,0,4.56418348,-72.77468824,2062341.6766,5024982.64447,
6593,37,18,ACTIVA,1,TELARA├æA,0,4.56421031,-72.77459680,2062344.6439,5024992.78218,
6594,37,19,ERRADICADA,0,TELARA├æA,0,4.56424059,-72.77451484,2062347.9929,5025001.86917,
6595,37,20,ACTIVA,1,TELARA├æA,0,4.56427278,-72.77443432,2062351.5519,5025010.79563,
6596,37,21,ACTIVA,1,TELARA├æA,0,4.56431243,-72.77434781,2062355.9364,5025020.38653,
6597,37,36,ACTIVA,1,TELARA├æA,0,4.56481638,-72.77306598,2062411.6641,5025162.49930,
6598,37,37,ACTIVA,1,TELARA├æA,0,4.56485355,-72.77297073,2062415.7748,5025173.06000,
6599,37,38,ACTIVA,1,TELARA├æA,0,4.56488453,-72.77289328,2062419.2003,5025181.64591,
6600,37,39,ACTIVA,1,TELARA├æA,0,4.56492015,-72.77281429,2062423.1393,5025190.40339,
6601,37,40,ACTIVA,1,TELARA├æA,0,4.56495423,-72.77273762,2062426.9071,5025198.90332,
6602,37,41,ACTIVA,1,TELARA├æA,0,4.56499347,-72.77265068,2062431.2464,5025208.54253,
6603,37,42,ACTIVA,1,TELARA├æA,0,4.56503363,-72.77256628,2062435.6867,5025217.89960,
6604,37,43,ACTIVA,1,TELARA├æA,0,4.56507515,-72.77246758,2062440.2778,5025228.84153,
6605,37,44,ACTIVA,1,TELARA├æA,0,4.56511055,-72.77238250,2062444.1916,5025238.27424,
6606,37,45,ACTIVA,1,TELARA├æA,0,4.56515103,-72.77229165,2062448.6682,5025248.34677,
6607,37,46,ACTIVA,1,TELARA├æA,0,4.56518501,-72.77221411,2062452.4253,5025256.94330,
6608,37,47,ERRADICADA,0,TELARA├æA,0,4.56521672,-72.77212692,2062455.9319,5025266.60935,
6609,37,48,ACTIVA,1,TELARA├æA,0,4.56524399,-72.77205286,2062458.9478,5025274.82035,
6610,38,1,ERRADICADA,0,TELARA├æA,0,4.56357880,-72.77596093,2062274.8190,5024841.54755,
6611,38,2,ACTIVA,1,TELARA├æA,0,4.56361799,-72.77587032,2062279.1524,5024851.59314,
6612,38,3,ACTIVA,1,TELARA├æA,0,4.56365903,-72.77578264,2062283.6903,5024861.31433,
6613,38,4,ACTIVA,1,TELARA├æA,0,4.56369040,-72.77570502,2062287.1585,5024869.91891,
6614,38,5,ACTIVA,1,TELARA├æA,0,4.56373133,-72.77561678,2062291.6843,5024879.70202,
6615,38,6,ACTIVA,1,TELARA├æA,0,4.56375791,-72.77553226,2062294.6240,5024889.07302,
6616,38,7,ACTIVA,1,TELARA├æA,0,4.56379229,-72.77544893,2062298.4260,5024898.31172,
6617,38,9,ACTIVA,1,TELARA├æA,0,4.56386306,-72.77529073,2062306.2506,5024915.85067,
6618,38,10,ACTIVA,1,TELARA├æA,0,4.56390388,-72.77520465,2062310.7645,5024925.39329,
6619,38,8,ACTIVA,1,TELARA├æA,0,4.56383142,-72.77536592,2062302.7519,5024907.51489,
6620,38,11,ACTIVA,1,TELARA├æA,0,4.56393518,-72.77512085,2062314.2259,5024934.68475,
6621,38,13,ACTIVA,1,TELARA├æA,0,4.56400413,-72.77494908,2062321.8504,5024953.72851,
6622,38,12,ACTIVA,1,TELARA├æA,0,4.56397510,-72.77503254,2062318.6397,5024944.47470,
6623,38,14,ACTIVA,1,TELARA├æA,0,4.56403075,-72.77487226,2062324.7936,5024962.24470,
6624,38,15,ACTIVA,1,TELARA├æA,0,4.56405433,-72.77478214,2062327.4030,5024972.23640,
6625,38,16,ACTIVA,1,TELARA├æA,0,4.56408941,-72.77469505,2062331.2822,5024981.89238,
6626,38,17,ACTIVA,1,TELARA├æA,0,4.56411784,-72.77461823,2062334.4258,5024990.40851,
6627,38,18,ACTIVA,1,TELARA├æA,0,4.56415169,-72.77453066,2062338.1687,5025000.11818,
6628,38,19,ACTIVA,1,TELARA├æA,0,4.56418306,-72.77444831,2062341.6385,5025009.24792,
6629,38,20,ACTIVA,1,TELARA├æA,0,4.56421517,-72.77437117,2062345.1887,5025017.79938,
6630,38,21,ACTIVA,1,TELARA├æA,0,4.56425194,-72.77428060,2062349.2550,5025027.84159,
6631,38,36,ACTIVA,1,TELARA├æA,0,4.56475775,-72.77298399,2062405.1886,5025171.59276,
6632,38,37,ACTIVA,1,TELARA├æA,0,4.56479767,-72.77289750,2062409.6023,5025181.18149,
6633,38,39,ACTIVA,1,TELARA├æA,0,4.56486541,-72.77275053,2062417.0924,5025197.47563,
6634,38,40,ERRADICADA,0,TELARA├æA,0,4.56489958,-72.77267526,2062420.8713,5025205.82000,
6635,38,38,ACTIVA,1,TELARA├æA,0,4.56483275,-72.77282190,2062413.4811,5025189.56324,
6636,38,41,ACTIVA,1,TELARA├æA,0,4.56493746,-72.77258505,2062425.0599,5025215.82134,
6637,38,43,ERRADICADA,0,TELARA├æA,0,4.56501626,-72.77239152,2062433.7731,5025237.27701,
6638,38,42,ACTIVA,1,TELARA├æA,0,4.56497438,-72.77249339,2062429.1418,5025225.98370,
6639,38,44,ACTIVA,1,TELARA├æA,0,4.56504961,-72.77230962,2062437.4606,5025246.35721,
6640,38,45,ACTIVA,1,TELARA├æA,0,4.56508999,-72.77220773,2062441.9266,5025257.65351,
6641,38,47,ACTIVA,1,TELARA├æA,0,4.56515762,-72.77205473,2062449.4044,5025274.61631,
6642,38,48,ERRADICADA,0,TELARA├æA,0,4.56517663,-72.77199653,2062451.5072,5025281.06890,
6643,38,46,ACTIVA,1,TELARA├æA,0,4.56512367,-72.77213728,2062445.6502,5025265.46392,
6644,39,1,ERRADICADA,0,TELARA├æA,0,4.56352387,-72.77588970,2062268.7514,5024849.44718,
6645,39,2,ACTIVA,1,TELARA├æA,0,4.56356053,-72.77579238,2062272.8061,5024860.23723,
6646,39,3,ACTIVA,1,TELARA├æA,0,4.56359711,-72.77571070,2062276.8508,5024869.29269,
6647,39,4,ACTIVA,1,TELARA├æA,0,4.56363045,-72.77562824,2062280.5368,5024878.43495,
6648,39,5,ACTIVA,1,TELARA├æA,0,4.56366380,-72.77554614,2062284.2249,5024887.53720,
6649,39,6,ACTIVA,1,TELARA├æA,0,4.56370196,-72.77546308,2062288.4447,5024896.74597,
6650,39,7,ACTIVA,1,TELARA├æA,0,4.56373628,-72.77538322,2062292.2391,5024905.59926,
6651,39,8,ACTIVA,1,TELARA├æA,0,4.56377925,-72.77529246,2062296.9907,5024915.66130,
6652,39,9,ACTIVA,1,TELARA├æA,0,4.56380651,-72.77521549,2062300.0054,5024924.19479,
6653,39,10,ACTIVA,1,TELARA├æA,0,4.56383914,-72.77513243,2062303.6139,5024933.40375,
6654,39,11,ACTIVA,1,TELARA├æA,0,4.56387522,-72.77504724,2062307.6033,5024942.84816,
6655,39,12,ACTIVA,1,TELARA├æA,0,4.56390679,-72.77496205,2062311.0945,5024952.29274,
6656,39,13,ACTIVA,1,TELARA├æA,0,4.56393889,-72.77487141,2062314.6445,5024962.34231,
6657,39,14,ACTIVA,1,TELARA├æA,0,4.56396968,-72.77478817,2062318.0492,5024971.57107,
6658,39,15,ACTIVA,1,TELARA├æA,0,4.56400389,-72.77471462,2062321.8316,5024979.72502,
6659,39,16,ACTIVA,1,TELARA├æA,0,4.56403001,-72.77463355,2062324.7205,5024988.71293,
6660,39,17,ACTIVA,1,TELARA├æA,0,4.56406208,-72.77454981,2062328.2670,5024997.99696,
6661,39,18,ACTIVA,1,TELARA├æA,0,4.56409950,-72.77446697,2062332.4040,5025007.18203,
6662,39,19,ACTIVA,1,TELARA├æA,0,4.56413246,-72.77437966,2062336.0491,5025016.86115,
6663,39,20,ACTIVA,1,TELARA├æA,0,4.56416096,-72.77429681,2062339.2018,5025026.04653,
6664,39,21,ACTIVA,1,TELARA├æA,0,4.56418820,-72.77421056,2062342.2141,5025035.60909,
6665,39,37,ACTIVA,1,TELARA├æA,0,4.56474032,-72.77283161,2062403.2684,5025188.48905,
6666,39,38,ACTIVA,1,TELARA├æA,0,4.56477796,-72.77275633,2062407.4302,5025196.83522,
6667,39,39,ACTIVA,1,TELARA├æA,0,4.56481118,-72.77267588,2062411.1029,5025205.75441,
6668,39,40,ACTIVA,1,TELARA├æA,0,4.56484312,-72.77260898,2062414.6347,5025213.17149,
6669,39,41,ACTIVA,1,TELARA├æA,0,4.56487758,-72.77251163,2062418.4461,5025223.96401,
6670,39,42,ACTIVA,1,TELARA├æA,0,4.56491332,-72.77242225,2062422.3983,5025233.87376,
6671,39,43,ACTIVA,1,TELARA├æA,0,4.56496116,-72.77232013,2062427.6871,5025245.19470,
6672,39,44,ACTIVA,1,TELARA├æA,0,4.56499727,-72.77223837,2062431.6799,5025254.25897,
6673,39,45,ACTIVA,1,TELARA├æA,0,4.56503758,-72.77213424,2062436.1374,5025265.80363,
6674,39,46,ERRADICADA,0,TELARA├æA,0,4.56505941,-72.77208050,2062438.5518,5025271.76213,
6675,39,47,ACTIVA,1,TELARA├æA,0,4.56508292,-72.77201164,2062441.1523,5025279.39662,
6676,39,48,ACTIVA,1,TELARA├æA,0,4.56511147,-72.77193606,2062444.3098,5025287.77583,
6677,40,1,ERRADICADA,0,TELARA├æA,0,4.56346371,-72.77581171,2062262.1076,5024858.09699,
6678,40,3,ACTIVA,1,TELARA├æA,0,4.56354068,-72.77564223,2062270.6178,5024876.88697,
6679,40,2,ACTIVA,1,TELARA├æA,0,4.56350418,-72.77572461,2062266.5822,5024867.75368,
6680,40,4,ACTIVA,1,TELARA├æA,0,4.56357558,-72.77555713,2062274.4771,5024886.32107,
6681,40,5,ACTIVA,1,TELARA├æA,0,4.56361381,-72.77547636,2062278.7036,5024895.27592,
6682,40,7,ACTIVA,1,TELARA├æA,0,4.56368208,-72.77531279,2062286.2533,5024913.41006,
6683,40,8,ACTIVA,1,TELARA├æA,0,4.56371539,-72.77522836,2062289.9362,5024922.77064,
6684,40,6,ACTIVA,1,TELARA├æA,0,4.56364936,-72.77539489,2062282.6351,5024904.30860,
6685,40,9,ACTIVA,1,TELARA├æA,0,4.56374360,-72.77513966,2062293.0563,5024932.60515,
6686,40,10,ACTIVA,1,TELARA├æA,0,4.56377875,-72.77505384,2062296.9430,5024942.11954,
6687,40,11,ACTIVA,1,TELARA├æA,0,4.56381390,-72.77497396,2062300.8295,5024950.97593,
6688,40,12,ACTIVA,1,TELARA├æA,0,4.56384393,-72.77489123,2062304.1512,5024960.14833,
6689,40,13,ERRADICADA,0,TELARA├æA,0,4.56388169,-72.77480446,2062308.3264,5024969.76804,
6690,40,15,ACTIVA,1,TELARA├æA,0,4.56394307,-72.77464290,2062315.1138,5024987.67920,
6691,40,14,ACTIVA,1,TELARA├æA,0,4.56391489,-72.77472340,2062311.9970,5024978.75435,
6692,40,16,ACTIVA,1,TELARA├æA,0,4.56397540,-72.77456087,2062318.6895,5024996.77419,
6693,40,17,ACTIVA,1,TELARA├æA,0,4.56400774,-72.77448362,2062322.2649,5025005.33803,
6694,40,19,ACTIVA,1,TELARA├æA,0,4.56406642,-72.77430698,2062328.7551,5025024.92252,
6695,40,20,ACTIVA,1,TELARA├æA,0,4.56409995,-72.77422255,2062332.4631,5025034.28305,
6696,40,18,ACTIVA,1,TELARA├æA,0,4.56404007,-72.77440039,2062325.8406,5025014.56581,
6697,40,21,ACTIVA,1,TELARA├æA,0,4.56413289,-72.77414051,2062336.1050,5025043.37802,
6698,40,38,ACTIVA,1,TELARA├æA,0,4.56471450,-72.77266774,2062400.4213,5025206.66077,
6699,40,39,ERRADICADA,0,TELARA├æA,0,4.56474680,-72.77260081,2062403.9924,5025214.08064,
6700,40,40,ACTIVA,1,TELARA├æA,0,4.56478059,-72.77253080,2062407.7282,5025221.84254,
6701,40,41,ACTIVA,1,TELARA├æA,0,4.56482376,-72.77244163,2062412.5019,5025231.72795,
6702,40,42,ACTIVA,1,TELARA├æA,0,4.56485907,-72.77235834,2062416.4055,5025240.96154,
6703,40,43,ACTIVA,1,TELARA├æA,0,4.56490917,-72.77225218,2062421.9457,5025252.73161,
6704,40,44,ACTIVA,1,TELARA├æA,0,4.56494188,-72.77216730,2062425.5622,5025262.14132,
6705,40,45,ERRADICADA,0,TELARA├æA,0,4.56496544,-72.77209528,2062428.1684,5025270.12598,
6706,40,46,ACTIVA,1,TELARA├æA,0,4.56498614,-72.77203203,2062430.4573,5025277.13864,
6707,40,47,ACTIVA,1,TELARA├æA,0,4.56501278,-72.77195059,2062433.4045,5025286.16845,
6708,40,48,ACTIVA,1,TELARA├æA,0,4.56504629,-72.77186449,2062437.1103,5025295.71398,
6709,41,1,ERRADICADA,0,TELARA├æA,0,4.56341323,-72.77574626,2062256.5319,5024865.35623,
6710,41,2,ACTIVA,1,TELARA├æA,0,4.56345266,-72.77565846,2062260.8911,5024875.09016,
6711,41,3,ACTIVA,1,TELARA├æA,0,4.56348302,-72.77557722,2062264.2490,5024884.09668,
6712,41,4,ACTIVA,1,TELARA├æA,0,4.56352313,-72.77549351,2062268.6843,5024893.37799,
6713,41,5,ACTIVA,1,TELARA├æA,0,4.56355453,-72.77541197,2062272.1559,5024902.41787,
6714,41,6,ACTIVA,1,TELARA├æA,0,4.56358374,-72.77532564,2062275.3869,5024911.98965,
6715,41,7,ACTIVA,1,TELARA├æA,0,4.56362124,-72.77523669,2062279.5333,5024921.85122,
6716,41,8,ACTIVA,1,TELARA├æA,0,4.56365307,-72.77515297,2062283.0532,5024931.13282,
6717,41,9,ACTIVA,1,TELARA├æA,0,4.56368665,-72.77507012,2062286.7659,5024940.31766,
6718,41,10,ACTIVA,1,TELARA├æA,0,4.56372371,-72.77498553,2062290.8640,5024949.69578,
6719,41,11,ACTIVA,1,TELARA├æA,0,4.56375379,-72.77490705,2062294.1910,5024958.39726,
6720,41,12,ACTIVA,1,TELARA├æA,0,4.56379271,-72.77481927,2062298.4940,5024968.12885,
6721,41,13,ERRADICADA,0,TELARA├æA,0,4.56382645,-72.77473979,2062302.2244,5024976.93993,
6722,41,14,ACTIVA,1,TELARA├æA,0,4.56386356,-72.77465235,2062306.3288,5024986.63438,
6723,41,15,ACTIVA,1,TELARA├æA,0,4.56388773,-72.77457289,2062309.0011,5024995.44413,
6724,41,16,ACTIVA,1,TELARA├æA,0,4.56391786,-72.77448750,2062312.3342,5025004.91143,
6725,41,17,ACTIVA,1,TELARA├æA,0,4.56394681,-72.77440763,2062315.5353,5025013.76626,
6726,41,18,ACTIVA,1,TELARA├æA,0,4.56397951,-72.77432095,2062319.1519,5025023.37622,
6727,41,19,ACTIVA,1,TELARA├æA,0,4.56401095,-72.77423745,2062322.6279,5025032.63417,
6728,41,20,ACTIVA,1,TELARA├æA,0,4.56404333,-72.77415775,2062326.2091,5025041.46962,
6729,41,21,ACTIVA,1,TELARA├æA,0,4.56407699,-72.77407107,2062329.9309,5025051.07955,
6730,41,22,ACTIVA,1,TELARA├æA,0,4.56411255,-72.77398439,2062333.8631,5025060.68941,
6731,41,39,ACTIVA,1,TELARA├æA,0,4.56468793,-72.77253216,2062397.4902,5025221.69469,
6732,41,40,ACTIVA,1,TELARA├æA,0,4.56472213,-72.77246068,2062401.2709,5025229.61917,
6733,41,41,ACTIVA,1,TELARA├æA,0,4.56476615,-72.77236924,2062406.1389,5025239.75680,
6734,41,42,ACTIVA,1,TELARA├æA,0,4.56479946,-72.77228965,2062409.8214,5025248.58047,
6735,41,43,ACTIVA,1,TELARA├æA,0,4.56485760,-72.77218014,2062416.2493,5025260.72040,
6736,41,45,ACTIVA,1,TELARA├æA,0,4.56488672,-72.77205454,2062419.4711,5025274.64678,
6737,41,46,ACTIVA,1,TELARA├æA,0,4.56491836,-72.77197110,2062422.9710,5025283.89736,
6738,41,47,ACTIVA,1,TELARA├æA,0,4.56494847,-72.77188345,2062426.3008,5025293.61512,
6739,41,48,ACTIVA,1,TELARA├æA,0,4.56498444,-72.77180381,2062430.2775,5025302.44398,
6740,41,44,ERRADICADA,0,TELARA├æA,0,4.56486384,-72.77211616,2062416.9417,5025267.81430,
6741,42,1,ERRADICADA,0,TELARA├æA,0,4.56335586,-72.77567188,2062250.1958,5024873.60547,
6742,42,2,ACTIVA,1,TELARA├æA,0,4.56339824,-72.77557483,2062254.8813,5024884.36551,
6743,42,3,ACTIVA,1,TELARA├æA,0,4.56342881,-72.77549358,2062258.2619,5024893.37285,
6744,42,4,ACTIVA,1,TELARA├æA,0,4.56346169,-72.77541631,2062261.8978,5024901.93979,
6745,42,5,ACTIVA,1,TELARA├æA,0,4.56349498,-72.77533452,2062265.5793,5024911.00804,
6746,42,6,ACTIVA,1,TELARA├æA,0,4.56353115,-72.77525026,2062269.5788,5024920.34964,
6747,42,7,ACTIVA,1,TELARA├æA,0,4.56356445,-72.77516682,2062273.2604,5024929.60018,
6748,42,8,ACTIVA,1,TELARA├æA,0,4.56359903,-72.77508608,2062277.0841,5024938.55164,
6749,42,9,ACTIVA,1,TELARA├æA,0,4.56363741,-72.77500392,2062281.3283,5024947.66004,
6750,42,10,ACTIVA,1,TELARA├æA,0,4.56367243,-72.77491839,2062285.2005,5024957.14190,
6751,42,11,ACTIVA,1,TELARA├æA,0,4.56370341,-72.77483960,2062288.6261,5024965.87720,
6752,42,12,ACTIVA,1,TELARA├æA,0,4.56374247,-72.77475206,2062292.9448,5024975.58293,
6753,42,13,ACTIVA,1,TELARA├æA,0,4.56376814,-72.77466843,2062295.7844,5024984.85438,
6754,42,14,ACTIVA,1,TELARA├æA,0,4.56380068,-72.77458123,2062299.3828,5024994.52249,
6755,42,15,ACTIVA,1,TELARA├æA,0,4.56383127,-72.77450184,2062302.7651,5025003.32477,
6756,42,16,ACTIVA,1,TELARA├æA,0,4.56386120,-72.77441333,2062306.0759,5025013.13729,
6757,42,17,ACTIVA,1,TELARA├æA,0,4.56389283,-72.77433539,2062309.5732,5025021.77790,
6758,42,18,ACTIVA,1,TELARA├æA,0,4.56392740,-72.77425043,2062313.3959,5025031.19771,
6759,42,19,ACTIVA,1,TELARA├æA,0,4.56395280,-72.77416713,2062316.2060,5025040.43312,
6760,42,20,ACTIVA,1,TELARA├æA,0,4.56398654,-72.77408341,2062319.9365,5025049.71442,
6761,42,21,ACTIVA,1,TELARA├æA,0,4.56402527,-72.77399887,2062324.2194,5025059.08790,
6762,42,38,ACTIVA,1,TELARA├æA,0,4.56459546,-72.77253447,2062387.2721,5025221.44191,
6763,42,39,ACTIVA,1,TELARA├æA,0,4.56463252,-72.77245783,2062391.3706,5025229.93799,
6764,42,40,ACTIVA,1,TELARA├æA,0,4.56466293,-72.77238994,2062394.7324,5025237.46450,
6765,42,41,ACTIVA,1,TELARA├æA,0,4.56470000,-72.77228873,2062398.8317,5025248.68528,
6766,42,42,ERRADICADA,0,TELARA├æA,0,4.56472610,-72.77222627,2062401.7179,5025255.61095,
6767,42,43,ACTIVA,1,TELARA├æA,0,4.56475774,-72.77215266,2062405.2163,5025263.77125,
6768,42,44,ACTIVA,1,TELARA├æA,0,4.56479093,-72.77206881,2062408.8867,5025273.06763,
6769,42,45,ACTIVA,1,TELARA├æA,0,4.56482581,-72.77198884,2062412.7441,5025281.93394,
6770,42,46,ACTIVA,1,TELARA├æA,0,4.56485600,-72.77191085,2062416.0823,5025290.57960,
6771,42,47,ACTIVA,1,TELARA├æA,0,4.56489339,-72.77181992,2062420.2170,5025300.66095,
6772,42,48,ACTIVA,1,TELARA├æA,0,4.56492370,-72.77173893,2062423.5690,5025309.64062,
6773,43,1,ERRADICADA,0,TELARA├æA,0,4.56329856,-72.77559759,2062243.8670,5024881.84524,
6774,43,2,ACTIVA,1,TELARA├æA,0,4.56333624,-72.77551283,2062248.0331,5024891.24204,
6775,43,3,ACTIVA,1,TELARA├æA,0,4.56337105,-72.77543110,2062251.8821,5024900.30346,
6776,43,4,ACTIVA,1,TELARA├æA,0,4.56340441,-72.77534799,2062255.5706,5024909.51740,
6777,43,5,ACTIVA,1,TELARA├æA,0,4.56344342,-72.77526375,2062259.8839,5024918.85653,
6778,43,6,ACTIVA,1,TELARA├æA,0,4.56347282,-72.77518403,2062263.1350,5024927.69448,
6779,43,7,ACTIVA,1,TELARA├æA,0,4.56350956,-72.77509753,2062267.1985,5024937.28444,
6780,43,8,ACTIVA,1,TELARA├æA,0,4.56354631,-72.77501329,2062271.2619,5024946.62364,
6781,43,9,ACTIVA,1,TELARA├æA,0,4.56358419,-72.77493132,2062275.4501,5024955.71205,
6782,43,10,ACTIVA,1,TELARA├æA,0,4.56361020,-72.77484199,2062278.3268,5024965.61581,
6783,43,11,ACTIVA,1,TELARA├æA,0,4.56364468,-72.77476454,2062282.1400,5024974.20283,
6784,43,12,ACTIVA,1,TELARA├æA,0,4.56367408,-72.77467973,2062285.3914,5024983.60497,
6785,43,13,ACTIVA,1,TELARA├æA,0,4.56371027,-72.77459436,2062289.3923,5024993.06956,
6786,43,14,ACTIVA,1,TELARA├æA,0,4.56374663,-72.77451243,2062293.4131,5025002.15301,
6787,43,15,ACTIVA,1,TELARA├æA,0,4.56377232,-72.77443500,2062296.2544,5025010.73782,
6788,43,16,ACTIVA,1,TELARA├æA,0,4.56380416,-72.77434346,2062299.7758,5025020.88711,
6789,43,17,ACTIVA,1,TELARA├æA,0,4.56383600,-72.77425770,2062303.2971,5025030.39448,
6790,43,18,ACTIVA,1,TELARA├æA,0,4.56386567,-72.77417774,2062306.5782,5025039.26000,
6791,43,19,ACTIVA,1,TELARA├æA,0,4.56388955,-72.77409813,2062309.2196,5025048.08560,
6792,43,20,ACTIVA,1,TELARA├æA,0,4.56392863,-72.77400985,2062313.5406,5025057.87355,
6793,43,21,ACTIVA,1,TELARA├æA,0,4.56396047,-72.77392663,2062317.0617,5025067.10007,
6794,43,22,ACTIVA,1,TELARA├æA,0,4.56399666,-72.77384341,2062321.0626,5025076.32644,
6795,43,23,ACTIVA,1,TELARA├æA,0,4.56402922,-72.77376489,2062324.6635,5025085.03138,
6796,43,37,ACTIVA,1,TELARA├æA,0,4.56450573,-72.77254437,2062377.3573,5025220.34742,
6797,43,38,ACTIVA,1,TELARA├æA,0,4.56453039,-72.77248225,2062380.0846,5025227.23456,
6798,43,39,ACTIVA,1,TELARA├æA,0,4.56456766,-72.77238836,2062384.2063,5025237.64286,
6799,43,40,ERRADICADA,0,TELARA├æA,0,4.56459522,-72.77232481,2062387.2530,5025244.68930,
6800,43,41,ACTIVA,1,TELARA├æA,0,4.56462442,-72.77225744,2062390.4822,5025252.15755,
6801,43,42,ACTIVA,1,TELARA├æA,0,4.56465860,-72.77216795,2062394.2617,5025262.07985,
6802,43,43,ACTIVA,1,TELARA├æA,0,4.56469685,-72.77208946,2062398.4908,5025270.78091,
6803,43,44,ACTIVA,1,TELARA├æA,0,4.56473010,-72.77200702,2062402.1683,5025279.92066,
6804,43,45,ACTIVA,1,TELARA├æA,0,4.56476336,-72.77192505,2062405.8458,5025289.00846,
6805,43,46,ACTIVA,1,TELARA├æA,0,4.56479755,-72.77184121,2062409.6270,5025298.30399,
6806,43,47,ACTIVA,1,TELARA├æA,0,4.56483175,-72.77176111,2062413.4079,5025307.18401,
6807,1,1,ERRADICADA,0,LAS 20,0,4.56245190,-72.77200496,2062150.4407,5025280.22860,
6808,1,2,ACTIVA,1,LAS 20,0,4.56238666,-72.77195069,2062143.2346,5025286.24937,
6809,1,3,ACTIVA,1,LAS 20,0,4.56230875,-72.77188339,2062134.6281,5025293.71433,
6810,1,4,ACTIVA,1,LAS 20,0,4.56224661,-72.77183243,2062127.7636,5025299.36658,
6811,1,5,ACTIVA,1,LAS 20,0,4.56217359,-72.77177588,2062119.6977,5025305.63934,
6812,1,6,ACTIVA,1,LAS 20,0,4.56210307,-72.77171629,2062111.9081,5025312.24898,
6813,1,7,ACTIVA,1,LAS 20,0,4.56203235,-72.77165931,2062104.0951,5025318.56984,
6814,1,8,ERRADICADA,0,LAS 20,0,4.56196213,-72.77160136,2062096.3383,5025324.99793,
6815,1,9,ACTIVA,1,LAS 20,0,4.56188931,-72.77154126,2062088.2942,5025331.66403,
6816,1,10,ACTIVA,1,LAS 20,0,4.56182237,-72.77148818,2062080.9004,5025337.55189,
6817,1,11,ACTIVA,1,LAS 20,0,4.56175523,-72.77143189,2062073.4838,5025343.79669,
6818,1,12,ERRADICADA,0,LAS 20,0,4.56168208,-72.77137219,2062065.4030,5025350.41861,
6819,1,13,ACTIVA,1,LAS 20,0,4.56161140,-72.77131451,2062057.5951,5025356.81693,
6820,1,14,ACTIVA,1,LAS 20,0,4.56154734,-72.77126341,2062050.5195,5025362.48505,
6821,1,15,ACTIVA,1,LAS 20,0,4.56147520,-72.77120023,2062042.5501,5025369.49299,
6822,1,16,ACTIVA,1,LAS 20,0,4.56140535,-72.77114143,2062034.8340,5025376.01532,
6823,1,17,ACTIVA,1,LAS 20,0,4.56134133,-72.77108805,2062027.7628,5025381.93633,
6824,1,18,ACTIVA,1,LAS 20,0,4.56126961,-72.77103321,2062019.8392,5025388.01945,
6825,1,19,ACTIVA,1,LAS 20,0,4.56119079,-72.77097045,2062011.1326,5025394.98139,
6826,1,20,ACTIVA,1,LAS 20,0,4.56112563,-72.77091573,2062003.9347,5025401.05127,
6827,1,21,ACTIVA,1,LAS 20,0,4.56106079,-72.77086067,2061996.7728,5025407.15872,
6828,1,22,ACTIVA,1,LAS 20,0,4.56098293,-72.77079876,2061988.1713,5025414.02525,
6829,1,23,ACTIVA,1,LAS 20,0,4.56091960,-72.77074586,2061981.1754,5025419.89360,
6830,1,24,ACTIVA,1,LAS 20,0,4.56085030,-72.77068802,2061973.5207,5025426.30968,
6831,1,25,ACTIVA,1,LAS 20,0,4.56077153,-72.77062681,2061964.8195,5025433.09877,
6832,1,26,ACTIVA,1,LAS 20,0,4.56070955,-72.77057565,2061957.9724,5025438.77388,
6833,1,27,ERRADICADA,0,LAS 20,0,4.56063955,-72.77051668,2061950.2406,5025445.31547,
6834,1,28,ACTIVA,1,LAS 20,0,4.56057199,-72.77046033,2061942.7774,5025451.56544,
6835,1,29,ACTIVA,1,LAS 20,0,4.56049555,-72.77039658,2061934.3336,5025458.63664,
6836,1,30,ACTIVA,1,LAS 20,0,4.56042672,-72.77034603,2061926.7298,5025464.24435,
6837,1,31,ACTIVA,1,LAS 20,0,4.56036322,-72.77029032,2061919.7154,5025470.42353,
6838,1,32,ACTIVA,1,LAS 20,0,4.56028943,-72.77022932,2061911.5641,5025477.19001,
6839,1,33,ERRADICADA,0,LAS 20,0,4.56023023,-72.77018093,2061905.0246,5025482.55819,
6840,1,34,ACTIVA,1,LAS 20,0,4.56016005,-72.77012356,2061897.2720,5025488.92225,
6841,1,35,ACTIVA,1,LAS 20,0,4.56008228,-72.77005984,2061888.6816,5025495.98997,
6842,1,36,ACTIVA,1,LAS 20,0,4.56001459,-72.77000096,2061881.2042,5025502.52059,
6843,2,1,ACTIVA,1,LAS 20,0,4.56247824,-72.77192025,2062153.3543,5025289.62104,
6844,2,2,ACTIVA,1,LAS 20,0,4.56240520,-72.77185980,2062145.2856,5025296.32636,
6845,2,3,ACTIVA,1,LAS 20,0,4.56233663,-72.77180621,2062137.7118,5025302.27070,
6846,2,4,ACTIVA,1,LAS 20,0,4.56227147,-72.77174795,2062130.5132,5025308.73290,
6847,2,5,ACTIVA,1,LAS 20,0,4.56220558,-72.77169136,2062123.2358,5025315.01031,
6848,2,6,ACTIVA,1,LAS 20,0,4.56212561,-72.77163122,2062114.4017,5025321.68097,
6849,2,7,ACTIVA,1,LAS 20,0,4.56206044,-72.77157298,2062107.2026,5025328.14164,
6850,2,8,ERRADICADA,0,LAS 20,0,4.56198945,-72.77151331,2062099.3603,5025334.76007,
6851,2,9,ACTIVA,1,LAS 20,0,4.56192275,-72.77145725,2062091.9926,5025340.97792,
6852,2,10,ACTIVA,1,LAS 20,0,4.56185573,-72.77139804,2062084.5891,5025347.54620,
6853,2,11,ACTIVA,1,LAS 20,0,4.56178808,-72.77134634,2062077.1164,5025353.28098,
6854,2,12,ACTIVA,1,LAS 20,0,4.56171106,-72.77128293,2062068.6087,5025360.31413,
6855,2,13,ACTIVA,1,LAS 20,0,4.56164300,-72.77122705,2062061.0902,5025366.51286,
6856,2,14,ACTIVA,1,LAS 20,0,4.56157717,-72.77117336,2062053.8187,5025372.46842,
6857,2,15,ACTIVA,1,LAS 20,0,4.56150037,-72.77110963,2062045.3347,5025379.53812,
6858,2,16,ACTIVA,1,LAS 20,0,4.56143559,-72.77105546,2062038.1787,5025385.54607,
6859,2,17,ACTIVA,1,LAS 20,0,4.56136896,-72.77100281,2062030.8185,5025391.38727,
6860,2,18,ACTIVA,1,LAS 20,0,4.56128979,-72.77093976,2062022.0732,5025398.38079,
6861,2,19,ACTIVA,1,LAS 20,0,4.56122424,-72.77088244,2062014.8319,5025404.73832,
6862,2,20,ACTIVA,1,LAS 20,0,4.56115969,-72.77083107,2062007.7011,5025410.43645,
6863,2,21,ACTIVA,1,LAS 20,0,4.56108449,-72.77076596,2061999.3945,5025417.65863,
6864,2,22,ACTIVA,1,LAS 20,0,4.56101074,-72.77071408,2061991.2474,5025423.41429,
6865,2,23,ACTIVA,1,LAS 20,0,4.56094913,-72.77065820,2061984.4414,5025429.61280,
6866,2,24,ACTIVA,1,LAS 20,0,4.56087999,-72.77060342,2061976.8041,5025435.68923,
6867,2,25,ACTIVA,1,LAS 20,0,4.56080250,-72.77053693,2061968.2443,5025443.06402,
6868,2,26,ACTIVA,1,LAS 20,0,4.56073418,-72.77048489,2061960.6972,5025448.83697,
6869,2,27,ACTIVA,1,LAS 20,0,4.56067171,-72.77043052,2061953.7962,5025454.86720,
6870,2,28,ACTIVA,1,LAS 20,0,4.56059453,-72.77036967,2061945.2711,5025461.61738,
6871,2,29,ACTIVA,1,LAS 20,0,4.56052783,-72.77031869,2061937.9033,5025467.27240,
6872,2,30,ACTIVA,1,LAS 20,0,4.56045852,-72.77026039,2061930.2464,5025473.73884,
6873,2,31,ERRADICADA,0,LAS 20,0,4.56038802,-72.77020150,2061922.4587,5025480.27110,
6874,2,32,ACTIVA,1,LAS 20,0,4.56031944,-72.77014422,2061914.8828,5025486.62564,
6875,2,33,ACTIVA,1,LAS 20,0,4.56025346,-72.77009077,2061907.5946,5025492.55403,
6876,2,34,ACTIVA,1,LAS 20,0,4.56017823,-72.77003131,2061899.2847,5025499.15024,
6877,2,35,ERRADICADA,0,LAS 20,0,4.56011104,-72.76997455,2061891.8628,5025505.44587,
6878,3,1,ACTIVA,1,LAS 20,0,4.56250688,-72.77183491,2062156.5223,5025299.08255,
6879,3,2,ACTIVA,1,LAS 20,0,4.56243352,-72.77177377,2062148.4182,5025305.86401,
6880,3,3,ACTIVA,1,LAS 20,0,4.56236364,-72.77171790,2062140.6994,5025312.06145,
6881,3,4,ACTIVA,1,LAS 20,0,4.56229739,-72.77166417,2062133.3805,5025318.02197,
6882,3,5,ACTIVA,1,LAS 20,0,4.56222403,-72.77160206,2062125.2767,5025324.91059,
6883,3,6,ACTIVA,1,LAS 20,0,4.56215575,-72.77154600,2062117.7342,5025331.12917,
6884,3,7,ACTIVA,1,LAS 20,0,4.56208819,-72.77149409,2062110.2711,5025336.88728,
6885,3,8,ACTIVA,1,LAS 20,0,4.56201268,-72.77142978,2062101.9299,5025344.02125,
6886,3,9,ACTIVA,1,LAS 20,0,4.56194924,-72.77137335,2062094.9223,5025350.28016,
6887,3,10,ACTIVA,1,LAS 20,0,4.56188003,-72.77131698,2062087.2772,5025356.53348,
6888,3,11,ERRADICADA,0,LAS 20,0,4.56181101,-72.77126185,2062079.6534,5025362.64904,
6889,3,12,ACTIVA,1,LAS 20,0,4.56173463,-72.77120082,2062071.2151,5025369.41804,
6890,3,13,ACTIVA,1,LAS 20,0,4.56167053,-72.77114896,2062064.1353,5025375.17105,
6891,3,14,ACTIVA,1,LAS 20,0,4.56160014,-72.77109421,2062056.3588,5025381.24380,
6892,3,15,ACTIVA,1,LAS 20,0,4.56152911,-72.77102709,2062048.5125,5025388.68862,
6893,3,16,ACTIVA,1,LAS 20,0,4.56146145,-72.77097329,2062041.0387,5025394.65643,
6894,3,17,ACTIVA,1,LAS 20,0,4.56139459,-72.77092049,2062033.6530,5025400.51394,
6895,3,18,ACTIVA,1,LAS 20,0,4.56132004,-72.77085183,2062025.4187,5025408.12881,
6896,3,19,ACTIVA,1,LAS 20,0,4.56125190,-72.77079834,2062017.8914,5025414.06275,
6897,3,20,ACTIVA,1,LAS 20,0,4.56118348,-72.77074179,2062010.3332,5025420.33564,
6898,3,21,ACTIVA,1,LAS 20,0,4.56111033,-72.77068542,2062002.2520,5025426.58840,
6899,3,22,ACTIVA,1,LAS 20,0,4.56104155,-72.77063061,2061994.6543,5025432.66800,
6900,3,23,ACTIVA,1,LAS 20,0,4.56097443,-72.77057473,2061987.2399,5025438.86657,
6901,3,24,ACTIVA,1,LAS 20,0,4.56089813,-72.77051193,2061978.8116,5025445.83255,
6902,3,25,ACTIVA,1,LAS 20,0,4.56083063,-72.77045735,2061971.3558,5025451.88713,
6903,3,26,ACTIVA,1,LAS 20,0,4.56076314,-72.77040629,2061963.8999,5025457.55125,
6904,3,27,ACTIVA,1,LAS 20,1,4.56069095,-72.77034290,2061955.9256,5025464.58216,
6905,3,28,ACTIVA,1,LAS 20,0,4.56062052,-72.77029067,2061948.1454,5025470.37654,
6906,3,29,ACTIVA,1,LAS 20,0,4.56055530,-72.77023183,2061940.9414,5025476.90221,
6907,3,30,ACTIVA,1,LAS 20,0,4.56048731,-72.77017962,2061933.4310,5025482.69390,
6908,3,31,ACTIVA,1,LAS 20,0,4.56041294,-72.77011952,2061925.2154,5025489.36046,
6909,3,32,ACTIVA,1,LAS 20,0,4.56034570,-72.77005980,2061917.7883,5025495.98513,
6910,3,33,ACTIVA,1,LAS 20,0,4.56027772,-72.77000533,2061910.2780,5025502.02672,
6911,3,34,ACTIVA,1,LAS 20,0,4.56020147,-72.76994786,2061901.8547,5025508.40180,
6912,3,35,ERRADICADA,0,LAS 20,0,4.56013304,-72.76989810,2061894.2964,5025513.92159,
6913,4,1,ACTIVA,1,LAS 20,0,4.56253599,-72.77174981,2062159.7419,5025308.51725,
6914,4,2,ACTIVA,1,LAS 20,0,4.56246200,-72.77168763,2062151.5678,5025315.41467,
6915,4,3,ACTIVA,1,LAS 20,0,4.56239442,-72.77163384,2062144.1033,5025321.38108,
6916,4,4,ACTIVA,1,LAS 20,0,4.56232929,-72.77157890,2062136.9081,5025327.47570,
6917,4,5,ACTIVA,1,LAS 20,0,4.56225418,-72.77151579,2062128.6119,5025334.47597,
6918,4,6,ACTIVA,1,LAS 20,0,4.56218748,-72.77146062,2062121.2435,5025340.59579,
6919,4,7,ACTIVA,1,LAS 20,0,4.56211963,-72.77140523,2062113.7484,5025346.73964,
6920,4,8,ACTIVA,1,LAS 20,0,4.56204486,-72.77134326,2062105.4886,5025353.61303,
6921,4,9,ACTIVA,1,LAS 20,0,4.56197804,-72.77129065,2062098.1082,5025359.44977,
6922,4,10,ACTIVA,1,LAS 20,0,4.56190801,-72.77123398,2062090.3717,5025365.73525,
6923,4,11,ACTIVA,1,LAS 20,0,4.56183391,-72.77117070,2062082.1861,5025372.75496,
6924,4,12,ACTIVA,1,LAS 20,0,4.56176584,-72.77111548,2062074.6671,5025378.87963,
6925,4,13,ACTIVA,1,LAS 20,0,4.56170041,-72.77106044,2062067.4398,5025384.98502,
6926,4,14,ACTIVA,1,LAS 20,0,4.56162149,-72.77100159,2062058.7208,5025391.51311,
6927,4,15,ACTIVA,1,LAS 20,0,4.56155260,-72.77094343,2062051.1111,5025397.96408,
6928,4,16,ACTIVA,1,LAS 20,0,4.56148611,-72.77089051,2062043.7666,5025403.83441,
6929,4,17,ACTIVA,1,LAS 20,0,4.56142391,-72.77083372,2062036.8955,5025410.13401,
6930,4,18,ACTIVA,1,LAS 20,0,4.56134926,-72.77076881,2062028.6502,5025417.33368,
6931,4,19,ACTIVA,1,LAS 20,0,4.56128003,-72.77071580,2062021.0020,5025423.21370,
6932,4,20,ACTIVA,1,LAS 20,0,4.56121242,-72.77066333,2062013.5332,5025429.03369,
6933,4,21,ACTIVA,1,LAS 20,0,4.56113507,-72.77060005,2062004.9889,5025436.05353,
6934,4,22,ACTIVA,1,LAS 20,0,4.56106854,-72.77054434,2061997.6397,5025442.23334,
6935,4,23,ACTIVA,1,LAS 20,0,4.56099930,-72.77048971,2061989.9916,5025448.29329,
6936,4,24,ACTIVA,1,LAS 20,0,4.56092790,-72.77042967,2061982.1047,5025454.95307,
6937,4,25,ACTIVA,1,LAS 20,0,4.56085813,-72.77036963,2061974.3970,5025461.61280,
6938,4,26,ACTIVA,1,LAS 20,0,4.56079268,-72.77031770,2061967.1672,5025467.37275,
6939,4,27,ACTIVA,1,LAS 20,0,4.56071587,-72.77025279,2061958.6828,5025474.57251,
6940,4,28,ACTIVA,1,LAS 20,0,4.56064988,-72.77019816,2061951.3933,5025480.63235,
6941,4,29,ACTIVA,1,LAS 20,0,4.56058335,-72.77014407,2061944.0440,5025486.63224,
6942,4,30,ACTIVA,1,LAS 20,0,4.56050546,-72.77007917,2061935.4400,5025493.83204,
6943,4,31,ACTIVA,1,LAS 20,0,4.56044326,-72.77003157,2061928.5687,5025499.11207,
6944,4,32,ACTIVA,1,LAS 20,0,4.56037835,-72.76997586,2061921.3988,5025505.29183,
6945,4,33,ACTIVA,1,LAS 20,0,4.56029668,-72.76991419,2061912.3763,5025512.13192,
6946,4,34,ACTIVA,1,LAS 20,0,4.56023123,-72.76986010,2061905.1466,5025518.13177,
6947,4,35,ACTIVA,1,LAS 20,0,4.56016199,-72.76980385,2061897.4986,5025524.37167,
6948,5,1,ACTIVA,1,LAS 20,0,4.56255926,-72.77165888,2062162.3155,5025318.59937,
6949,5,2,ACTIVA,1,LAS 20,0,4.56248761,-72.77160255,2062154.4013,5025324.84775,
6950,5,3,ACTIVA,1,LAS 20,0,4.56242115,-72.77154716,2062147.0592,5025330.99155,
6951,5,4,ACTIVA,1,LAS 20,0,4.56235018,-72.77148970,2062139.2200,5025337.36581,
6952,5,5,ACTIVA,1,LAS 20,0,4.56227645,-72.77143638,2062131.0746,5025343.27956,
6953,5,6,ACTIVA,1,LAS 20,0,4.56221517,-72.77137684,2062124.3064,5025349.88379,
6954,5,7,ACTIVA,1,LAS 20,0,4.56214109,-72.77131592,2062116.1231,5025356.64201,
6955,5,8,ACTIVA,1,LAS 20,0,4.56207362,-72.77125853,2062108.6694,5025363.00694,
6956,5,9,ACTIVA,1,LAS 20,0,4.56200193,-72.77120618,2062100.7504,5025368.81468,
6957,5,10,ACTIVA,1,LAS 20,0,4.56193477,-72.77114768,2062093.3320,5025375.30397,
6958,5,11,ACTIVA,1,LAS 20,0,4.56185896,-72.77109194,2062084.9572,5025381.48649,
6959,5,12,ACTIVA,1,LAS 20,0,4.56179388,-72.77103725,2062077.7681,5025387.55348,
6960,5,13,ACTIVA,1,LAS 20,0,4.56172657,-72.77097805,2062070.3327,5025394.11955,
6961,5,14,ACTIVA,1,LAS 20,0,4.56165395,-72.77091528,2062062.3109,5025401.08244,
6962,5,15,ACTIVA,1,LAS 20,0,4.56158564,-72.77086112,2062054.7648,5025407.08984,
6963,5,16,ACTIVA,1,LAS 20,0,4.56152102,-72.77080696,2062047.6267,5025413.09711,
6964,5,17,ACTIVA,1,LAS 20,0,4.56144409,-72.77074050,2062039.1290,5025420.46959,
6965,5,18,ACTIVA,1,LAS 20,0,4.56137763,-72.77068794,2062031.7869,5025426.29950,
6966,5,19,ERRADICADA,0,LAS 20,0,4.56130909,-72.77063002,2062024.2157,5025432.72457,
6967,5,20,ACTIVA,1,LAS 20,0,4.56123511,-72.77056647,2062016.0439,5025439.77319,
6968,5,21,ACTIVA,1,LAS 20,0,4.56116533,-72.77051031,2062008.3358,5025446.00338,
6969,5,22,ACTIVA,1,LAS 20,0,4.56109955,-72.77045871,2062001.0698,5025451.72683,
6970,5,23,ACTIVA,1,LAS 20,0,4.56102538,-72.77040363,2061992.8760,5025457.83664,
6971,5,24,ACTIVA,1,LAS 20,0,4.56095382,-72.77034291,2061984.9715,5025464.57175,
6972,5,25,ACTIVA,1,LAS 20,0,4.56088529,-72.77028974,2061977.4009,5025470.46999,
6973,5,26,ACTIVA,1,LAS 20,0,4.56081636,-72.77023460,2061969.7868,5025476.58660,
6974,5,27,ACTIVA,1,LAS 20,0,4.56074704,-72.77017355,2061962.1294,5025483.35832,
6975,5,28,ACTIVA,1,LAS 20,0,4.56067851,-72.77011642,2061954.5590,5025489.69483,
6976,5,29,ACTIVA,1,LAS 20,0,4.56061447,-72.77006484,2061947.4845,5025495.41634,
6977,5,30,ACTIVA,1,LAS 20,0,4.56052980,-72.77000074,2061938.1323,5025502.52762,
6978,5,31,ACTIVA,1,LAS 20,0,4.56046219,-72.76994827,2061930.6634,5025508.34762,
6979,5,32,ACTIVA,1,LAS 20,0,4.56039999,-72.76989364,2061923.7923,5025514.40734,
6980,5,33,ACTIVA,1,LAS 20,0,4.56032678,-72.76982813,2061915.7058,5025521.67418,
6981,5,34,ACTIVA,1,LAS 20,0,4.56025746,-72.76977062,2061908.0483,5025528.05286,
6982,6,1,ACTIVA,1,LAS 20,0,4.56266062,-72.77163133,2062173.5162,5025321.65027,
6983,6,2,ACTIVA,1,LAS 20,0,4.56258184,-72.77157055,2062164.8143,5025328.39264,
6984,6,3,ACTIVA,1,LAS 20,0,4.56251571,-72.77151998,2062157.5090,5025334.00231,
6985,6,4,ERRADICADA,0,LAS 20,0,4.56244681,-72.77146092,2062149.8979,5025340.55316,
6986,6,5,ACTIVA,1,LAS 20,0,4.56237616,-72.77140036,2062142.0931,5025347.27076,
6987,6,6,ACTIVA,1,LAS 20,0,4.56230954,-72.77134347,2062134.7343,5025353.58137,
6988,6,7,ACTIVA,1,LAS 20,0,4.56224251,-72.77128935,2062127.3303,5025359.58359,
6989,6,8,ACTIVA,1,LAS 20,0,4.56216515,-72.77122713,2062118.7841,5025366.48629,
6990,6,9,ACTIVA,1,LAS 20,0,4.56209500,-72.77117047,2062111.0354,5025372.77037,
6991,6,10,ACTIVA,1,LAS 20,0,4.56203091,-72.77111979,2062103.9558,5025378.39292,
6992,6,11,ACTIVA,1,LAS 20,0,4.56195700,-72.77105414,2062095.7914,5025385.67430,
6993,6,12,ACTIVA,1,LAS 20,0,4.56189040,-72.77100197,2062088.4344,5025391.46108,
6994,6,13,ACTIVA,1,LAS 20,0,4.56182346,-72.77094665,2062081.0394,5025397.59798,
6995,6,14,ACTIVA,1,LAS 20,0,4.56175098,-72.77088413,2062073.0335,5025404.53257,
6996,6,15,ACTIVA,1,LAS 20,0,4.56168326,-72.77082622,2062065.5531,5025410.95659,
6997,6,16,ACTIVA,1,LAS 20,0,4.56161138,-72.77077204,2062057.6129,5025416.96607,
6998,6,17,ACTIVA,1,LAS 20,0,4.56154376,-72.77071928,2062050.1421,5025422.81836,
6999,6,18,ACTIVA,1,LAS 20,0,4.56147011,-72.77065626,2062042.0065,5025429.80943,
7000,6,19,ACTIVA,1,LAS 20,0,4.56140318,-72.77060279,2062034.6140,5025435.74021,
7001,6,20,ACTIVA,1,LAS 20,0,4.56133626,-72.77054685,2062027.2216,5025441.94583,
7002,6,21,ACTIVA,1,LAS 20,0,4.56126651,-72.77048205,2062019.5164,5025449.13307,
7003,6,22,ACTIVA,1,LAS 20,0,4.56119640,-72.77042823,2062011.7718,5025455.10323,
7004,6,23,ACTIVA,1,LAS 20,0,4.56112374,-72.77037610,2062003.7452,5025460.88534,
7005,6,24,ACTIVA,1,LAS 20,0,4.56105180,-72.77031345,2061995.7989,5025467.83503,
7006,6,25,ACTIVA,1,LAS 20,0,4.56098623,-72.77025799,2061988.5552,5025473.98717,
7007,6,26,ACTIVA,1,LAS 20,0,4.56091747,-72.77020023,2061980.9601,5025480.39355,
7008,6,27,ACTIVA,1,LAS 20,0,4.56084047,-72.77014156,2061972.4534,5025486.90187,
7009,6,28,ACTIVA,1,LAS 20,0,4.56077446,-72.77008610,2061965.1622,5025493.05404,
7010,6,29,ACTIVA,1,LAS 20,0,4.56070433,-72.77003155,2061957.4151,5025499.10469,
7011,6,30,ACTIVA,1,LAS 20,1,4.56063414,-72.76996793,2061949.6622,5025506.16169,
7012,6,31,ACTIVA,1,LAS 20,0,4.56056608,-72.76991366,2061942.1440,5025512.18178,
7013,6,32,ACTIVA,1,LAS 20,0,4.56049538,-72.76985909,2061934.3341,5025518.23450,
7014,6,33,ACTIVA,1,LAS 20,0,4.56043114,-72.76980328,2061927.2373,5025524.42523,
7015,6,34,ACTIVA,1,LAS 20,0,4.56035511,-72.76974421,2061918.8389,5025530.97744,
7016,6,35,ACTIVA,1,LAS 20,0,4.56028767,-72.76969052,2061911.3887,5025536.93327,
7017,7,1,ACTIVA,1,LAS 20,0,4.56268730,-72.77154317,2062176.4671,5025331.42492,
7018,7,2,ACTIVA,1,LAS 20,0,4.56261220,-72.77149101,2062168.1709,5025337.21031,
7019,7,3,ACTIVA,1,LAS 20,0,4.56254231,-72.77143260,2062160.4511,5025343.68944,
7020,7,4,ERRADICADA,0,LAS 20,0,4.56247237,-72.77137502,2062152.7253,5025350.07659,
7021,7,5,ACTIVA,1,LAS 20,0,4.56240359,-72.77131839,2062145.1268,5025356.35853,
7022,7,6,ACTIVA,1,LAS 20,0,4.56233797,-72.77126633,2062137.8786,5025362.13274,
7023,7,7,ACTIVA,1,LAS 20,0,4.56226874,-72.77121030,2062130.2308,5025368.34801,
7024,7,8,ACTIVA,1,LAS 20,0,4.56219687,-72.77114400,2062122.2917,5025375.70186,
7025,7,9,ACTIVA,1,LAS 20,0,4.56212705,-72.77109120,2062114.5789,5025381.55935,
7026,7,10,ACTIVA,1,LAS 20,0,4.56206045,-72.77104280,2062107.2226,5025386.92880,
7027,7,11,ACTIVA,1,LAS 20,0,4.56198829,-72.77097092,2062099.2512,5025394.90070,
7028,7,12,ACTIVA,1,LAS 20,0,4.56191847,-72.77091724,2062091.5385,5025400.85577,
7029,7,13,ACTIVA,1,LAS 20,0,4.56185171,-72.77085715,2062084.1644,5025407.52116,
7030,7,14,ACTIVA,1,LAS 20,0,4.56177441,-72.77080223,2062075.6245,5025413.61312,
7031,7,15,ACTIVA,1,LAS 20,0,4.56170608,-72.77074826,2062068.0765,5025419.59937,
7032,7,16,ACTIVA,1,LAS 20,0,4.56163980,-72.77069137,2062060.7554,5025425.91063,
7033,7,17,ACTIVA,1,LAS 20,0,4.56156657,-72.77062692,2062052.6658,5025433.05916,
7034,7,18,ACTIVA,1,LAS 20,0,4.56150437,-72.77057266,2062045.7956,5025439.07805,
7035,7,19,ACTIVA,1,LAS 20,0,4.56143646,-72.77051371,2062038.2934,5025445.61695,
7036,7,20,ACTIVA,1,LAS 20,1,4.56136681,-72.77046048,2062030.5995,5025451.52129,
7037,7,21,ACTIVA,1,LAS 20,0,4.56128694,-72.77039975,2062021.7768,5025458.25740,
7038,7,22,ACTIVA,1,LAS 20,0,4.56122027,-72.77034497,2062014.4126,5025464.33436,
7039,7,23,ACTIVA,1,LAS 20,0,4.56115385,-72.77029066,2062007.0747,5025470.35862,
7040,7,24,ACTIVA,1,LAS 20,0,4.56108161,-72.77022476,2061999.0953,5025477.66826,
7041,7,25,ACTIVA,1,LAS 20,0,4.56101275,-72.77017238,2061991.4889,5025483.47889,
7042,7,26,ACTIVA,1,LAS 20,0,4.56094558,-72.77011830,2061984.0692,5025489.47683,
7043,7,27,ACTIVA,1,LAS 20,0,4.56086738,-72.77005791,2061975.4306,5025496.17589,
7044,7,28,ACTIVA,1,LAS 20,0,4.56080449,-72.77000636,2061968.4832,5025501.89451,
7045,7,29,ACTIVA,1,LAS 20,0,4.56073352,-72.76994553,2061960.6437,5025508.64203,
7046,7,30,ACTIVA,1,LAS 20,0,4.56066044,-72.76988808,2061952.5706,5025515.01490,
7047,7,31,ACTIVA,1,LAS 20,0,4.56058694,-72.76983189,2061944.4509,5025521.24727,
7048,7,32,ACTIVA,1,LAS 20,0,4.56052610,-72.76977360,2061937.7315,5025527.71339,
7049,7,33,ACTIVA,1,LAS 20,0,4.56044584,-72.76971488,2061928.8651,5025534.22705,
7050,7,34,ACTIVA,1,LAS 20,0,4.56038435,-72.76965940,2061922.0723,5025540.38030,
7051,8,1,ACTIVA,1,LAS 20,0,4.56271348,-72.77144982,2062179.3638,5025341.77397,
7052,8,2,ACTIVA,1,LAS 20,0,4.56264294,-72.77140505,2062171.5704,5025346.74151,
7053,8,3,ACTIVA,1,LAS 20,0,4.56257551,-72.77134780,2062164.1228,5025353.09167,
7054,8,4,ACTIVA,1,LAS 20,0,4.56249869,-72.77128657,2062155.6367,5025359.88301,
7055,8,5,ACTIVA,1,LAS 20,0,4.56243331,-72.77122911,2062148.4138,5025366.25691,
7056,8,6,ACTIVA,1,LAS 20,0,4.56236923,-72.77117639,2062141.3357,5025372.10482,
7057,8,7,ACTIVA,1,LAS 20,0,4.56228974,-72.77111204,2062132.5553,5025379.24233,
7058,8,8,ACTIVA,1,LAS 20,0,4.56222432,-72.77105743,2062125.3280,5025385.30014,
7059,8,9,ACTIVA,1,LAS 20,0,4.56215970,-72.77100552,2062118.1901,5025391.05814,
7060,8,10,ACTIVA,1,LAS 20,0,4.56208697,-72.77094956,2062110.1563,5025397.26610,
7061,8,11,ACTIVA,1,LAS 20,0,4.56201587,-72.77088981,2062102.3018,5025403.89369,
7062,8,12,ACTIVA,1,LAS 20,0,4.56194639,-72.77083222,2062094.6264,5025410.28141,
7063,8,13,ACTIVA,1,LAS 20,0,4.56187772,-72.77077815,2062087.0406,5025416.27938,
7064,8,14,ACTIVA,1,LAS 20,0,4.56180661,-72.77071489,2062079.1862,5025423.29669,
7065,8,15,ACTIVA,1,LAS 20,0,4.56173821,-72.77065622,2062071.6304,5025429.80428,
7066,8,16,ACTIVA,1,LAS 20,0,4.56166873,-72.77060242,2062063.9549,5025435.77231,
7067,8,17,ACTIVA,1,LAS 20,0,4.56159357,-72.77054321,2062055.6523,5025442.34010,
7068,8,18,ACTIVA,1,LAS 20,0,4.56152475,-72.77048667,2062048.0498,5025448.61163,
7069,8,19,ACTIVA,1,LAS 20,0,4.56146096,-72.77043809,2062041.0033,5025454.00052,
7070,8,20,ACTIVA,1,LAS 20,0,4.56138703,-72.77036459,2062032.8375,5025462.15334,
7071,8,21,ACTIVA,1,LAS 20,0,4.56131860,-72.77031051,2062025.2778,5025468.15132,
7072,8,22,ACTIVA,1,LAS 20,0,4.56125454,-72.77025176,2062018.2019,5025474.66813,
7073,8,23,ACTIVA,1,LAS 20,0,4.56117586,-72.77019769,2062009.5107,5025480.66647,
7074,8,24,ACTIVA,1,LAS 20,0,4.56110935,-72.77014470,2062002.1638,5025486.54447,
7075,8,25,ACTIVA,1,LAS 20,0,4.56104041,-72.77008792,2061994.5482,5025492.84225,
7076,8,26,ACTIVA,1,LAS 20,0,4.56097120,-72.77002736,2061986.9029,5025499.55972,
7077,8,27,ACTIVA,1,LAS 20,0,4.56089956,-72.76997005,2061978.9886,5025505.91756,
7078,8,28,ACTIVA,1,LAS 20,0,4.56083278,-72.76991651,2061971.6118,5025511.85553,
7079,8,29,ACTIVA,1,LAS 20,0,4.56076519,-72.76985893,2061964.1456,5025518.24319,
7080,8,30,ACTIVA,1,LAS 20,0,4.56068705,-72.76979768,2061955.5145,5025525.03781,
7081,8,31,ACTIVA,1,LAS 20,0,4.56061862,-72.76974360,2061947.9548,5025531.03580,
7082,8,32,ACTIVA,1,LAS 20,0,4.56055525,-72.76969291,2061940.9551,5025536.65888,
7083,8,33,ACTIVA,1,LAS 20,0,4.56047964,-72.76962448,2061932.6024,5025544.24970,
7084,8,34,ACTIVA,1,LAS 20,0,4.56041416,-72.76957083,2061925.3694,5025550.20075,
7085,9,1,ACTIVA,1,LAS 20,0,4.56274013,-72.77137817,2062182.3111,5025349.71839,
7086,9,2,ACTIVA,1,LAS 20,0,4.56266948,-72.77132097,2062174.5063,5025356.06284,
7087,9,3,ACTIVA,1,LAS 20,0,4.56260267,-72.77126570,2062167.1263,5025362.19397,
7088,9,4,ACTIVA,1,LAS 20,0,4.56252961,-72.77120177,2062159.0561,5025369.28461,
7089,9,5,ACTIVA,1,LAS 20,0,4.56246328,-72.77114842,2062151.7292,5025375.20256,
7090,9,6,ACTIVA,1,LAS 20,0,4.56239565,-72.77109471,2062144.2578,5025381.16105,
7091,9,7,ACTIVA,1,LAS 20,0,4.56231844,-72.77103134,2062135.7288,5025388.19002,
7092,9,8,ACTIVA,1,LAS 20,0,4.56225517,-72.77097924,2062128.7396,5025393.96930,
7093,9,9,ACTIVA,1,LAS 20,0,4.56218330,-72.77092476,2062120.8006,5025400.01253,
7094,9,10,ACTIVA,1,LAS 20,0,4.56211050,-72.77085860,2062112.7584,5025407.35114,
7095,9,11,ACTIVA,1,LAS 20,0,4.56203744,-72.77080140,2062104.6881,5025413.69568,
7096,9,12,ACTIVA,1,LAS 20,0,4.56197638,-72.77074588,2062097.9433,5025419.85433,
7097,9,13,ACTIVA,1,LAS 20,0,4.56190071,-72.77069020,2062089.5840,5025426.03055,
7098,9,14,ACTIVA,1,LAS 20,0,4.56182996,-72.77063176,2062081.7686,5025432.51358,
7099,9,15,ACTIVA,1,LAS 20,0,4.56176597,-72.77058069,2062074.7007,5025438.17777,
7100,9,16,ACTIVA,1,LAS 20,0,4.56169090,-72.77051590,2062066.4076,5025445.36443,
7101,9,17,ACTIVA,1,LAS 20,0,4.56162169,-72.77045582,2062058.7622,5025452.02860,
7102,9,18,ACTIVA,1,LAS 20,0,4.56155865,-72.77040259,2062051.7985,5025457.93365,
7103,9,19,ACTIVA,1,LAS 20,0,4.56149128,-72.77034999,2062044.3568,5025463.76851,
7104,9,20,ACTIVA,1,LAS 20,0,4.56141222,-72.77028477,2062035.6240,5025471.00221,
7105,9,21,ACTIVA,1,LAS 20,0,4.56134455,-72.77022817,2062028.1484,5025477.28049,
7106,9,22,ERRADICADA,0,LAS 20,0,4.56127886,-72.77017233,2062020.8922,5025483.47422,
7107,9,23,ACTIVA,1,LAS 20,0,4.56120643,-72.77011077,2062012.8916,5025490.30329,
7108,9,24,ACTIVA,1,LAS 20,0,4.56113753,-72.77005772,2062005.2800,5025496.18747,
7109,9,25,ACTIVA,1,LAS 20,0,4.56106972,-72.77000140,2061997.7893,5025502.43544,
7110,9,26,ACTIVA,1,LAS 20,0,4.56099644,-72.76994124,2061989.6945,5025509.10806,
7111,9,27,ACTIVA,1,LAS 20,0,4.56092753,-72.76988929,2061982.0829,5025514.87097,
7112,9,28,ACTIVA,1,LAS 20,0,4.56085762,-72.76983001,2061974.3603,5025521.44646,
7113,9,29,ACTIVA,1,LAS 20,0,4.56078207,-72.76976953,2061966.0141,5025528.15554,
7114,9,30,ACTIVA,1,LAS 20,0,4.56071590,-72.76971375,2061958.7047,5025534.34282,
7115,9,31,ACTIVA,1,LAS 20,0,4.56065288,-72.76966656,2061951.7431,5025539.57678,
7116,9,32,ACTIVA,1,LAS 20,0,4.56057483,-72.76959937,2061943.1216,5025547.03057,
7117,9,33,ACTIVA,1,LAS 20,0,4.56050483,-72.76954582,2061935.3892,5025552.97059,
7118,9,34,ACTIVA,1,LAS 20,0,4.56044008,-72.76949437,2061928.2367,5025558.67758,
7119,10,1,ACTIVA,1,LAS 20,0,4.56277219,-72.77128793,2062185.8558,5025359.72247,
7120,10,2,ACTIVA,1,LAS 20,0,4.56269926,-72.77123313,2062177.8003,5025365.80219,
7121,10,3,ACTIVA,1,LAS 20,0,4.56262262,-72.77116856,2062169.3345,5025372.96358,
7122,10,4,ACTIVA,1,LAS 20,0,4.56255899,-72.77111515,2062162.3053,5025378.88848,
7123,10,5,ACTIVA,1,LAS 20,0,4.56249118,-72.77106081,2062154.8143,5025384.91653,
7124,10,6,ACTIVA,1,LAS 20,0,4.56242325,-72.77100321,2062147.3111,5025391.30509,
7125,10,7,ACTIVA,1,LAS 20,0,4.56235221,-72.77094287,2062139.4631,5025397.99866,
7126,10,8,ACTIVA,1,LAS 20,0,4.56228265,-72.77088847,2062131.7791,5025404.03295,
7127,10,9,ACTIVA,1,LAS 20,0,4.56221760,-72.77083229,2062124.5940,5025410.26485,
7128,10,10,ACTIVA,1,LAS 20,0,4.56213678,-72.77077516,2062115.6661,5025416.60237,
7129,10,11,ACTIVA,1,LAS 20,0,4.56207129,-72.77071487,2062108.4319,5025423.28957,
7130,10,12,ACTIVA,1,LAS 20,0,4.56200411,-72.77066344,2062101.0106,5025428.99417,
7131,10,13,ACTIVA,1,LAS 20,0,4.56193247,-72.77060101,2062093.0970,5025435.91849,
7132,10,14,ACTIVA,1,LAS 20,0,4.56186202,-72.77054453,2062085.3145,5025442.18355,
7133,10,15,ACTIVA,1,LAS 20,0,4.56179493,-72.77048625,2062077.9037,5025448.64832,
7134,10,16,ACTIVA,1,LAS 20,0,4.56172059,-72.77041899,2062069.6915,5025456.10899,
7135,10,17,ACTIVA,1,LAS 20,0,4.56165379,-72.77036717,2062062.3126,5025461.85750,
7136,10,18,ACTIVA,1,LAS 20,0,4.56158683,-72.77031522,2062054.9160,5025467.62020,
7137,10,19,ERRADICADA,0,LAS 20,0,4.56151674,-72.77026033,2062047.1730,5025473.70870,
7138,10,20,ACTIVA,1,LAS 20,0,4.56144401,-72.77019868,2062039.1388,5025480.54746,
7139,10,21,ACTIVA,1,LAS 20,0,4.56137659,-72.77014188,2062031.6923,5025486.84726,
7140,10,22,ACTIVA,1,LAS 20,0,4.56130800,-72.77008822,2062024.1146,5025492.80036,
7141,10,23,ACTIVA,1,LAS 20,0,4.56123487,-72.77002701,2062016.0361,5025499.58940,
7142,10,24,ACTIVA,1,LAS 20,0,4.56116746,-72.76997123,2062008.5905,5025505.77690,
7143,10,25,ACTIVA,1,LAS 20,0,4.56109736,-72.76991834,2062000.8470,5025511.64415,
7144,10,26,ACTIVA,1,LAS 20,0,4.56102433,-72.76985741,2061992.7792,5025518.40276,
7145,10,27,ACTIVA,1,LAS 20,0,4.56095906,-72.76980182,2061985.5690,5025524.56872,
7146,10,28,ACTIVA,1,LAS 20,0,4.56089117,-72.76974362,2061978.0700,5025531.02470,
7147,10,29,ACTIVA,1,LAS 20,0,4.56080966,-72.76968430,2061969.0658,5025537.60465,
7148,10,30,ACTIVA,1,LAS 20,0,4.56074712,-72.76962741,2061962.1571,5025543.91547,
7149,10,31,ACTIVA,1,LAS 20,0,4.56068175,-72.76957495,2061954.9361,5025549.73424,
7150,10,32,ACTIVA,1,LAS 20,0,4.56060145,-72.76951160,2061946.0658,5025556.76157,
7151,10,33,ERRADICADA,0,LAS 20,0,4.56053373,-72.76946228,2061938.5846,5025562.23226,
7152,11,1,ACTIVA,1,LAS 20,0,4.56279907,-72.77120617,2062188.8293,5025368.78780,
7153,11,2,ACTIVA,1,LAS 20,0,4.56273038,-72.77115194,2062181.2410,5025374.80351,
7154,11,3,ACTIVA,1,LAS 20,0,4.56265574,-72.77108789,2062172.9967,5025381.90756,
7155,11,4,ACTIVA,1,LAS 20,0,4.56258511,-72.77103203,2062165.1944,5025388.10410,
7156,11,5,ACTIVA,1,LAS 20,0,4.56252055,-72.77097796,2062158.0627,5025394.10178,
7157,11,6,ACTIVA,1,LAS 20,0,4.56244590,-72.77091824,2062149.8164,5025400.72620,
7158,11,7,ACTIVA,1,LAS 20,0,4.56237569,-72.77086417,2062142.0605,5025406.72408,
7159,11,8,ACTIVA,1,LAS 20,0,4.56231032,-72.77081010,2062134.8395,5025412.72179,
7160,11,9,ACTIVA,1,LAS 20,0,4.56223506,-72.77074623,2062126.5257,5025419.80618,
7161,11,10,ACTIVA,1,LAS 20,0,4.56215699,-72.77069227,2062117.9012,5025425.79181,
7162,11,11,ERRADICADA,0,LAS 20,0,4.56209925,-72.77063966,2062111.5231,5025431.62706,
7163,11,12,ACTIVA,1,LAS 20,0,4.56203285,-72.77057682,2062104.1890,5025438.59773,
7164,11,13,ACTIVA,1,LAS 20,0,4.56195873,-72.77051407,2062096.0017,5025445.55860,
7165,11,14,ACTIVA,1,LAS 20,0,4.56189148,-72.77046146,2062088.5721,5025451.39352,
7166,11,15,ACTIVA,1,LAS 20,0,4.56181965,-72.77040295,2062080.6379,5025457.88363,
7167,11,16,ACTIVA,1,LAS 20,0,4.56174460,-72.77034445,2062072.3471,5025464.37385,
7168,11,17,ACTIVA,1,LAS 20,0,4.56168233,-72.77028568,2062065.4691,5025470.89158,
7169,11,18,ACTIVA,1,LAS 20,0,4.56161467,-72.77023187,2062057.9945,5025476.86142,
7170,11,19,ACTIVA,1,LAS 20,0,4.56153986,-72.77016853,2062049.7306,5025483.88675,
7171,11,20,ACTIVA,1,LAS 20,0,4.56147245,-72.77011972,2062042.2848,5025489.30111,
7172,11,21,ACTIVA,1,LAS 20,0,4.56140444,-72.77005916,2062034.7716,5025496.01838,
7173,11,22,ACTIVA,1,LAS 20,0,4.56133342,-72.76999944,2062026.9266,5025502.64269,
7174,11,23,ACTIVA,1,LAS 20,0,4.56126301,-72.76994024,2062019.1495,5025509.20971,
7175,11,24,ACTIVA,1,LAS 20,0,4.56119542,-72.76988525,2062011.6824,5025515.30953,
7176,11,25,ACTIVA,1,LAS 20,0,4.56112238,-72.76982755,2062003.6145,5025521.71021,
7177,11,26,ACTIVA,1,LAS 20,0,4.56105379,-72.76977065,2061996.0370,5025528.02124,
7178,11,27,ACTIVA,1,LAS 20,0,4.56098640,-72.76971214,2061988.5933,5025534.51121,
7179,11,28,ACTIVA,1,LAS 20,0,4.56091699,-72.76966049,2061980.9264,5025540.24063,
7180,11,29,ACTIVA,1,LAS 20,0,4.56084275,-72.76959512,2061972.7250,5025547.49145,
7181,11,30,ACTIVA,1,LAS 20,0,4.56077183,-72.76954176,2061964.8905,5025553.41064,
7182,11,31,ACTIVA,1,LAS 20,0,4.56070757,-72.76948698,2061957.7927,5025559.48708,
7183,11,32,ACTIVA,1,LAS 20,0,4.56063373,-72.76942928,2061949.6356,5025565.88780,
7184,11,33,ACTIVA,1,LAS 20,0,4.56056392,-72.76937360,2061941.9242,5025572.06466,
7185,12,1,ACTIVA,1,LAS 20,0,4.56282393,-72.77111669,2062191.5797,5025378.70890,
7186,12,2,ACTIVA,1,LAS 20,0,4.56276003,-72.77106295,2062184.5203,5025384.66938,
7187,12,3,ACTIVA,1,LAS 20,0,4.56268471,-72.77100202,2062176.2007,5025391.42782,
7188,12,4,ACTIVA,1,LAS 20,0,4.56261871,-72.77094913,2062168.9094,5025397.29454,
7189,12,5,ACTIVA,1,LAS 20,0,4.56255101,-72.77089074,2062161.4312,5025403.77122,
7190,12,6,ACTIVA,1,LAS 20,0,4.56247485,-72.77083066,2062153.0181,5025410.43586,
7191,12,7,ACTIVA,1,LAS 20,0,4.56240908,-72.77077603,2062145.7530,5025416.49587,
7192,12,8,ACTIVA,1,LAS 20,0,4.56234084,-72.77072133,2062138.2149,5025422.56348,
7193,12,9,ERRADICADA,0,LAS 20,0,4.56226276,-72.77066044,2062129.5898,5025429.31720,
7194,12,10,ACTIVA,1,LAS 20,0,4.56218967,-72.77060345,2062121.5157,5025435.63939,
7195,12,11,ACTIVA,1,LAS 20,0,4.56213043,-72.77054675,2062114.9726,5025441.92812,
7196,12,12,ACTIVA,1,LAS 20,0,4.56205554,-72.77048582,2062106.6997,5025448.68656,
7197,12,13,ACTIVA,1,LAS 20,1,4.56198573,-72.77042955,2062098.9878,5025454.92875,
7198,12,14,ACTIVA,1,LAS 20,0,4.56191949,-72.77037742,2062091.6702,5025460.71104,
7199,12,15,ACTIVA,1,LAS 20,0,4.56184975,-72.77031058,2062083.9673,5025468.12553,
7200,12,16,ACTIVA,1,LAS 20,0,4.56177703,-72.77025504,2062075.9338,5025474.28572,
7201,12,17,ACTIVA,1,LAS 20,0,4.56171260,-72.77020087,2062068.8169,5025480.29515,
7202,12,18,ACTIVA,1,LAS 20,0,4.56164274,-72.77014238,2062061.0994,5025486.78318,
7203,12,19,ACTIVA,1,LAS 20,0,4.56156981,-72.77008260,2062053.0435,5025493.41395,
7204,12,20,ACTIVA,1,LAS 20,0,4.56150274,-72.77002837,2062045.6344,5025499.42898,
7205,12,21,ACTIVA,1,LAS 20,0,4.56143526,-72.76997344,2062038.1804,5025505.52284,
7206,12,22,ACTIVA,1,LAS 20,0,4.56135741,-72.76991505,2062029.5803,5025511.99990,
7207,12,23,ACTIVA,1,LAS 20,0,4.56129179,-72.76985886,2062022.3321,5025518.23258,
7208,12,24,ACTIVA,1,LAS 20,0,4.56122355,-72.76980253,2062014.7940,5025524.48035,
7209,12,25,ACTIVA,1,LAS 20,0,4.56115044,-72.76973917,2062006.7176,5025531.50898,
7210,12,26,ACTIVA,1,LAS 20,0,4.56108653,-72.76968365,2061999.6583,5025537.66653,
7211,12,27,ACTIVA,1,LAS 20,0,4.56101369,-72.76962868,2061991.6115,5025543.76434,
7212,12,28,ACTIVA,1,LAS 20,0,4.56093922,-72.76956803,2061983.3855,5025550.49276,
7213,12,29,ACTIVA,1,LAS 20,0,4.56086991,-72.76951230,2061975.7289,5025556.67452,
7214,12,30,ACTIVA,1,LAS 20,0,4.56080247,-72.76945754,2061968.2794,5025562.74813,
7215,12,31,ACTIVA,1,LAS 20,0,4.56073040,-72.76939271,2061960.3179,5025569.93886,
7216,12,32,ACTIVA,1,LAS 20,0,4.56066367,-72.76933934,2061952.9473,5025575.85991,
7217,13,1,ACTIVA,1,LAS 20,0,4.56291869,-72.77109426,2062202.0509,5025381.19208,
7218,13,2,ACTIVA,1,LAS 20,0,4.56285227,-72.77103418,2062194.7131,5025387.85637,
7219,13,3,ACTIVA,1,LAS 20,0,4.56277780,-72.77097283,2062186.4870,5025394.66170,
7220,13,4,ACTIVA,1,LAS 20,0,4.56271137,-72.77091317,2062179.1492,5025401.27908,
7221,13,5,ACTIVA,1,LAS 20,0,4.56264240,-72.77086155,2062171.5305,5025407.00516,
7222,13,6,ACTIVA,1,LAS 20,0,4.56257090,-72.77079512,2062163.6319,5025414.37337,
7223,13,7,ACTIVA,1,LAS 20,0,4.56250494,-72.77074245,2062156.3462,5025420.21570,
7224,13,8,ACTIVA,1,LAS 20,0,4.56243589,-72.77068883,2062148.7182,5025426.16323,
7225,13,9,ACTIVA,1,LAS 20,0,4.56236954,-72.77063495,2062141.3895,5025432.14069,
7226,13,10,ACTIVA,1,LAS 20,0,4.56228843,-72.77057166,2062132.4287,5025439.16036,
7227,13,11,ACTIVA,1,LAS 20,0,4.56222311,-72.77051898,2062125.2134,5025445.00448,
7228,13,12,ACTIVA,1,LAS 20,0,4.56215502,-72.77046044,2062117.6919,5025451.49778,
7229,13,13,ACTIVA,1,LAS 20,0,4.56208107,-72.77039974,2062109.5237,5025458.23043,
7230,13,14,ACTIVA,1,LAS 20,0,4.56201452,-72.77034490,2062102.1722,5025464.31372,
7231,13,15,ERRADICADA,0,LAS 20,0,4.56194616,-72.77029066,2062094.6206,5025470.33094,
7232,13,16,ACTIVA,1,LAS 20,0,4.56187095,-72.77022844,2062086.3122,5025477.23227,
7233,13,17,ACTIVA,1,LAS 20,0,4.56180933,-72.77017329,2062079.5055,5025483.34956,
7234,13,18,ACTIVA,1,LAS 20,0,4.56173785,-72.77012122,2062071.6093,5025489.12558,
7235,13,19,ACTIVA,1,LAS 20,0,4.56166483,-72.77005621,2062063.5434,5025496.33648,
7236,13,20,ACTIVA,1,LAS 20,0,4.56160352,-72.76999952,2062056.7708,5025502.62457,
7237,13,21,ERRADICADA,0,LAS 20,0,4.56153150,-72.76994389,2062048.8158,5025508.79495,
7238,13,22,ACTIVA,1,LAS 20,0,4.56145388,-72.76988500,2062040.2404,5025515.32770,
7239,13,23,ACTIVA,1,LAS 20,0,4.56138696,-72.76982916,2062032.8486,5025521.52205,
7240,13,24,ACTIVA,1,LAS 20,0,4.56132099,-72.76977461,2062025.5611,5025527.57331,
7241,13,25,ACTIVA,1,LAS 20,0,4.56124831,-72.76971795,2062017.5331,5025533.85754,
7242,13,26,ACTIVA,1,LAS 20,0,4.56117514,-72.76965633,2062009.4500,5025540.69267,
7243,13,27,ACTIVA,1,LAS 20,0,4.56111159,-72.76960001,2062002.4306,5025546.94028,
7244,13,28,ACTIVA,1,LAS 20,0,4.56104179,-72.76954609,2061994.7196,5025552.92122,
7245,13,29,ACTIVA,1,LAS 20,0,4.56096636,-72.76948437,2061986.3876,5025559.76711,
7246,13,30,ERRADICADA,0,LAS 20,0,4.56089862,-72.76942844,2061978.9041,5025565.97170,
7247,13,31,ACTIVA,1,LAS 20,0,4.56083536,-72.76937415,2061971.9169,5025571.99367,
7248,13,32,ACTIVA,1,LAS 20,0,4.56075695,-72.76930735,2061963.2547,5025579.40328,
7249,13,33,ACTIVA,1,LAS 20,0,4.56069039,-72.76925420,2061955.9026,5025585.29890,
7250,14,1,ACTIVA,1,LAS 20,0,4.56295246,-72.77100563,2062205.7848,5025391.01789,
7251,14,2,ACTIVA,1,LAS 20,0,4.56288517,-72.77094867,2062198.3524,5025397.33679,
7252,14,3,ACTIVA,1,LAS 20,0,4.56280892,-72.77088677,2062189.9289,5025404.20312,
7253,14,4,ACTIVA,1,LAS 20,0,4.56274164,-72.77083159,2062182.4965,5025410.32308,
7254,14,5,ACTIVA,1,LAS 20,0,4.56267570,-72.77077956,2062175.2126,5025416.09485,
7255,14,6,ACTIVA,1,LAS 20,0,4.56260169,-72.77071497,2062167.0370,5025423.25952,
7256,14,7,ACTIVA,1,LAS 20,0,4.56253261,-72.77065980,2062159.4063,5025429.37955,
7257,14,8,ACTIVA,1,LAS 20,0,4.56246158,-72.77060366,2062151.5595,5025435.60708,
7258,14,9,ACTIVA,1,LAS 20,0,4.56238907,-72.77054317,2062143.5503,5025442.31611,
7259,14,10,ACTIVA,1,LAS 20,0,4.56232224,-72.77048486,2062136.1675,5025448.78422,
7260,14,11,ACTIVA,1,LAS 20,0,4.56225719,-72.77042924,2062128.9829,5025454.95385,
7261,14,12,ACTIVA,1,LAS 20,0,4.56218184,-72.77037496,2062120.6582,5025460.97464,
7262,14,13,ACTIVA,1,LAS 20,0,4.56210917,-72.77031575,2062112.6311,5025467.54243,
7263,14,14,ACTIVA,1,LAS 20,0,4.56204629,-72.77025960,2062105.6850,5025473.77105,
7264,14,15,ACTIVA,1,LAS 20,0,4.56197900,-72.77020493,2062098.2526,5025479.83507,
7265,14,16,ACTIVA,1,LAS 20,0,4.56190471,-72.77014325,2062090.0459,5025486.67648,
7266,14,17,ACTIVA,1,LAS 20,0,4.56183673,-72.77008789,2062082.5360,5025492.81824,
7267,14,18,ACTIVA,1,LAS 20,0,4.56177225,-72.77003182,2062075.4133,5025499.03759,
7268,14,19,ACTIVA,1,LAS 20,0,4.56169585,-72.76996944,2062066.9744,5025505.95679,
7269,14,20,ACTIVA,1,LAS 20,0,4.56162787,-72.76991337,2062059.4645,5025512.17627,
7270,14,21,ACTIVA,1,LAS 20,0,4.56156409,-72.76985520,2062052.4194,5025518.62874,
7271,14,22,ACTIVA,1,LAS 20,0,4.56148559,-72.76979632,2062043.7480,5025525.15945,
7272,14,23,ACTIVA,1,LAS 20,0,4.56141971,-72.76974095,2062036.4704,5025531.30115,
7273,14,24,ACTIVA,1,LAS 20,0,4.56135173,-72.76968839,2062028.9604,5025537.13207,
7274,14,25,ACTIVA,1,LAS 20,0,4.56127673,-72.76962461,2062020.6764,5025544.20665,
7275,14,26,ACTIVA,1,LAS 20,0,4.56120622,-72.76957115,2062012.8876,5025550.13713,
7276,14,27,ACTIVA,1,LAS 20,0,4.56114253,-72.76951732,2062005.8516,5025556.10778,
7277,14,28,ACTIVA,1,LAS 20,0,4.56106810,-72.76945564,2061997.6303,5025562.95021,
7278,14,29,ACTIVA,1,LAS 20,0,4.56100168,-72.76939576,2061990.2932,5025569.59141,
7279,14,30,ACTIVA,1,LAS 20,0,4.56093305,-72.76933655,2061982.7122,5025576.15908,
7280,14,31,ACTIVA,1,LAS 20,0,4.56085725,-72.76928407,2061974.3380,5025581.98096,
7281,14,32,ACTIVA,1,LAS 20,0,4.56078727,-72.76922845,2061966.6081,5025588.15078,
7282,14,33,ACTIVA,1,LAS 20,0,4.56071685,-72.76917642,2061958.8286,5025593.92274,
7283,15,1,ACTIVA,1,LAS 20,0,4.56298131,-72.77091494,2062208.9761,5025401.07294,
7284,15,2,ACTIVA,1,LAS 20,0,4.56290629,-72.77085829,2062200.6886,5025407.35698,
7285,15,3,ACTIVA,1,LAS 20,0,4.56283841,-72.77080113,2062193.1905,5025413.69735,
7286,15,4,ACTIVA,1,LAS 20,0,4.56276951,-72.77075010,2062185.5795,5025419.35869,
7287,15,5,ACTIVA,1,LAS 20,0,4.56269857,-72.77069089,2062177.7432,5025425.92553,
7288,15,6,ACTIVA,1,LAS 20,0,4.56262747,-72.77063126,2062169.8888,5025432.53991,
7289,15,7,ACTIVA,1,LAS 20,0,4.56256051,-72.77057639,2062162.4922,5025438.62673,
7290,15,8,ACTIVA,1,LAS 20,0,4.56249392,-72.77051839,2062155.1363,5025445.05987,
7291,15,9,ACTIVA,1,LAS 20,0,4.56241685,-72.77046481,2062146.6231,5025451.00445,
7292,15,10,ACTIVA,1,LAS 20,0,4.56234796,-72.77040509,2062139.0123,5025457.62781,
7293,15,11,ACTIVA,1,LAS 20,0,4.56227906,-72.77034998,2062131.4015,5025463.74187,
7294,15,12,ACTIVA,1,LAS 20,0,4.56220742,-72.77028765,2062123.4886,5025470.65507,
7295,15,13,ACTIVA,1,LAS 20,0,4.56214308,-72.77023474,2062116.3806,5025476.52451,
7296,15,14,ACTIVA,1,LAS 20,0,4.56207122,-72.77017725,2062108.4427,5025482.90125,
7297,15,15,ACTIVA,1,LAS 20,0,4.56199903,-72.77011519,2062100.4689,5025489.78505,
7298,15,16,ACTIVA,1,LAS 20,0,4.56193099,-72.77005703,2062092.9529,5025496.23635,
7299,15,17,ACTIVA,1,LAS 20,0,4.56186261,-72.77000242,2062085.3983,5025502.29381,
7300,15,18,ACTIVA,1,LAS 20,0,4.56179218,-72.76994424,2062077.6184,5025508.74747,
7301,15,19,ACTIVA,1,LAS 20,0,4.56172226,-72.76988606,2062069.8948,5025515.20111,
7302,15,20,ACTIVA,1,LAS 20,0,4.56165438,-72.76983043,2062062.3967,5025521.37174,
7303,15,21,ACTIVA,1,LAS 20,0,4.56158956,-72.76977582,2062055.2369,5025527.42908,
7304,15,22,ACTIVA,1,LAS 20,0,4.56151199,-72.76971662,2062046.6675,5025533.99617,
7305,15,23,ACTIVA,1,LAS 20,0,4.56144246,-72.76966052,2062038.9868,5025540.21892,
7306,15,24,ACTIVA,1,LAS 20,0,4.56137317,-72.76960842,2062031.3329,5025545.99800,
7307,15,25,ACTIVA,1,LAS 20,0,4.56130274,-72.76954412,2062023.5532,5025553.13074,
7308,15,26,ACTIVA,1,LAS 20,0,4.56123486,-72.76948900,2062016.0551,5025559.24478,
7309,15,27,ACTIVA,1,LAS 20,0,4.56116646,-72.76943351,2062008.4983,5025565.39959,
7310,15,28,ACTIVA,1,LAS 20,0,4.56109296,-72.76937341,2062000.3801,5025572.06615,
7311,15,29,ACTIVA,1,LAS 20,0,4.56102698,-72.76931560,2061993.0919,5025578.47892,
7312,15,30,ACTIVA,1,LAS 20,0,4.56095643,-72.76926040,2061985.2983,5025584.60211,
7313,15,31,ACTIVA,1,LAS 20,0,4.56088619,-72.76920017,2061977.5395,5025591.28304,
7314,15,32,ACTIVA,1,LAS 20,0,4.56081500,-72.76914020,2061969.6753,5025597.93503,
7315,16,1,ACTIVA,1,LAS 20,0,4.56300589,-72.77083551,2062211.6946,5025409.87934,
7316,16,2,ACTIVA,1,LAS 20,0,4.56293222,-72.77076780,2062203.5565,5025417.39045,
7317,16,3,ACTIVA,1,LAS 20,0,4.56286754,-72.77071847,2062196.4123,5025422.86150,
7318,16,4,ACTIVA,1,LAS 20,0,4.56279960,-72.77066001,2062188.9075,5025429.34675,
7319,16,5,ACTIVA,1,LAS 20,0,4.56272368,-72.77060243,2062180.5207,5025435.73376,
7320,16,6,ACTIVA,1,LAS 20,0,4.56265654,-72.77054405,2062173.1040,5025442.20884,
7321,16,7,ACTIVA,1,LAS 20,0,4.56258925,-72.77049539,2062165.6710,5025447.60755,
7322,16,8,ACTIVA,1,LAS 20,0,4.56251838,-72.77043169,2062157.8416,5025454.67238,
7323,16,9,ACTIVA,1,LAS 20,0,4.56244815,-72.77037323,2062150.0842,5025461.15771,
7324,16,10,ACTIVA,1,LAS 20,0,4.56238315,-72.77032097,2062142.9041,5025466.95474,
7325,16,11,ACTIVA,1,LAS 20,0,4.56231391,-72.77026609,2062135.2548,5025473.04165,
7326,16,12,ACTIVA,1,LAS 20,0,4.56223517,-72.77020350,2062126.5570,5025479.98452,
7327,16,13,ACTIVA,1,LAS 20,0,4.56217341,-72.77014940,2062119.7355,5025485.98516,
7328,16,14,ACTIVA,1,LAS 20,0,4.56210298,-72.77009275,2062111.9555,5025492.26904,
7329,16,15,ACTIVA,1,LAS 20,0,4.56202898,-72.77002845,2062103.7810,5025499.40189,
7330,16,16,ACTIVA,1,LAS 20,0,4.56196180,-72.76997245,2062096.3596,5025505.61323,
7331,16,17,ACTIVA,1,LAS 20,0,4.56189451,-72.76991856,2062088.9269,5025511.59143,
7332,16,18,ACTIVA,1,LAS 20,0,4.56181841,-72.76985650,2062080.5200,5025518.47537,
7333,16,19,ACTIVA,1,LAS 20,0,4.56175080,-72.76980195,2062073.0512,5025524.52602,
7334,16,20,ACTIVA,1,LAS 20,0,4.56168253,-72.76974610,2062065.5103,5025530.72155,
7335,16,21,ACTIVA,1,LAS 20,0,4.56161067,-72.76968175,2062057.5726,5025537.85887,
7336,16,22,ACTIVA,1,LAS 20,0,4.56154371,-72.76962884,2062050.1759,5025543.72841,
7337,16,23,ACTIVA,1,LAS 20,0,4.56147414,-72.76957070,2062042.4907,5025550.17751,
7338,16,24,ACTIVA,1,LAS 20,0,4.56140098,-72.76951354,2062034.4085,5025556.51810,
7339,16,25,ACTIVA,1,LAS 20,0,4.56133336,-72.76946030,2062026.9396,5025562.42388,
7340,16,26,ACTIVA,1,LAS 20,0,4.56126575,-72.76940216,2062019.4710,5025568.87293,
7341,16,27,ACTIVA,1,LAS 20,0,4.56120220,-72.76934787,2062012.4506,5025574.89462,
7342,16,28,ACTIVA,1,LAS 20,0,4.56112081,-72.76928841,2062003.4599,5025581.49063,
7343,16,29,ACTIVA,1,LAS 20,0,4.56105466,-72.76922932,2061996.1528,5025588.04490,
7344,16,30,ACTIVA,1,LAS 20,0,4.56099000,-72.76917320,2061989.0099,5025594.26946,
7345,16,31,ACTIVA,1,LAS 20,0,4.56091189,-72.76911270,2061980.3822,5025600.98074,
7346,16,32,ACTIVA,1,LAS 20,0,4.56084387,-72.76905800,2061972.8680,5025607.04883,
7347,17,1,ACTIVA,1,LAS 20,0,4.56303694,-72.77074855,2062215.1290,5025419.52068,
7348,17,2,ACTIVA,1,LAS 20,0,4.56295556,-72.77068797,2062206.1384,5025426.24028,
7349,17,3,ACTIVA,1,LAS 20,0,4.56289290,-72.77063467,2062199.2170,5025432.15321,
7350,17,4,ACTIVA,1,LAS 20,0,4.56282583,-72.77057806,2062191.8080,5025438.43221,
7351,17,5,ACTIVA,1,LAS 20,0,4.56275162,-72.77051479,2062183.6108,5025445.44990,
7352,17,6,ACTIVA,1,LAS 20,0,4.56268550,-72.77046073,2062176.3068,5025451.44722,
7353,17,7,ACTIVA,1,LAS 20,0,4.56261663,-72.77040591,2062168.6989,5025457.52830,
7354,17,8,ACTIVA,1,LAS 20,0,4.56254193,-72.77034347,2062160.4474,5025464.45370,
7355,17,9,ACTIVA,1,LAS 20,0,4.56247727,-72.77029293,2062153.3043,5025470.06013,
7356,17,10,ACTIVA,1,LAS 20,0,4.56240591,-72.77023533,2062145.4222,5025476.44973,
7357,17,11,ACTIVA,1,LAS 20,0,4.56233084,-72.77017549,2062137.1296,5025483.08670,
7358,17,12,ACTIVA,1,LAS 20,0,4.56226246,-72.77011863,2062129.5760,5025489.39379,
7359,17,13,ACTIVA,1,LAS 20,0,4.56219445,-72.77006289,2062122.0635,5025495.57724,
7360,17,14,ACTIVA,1,LAS 20,0,4.56212384,-72.76999785,2062114.2638,5025502.79095,
7361,17,15,ACTIVA,1,LAS 20,0,4.56205881,-72.76994620,2062107.0796,5025508.52102,
7362,17,16,ERRADICADA,0,LAS 20,0,4.56198998,-72.76988819,2062099.4768,5025514.95553,
7363,17,17,ERRADICADA,0,LAS 20,0,4.56192198,-72.76983087,2062091.9645,5025521.31343,
7364,17,18,ACTIVA,1,LAS 20,0,4.56185025,-72.76977090,2062084.0412,5025527.96578,
7365,17,19,ACTIVA,1,LAS 20,0,4.56178235,-72.76971847,2062076.5403,5025533.78095,
7366,17,20,ACTIVA,1,LAS 20,0,4.56171332,-72.76965751,2062068.9153,5025540.54315,
7367,17,21,ACTIVA,1,LAS 20,0,4.56163809,-72.76960014,2062060.6048,5025546.90709,
7368,17,22,ACTIVA,1,LAS 20,0,4.56156984,-72.76954511,2062053.0657,5025553.01153,
7369,17,23,ACTIVA,1,LAS 20,0,4.56150029,-72.76949230,2062045.3833,5025558.86937,
7370,17,24,ACTIVA,1,LAS 20,0,4.56142944,-72.76942749,2062037.5571,5025566.05833,
7371,17,25,ERRADICADA,0,LAS 20,0,4.56136240,-72.76937254,2062030.1510,5025572.15343,
7372,17,26,ACTIVA,1,LAS 20,0,4.56129432,-72.76931698,2062022.6308,5025578.31613,
7373,17,27,ACTIVA,1,LAS 20,0,4.56122658,-72.76926255,2062015.1482,5025584.35455,
7374,17,28,ACTIVA,1,LAS 20,0,4.56114963,-72.76920136,2062006.6477,5025591.14123,
7375,17,29,ACTIVA,1,LAS 20,0,4.56108026,-72.76914785,2061998.9845,5025597.07750,
7376,17,30,ACTIVA,1,LAS 20,0,4.56100759,-72.76908178,2061990.9568,5025604.40578,
7377,17,31,ACTIVA,1,LAS 20,0,4.56093954,-72.76902496,2061983.4397,5025610.70829,
7378,18,1,ACTIVA,1,LAS 20,0,4.56305968,-72.77065626,2062217.6448,5025429.75346,
7379,18,2,ACTIVA,1,LAS 20,0,4.56299522,-72.77060238,2062210.5236,5025435.73026,
7380,18,3,ACTIVA,1,LAS 20,0,4.56292402,-72.77054849,2062202.6582,5025441.70729,
7381,18,4,ACTIVA,1,LAS 20,0,4.56285666,-72.77049172,2062195.2181,5025448.00425,
7382,18,5,ACTIVA,1,LAS 20,0,4.56278100,-72.77043166,2062186.8596,5025454.66638,
7383,18,6,ACTIVA,1,LAS 20,0,4.56271387,-72.77037440,2062179.4451,5025461.01882,
7384,18,7,ACTIVA,1,LAS 20,0,4.56264546,-72.77032142,2062171.8880,5025466.89547,
7385,18,8,ACTIVA,1,LAS 20,0,4.56257317,-72.77026047,2062163.9016,5025473.65564,
7386,18,9,ACTIVA,1,LAS 20,0,4.56250666,-72.77020444,2062156.5551,5025479.87149,
7387,18,10,ACTIVA,1,LAS 20,0,4.56243954,-72.77014932,2062149.1405,5025485.98495,
7388,18,11,ACTIVA,1,LAS 20,0,4.56236410,-72.77008466,2062140.8076,5025493.15705,
7389,18,12,ACTIVA,1,LAS 20,0,4.56229852,-72.77002955,2062133.5631,5025499.27046,
7390,18,13,ACTIVA,1,LAS 20,0,4.56223078,-72.76997597,2062126.0805,5025505.21324,
7391,18,14,ACTIVA,1,LAS 20,0,4.56215258,-72.76992148,2062117.4411,5025511.25881,
7392,18,15,ACTIVA,1,LAS 20,0,4.56208145,-72.76986390,2062109.5843,5025517.64554,
7393,18,16,ERRADICADA,0,LAS 20,0,4.56201802,-72.76980447,2062102.5782,5025524.23727,
7394,18,17,ACTIVA,1,LAS 20,0,4.56194920,-72.76973999,2062094.9762,5025531.38964,
7395,18,18,ACTIVA,1,LAS 20,0,4.56187475,-72.76968392,2062086.7513,5025537.60968,
7396,18,19,ACTIVA,1,LAS 20,0,4.56180906,-72.76962863,2062079.4955,5025543.74207,
7397,18,20,ACTIVA,1,LAS 20,0,4.56173413,-72.76956767,2062071.2177,5025550.50455,
7398,18,21,ACTIVA,1,LAS 20,0,4.56166517,-72.76951226,2062063.6005,5025556.65021,
7399,18,22,ACTIVA,1,LAS 20,0,4.56160259,-72.76946005,2062056.6878,5025562.44207,
7400,18,23,ACTIVA,1,LAS 20,0,4.56153523,-72.76940504,2062049.2468,5025568.54348,
7401,18,24,ACTIVA,1,LAS 20,0,4.56145631,-72.76934007,2062040.5289,5025575.75019,
7402,18,25,ACTIVA,1,LAS 20,0,4.56139134,-72.76928826,2062033.3520,5025581.49795,
7403,18,26,ACTIVA,1,LAS 20,0,4.56132079,-72.76923524,2062025.5586,5025587.37849,
7404,18,27,ACTIVA,1,LAS 20,0,4.56125062,-72.76916748,2062017.8070,5025594.89427,
7405,18,28,ACTIVA,1,LAS 20,0,4.56117900,-72.76911455,2062009.8952,5025600.76656,
7406,18,29,ACTIVA,1,LAS 20,0,4.56111485,-72.76905787,2062002.8093,5025607.05293,
7407,18,30,ACTIVA,1,LAS 20,0,4.56103824,-72.76899684,2061994.3473,5025613.82314,
7408,18,31,ACTIVA,1,LAS 20,0,4.56097098,-72.76893767,2061986.9174,5025620.38584,
7409,19,1,ACTIVA,1,LAS 20,0,4.56315823,-72.77063042,2062228.5342,5025432.61460,
7410,19,2,ACTIVA,1,LAS 20,0,4.56308785,-72.77057313,2062220.7602,5025438.97021,
7411,19,3,ACTIVA,1,LAS 20,0,4.56301872,-72.77052019,2062213.1236,5025444.84239,
7412,19,4,ACTIVA,1,LAS 20,0,4.56295208,-72.77046289,2062205.7625,5025451.19787,
7413,19,5,ACTIVA,1,LAS 20,0,4.56287859,-72.77040435,2062197.6444,5025457.69171,
7414,19,6,ACTIVA,1,LAS 20,0,4.56280635,-72.77034892,2062189.6639,5025463.84022,
7415,19,7,ACTIVA,1,LAS 20,0,4.56274158,-72.77029349,2062182.5091,5025469.98848,
7416,19,8,ACTIVA,1,LAS 20,0,4.56266642,-72.77022932,2062174.2069,5025477.10664,
7417,19,9,ACTIVA,1,LAS 20,0,4.56259834,-72.77017205,2062166.6861,5025483.45942,
7418,19,10,ACTIVA,1,LAS 20,0,4.56253108,-72.77011413,2062159.2562,5025489.88399,
7419,19,11,ACTIVA,1,LAS 20,0,4.56245592,-72.77005669,2062150.9543,5025496.25535,
7420,19,12,ACTIVA,1,LAS 20,0,4.56239153,-72.77000408,2062143.8406,5025502.09068,
7421,19,13,ACTIVA,1,LAS 20,0,4.56232265,-72.76994471,2062136.2321,5025508.67641,
7422,19,14,ACTIVA,1,LAS 20,0,4.56225618,-72.76989479,2062128.8899,5025514.21413,
7423,19,15,ACTIVA,1,LAS 20,0,4.56217724,-72.76982978,2062120.1692,5025521.42577,
7424,19,16,ACTIVA,1,LAS 20,0,4.56211454,-72.76977579,2062113.2440,5025527.41391,
7425,19,17,ACTIVA,1,LAS 20,0,4.56204692,-72.76972065,2062105.7736,5025533.53095,
7426,19,18,ACTIVA,1,LAS 20,0,4.56197204,-72.76966078,2062097.5017,5025540.17122,
7427,19,19,ACTIVA,1,LAS 20,0,4.56190492,-72.76960364,2062090.0876,5025546.50950,
7428,19,20,ACTIVA,1,LAS 20,0,4.56183497,-72.76954814,2062082.3608,5025552.66658,
7429,19,21,ACTIVA,1,LAS 20,0,4.56176083,-72.76948436,2062074.1714,5025559.74053,
7430,19,22,ACTIVA,1,LAS 20,0,4.56169546,-72.76943015,2062066.9505,5025565.75347,
7431,19,23,ACTIVA,1,LAS 20,0,4.56162651,-72.76937435,2062059.3334,5025571.94333,
7432,19,24,ACTIVA,1,LAS 20,0,4.56155197,-72.76931137,2062051.0999,5025578.92890,
7433,19,25,ACTIVA,1,LAS 20,0,4.56148939,-72.76925757,2062044.1873,5025584.89756,
7434,19,26,ACTIVA,1,LAS 20,0,4.56141950,-72.76920368,2062036.4666,5025590.87490,
7435,19,27,ACTIVA,1,LAS 20,0,4.56134919,-72.76914425,2062028.6993,5025597.46732,
7436,19,28,ACTIVA,1,LAS 20,0,4.56127521,-72.76908490,2062020.5274,5025604.05061,
7437,19,29,ACTIVA,1,LAS 20,0,4.56121124,-72.76902965,2062013.4609,5025610.17880,
7438,19,30,ACTIVA,1,LAS 20,0,4.56113287,-72.76897153,2062004.8041,5025616.62611,
7439,19,31,ACTIVA,1,LAS 20,0,4.56106561,-72.76891406,2061997.3739,5025623.00061,
7440,19,32,ACTIVA,1,LAS 20,0,4.56099900,-72.76885725,2061990.0159,5025629.30269,
7441,20,1,ACTIVA,1,LAS 20,0,4.56318607,-72.77054814,2062231.6136,5025441.73756,
7442,20,2,ACTIVA,1,LAS 20,0,4.56311711,-72.77048921,2062223.9959,5025448.27429,
7443,20,3,ACTIVA,1,LAS 20,0,4.56305149,-72.77043278,2062216.7475,5025454.53285,
7444,20,4,ACTIVA,1,LAS 20,0,4.56298211,-72.77038096,2062209.0834,5025460.28178,
7445,20,5,ACTIVA,1,LAS 20,0,4.56290270,-72.77031743,2062200.3113,5025467.32865,
7446,20,6,ACTIVA,1,LAS 20,0,4.56283772,-72.77026052,2062193.1331,5025473.64095,
7447,20,7,ACTIVA,1,LAS 20,0,4.56277085,-72.77020355,2062185.7462,5025479.96073,
7448,20,8,ACTIVA,1,LAS 20,0,4.56269941,-72.77014644,2062177.8544,5025486.29490,
7449,20,9,ACTIVA,1,LAS 20,0,4.56262941,-72.77008984,2062170.1220,5025492.57407,
7450,20,10,ACTIVA,1,LAS 20,0,4.56256184,-72.77003232,2062162.6587,5025498.95438,
7451,20,11,ACTIVA,1,LAS 20,0,4.56249093,-72.76996962,2062154.8257,5025505.90849,
7452,20,12,ACTIVA,1,LAS 20,0,4.56241882,-72.76991467,2062146.8599,5025512.00460,
7453,20,13,ACTIVA,1,LAS 20,0,4.56235163,-72.76985684,2062139.4378,5025518.41895,
7454,20,14,ACTIVA,1,LAS 20,0,4.56228320,-72.76980007,2062131.8789,5025524.71573,
7455,20,15,ACTIVA,1,LAS 20,0,4.56220879,-72.76974480,2062123.6586,5025530.84694,
7456,20,16,ACTIVA,1,LAS 20,0,4.56213923,-72.76969084,2062115.9743,5025536.83303,
7457,20,17,ACTIVA,1,LAS 20,0,4.56206849,-72.76962570,2062108.1601,5025544.05813,
7458,20,18,ACTIVA,1,LAS 20,0,4.56199985,-72.76957247,2062100.5777,5025549.96290,
7459,20,19,ACTIVA,1,LAS 20,0,4.56193707,-72.76951419,2062093.6438,5025556.42713,
7460,20,20,ACTIVA,1,LAS 20,0,4.56186621,-72.76945853,2062085.8161,5025562.60087,
7461,20,21,ACTIVA,1,LAS 20,0,4.56179146,-72.76939888,2062077.5585,5025569.21811,
7462,20,22,ACTIVA,1,LAS 20,0,4.56171929,-72.76934374,2062069.5861,5025575.33425,
7463,20,23,ACTIVA,1,LAS 20,0,4.56165608,-72.76928591,2062062.6044,5025581.74830,
7464,20,24,ACTIVA,1,LAS 20,0,4.56158391,-72.76922943,2062054.6321,5025588.01355,
7465,20,25,ACTIVA,1,LAS 20,0,4.56151533,-72.76917206,2062047.0560,5025594.37808,
7466,20,26,ACTIVA,1,LAS 20,0,4.56144764,-72.76911916,2062039.5788,5025600.24555,
7467,20,27,ACTIVA,1,LAS 20,0,4.56137368,-72.76905551,2062031.4086,5025607.30613,
7468,20,28,ACTIVA,1,LAS 20,0,4.56130465,-72.76899992,2062023.7829,5025613.47187,
7469,20,29,ACTIVA,1,LAS 20,0,4.56123965,-72.76894389,2062016.6030,5025619.68717,
7470,20,30,ACTIVA,1,LAS 20,0,4.56116541,-72.76888370,2062008.4021,5025626.36338,
7471,20,31,ACTIVA,1,LAS 20,0,4.56109604,-72.76882709,2062000.7399,5025632.64312,
7472,21,1,ACTIVA,1,LAS 20,0,4.56321589,-72.77046273,2062234.9115,5025451.20599,
7473,21,2,ACTIVA,1,LAS 20,0,4.56314717,-72.77040542,2062227.3209,5025457.56327,
7474,21,3,ACTIVA,1,LAS 20,0,4.56307749,-72.77034830,2062219.6229,5025463.89986,
7475,21,4,ACTIVA,1,LAS 20,0,4.56300419,-72.77028936,2062211.5264,5025470.43763,
7476,21,5,ACTIVA,1,LAS 20,0,4.56293643,-72.77023188,2062204.0412,5025476.81353,
7477,21,6,ACTIVA,1,LAS 20,0,4.56287101,-72.77017860,2062196.8140,5025482.72300,
7478,21,7,ACTIVA,1,LAS 20,0,4.56279670,-72.77012206,2062188.6059,5025488.99551,
7479,21,8,ACTIVA,1,LAS 20,0,4.56272333,-72.77005803,2062180.5013,5025496.09705,
7480,21,9,ERRADICADA,0,LAS 20,0,4.56265731,-72.77000519,2062173.2082,5025501.95911,
7481,21,10,ERRADICADA,0,LAS 20,0,4.56258664,-72.76994862,2062165.4011,5025508.23425,
7482,21,11,ACTIVA,1,LAS 20,0,4.56251491,-72.76989120,2062157.4774,5025514.60316,
7483,21,12,ACTIVA,1,LAS 20,0,4.56244655,-72.76982901,2062149.9264,5025521.50108,
7484,21,13,ACTIVA,1,LAS 20,0,4.56237938,-72.76977857,2062142.5069,5025527.09590,
7485,21,14,ACTIVA,1,LAS 20,0,4.56230414,-72.76971549,2062134.1958,5025534.09389,
7486,21,15,ACTIVA,1,LAS 20,0,4.56223646,-72.76966070,2062126.7187,5025540.17134,
7487,21,16,ACTIVA,1,LAS 20,0,4.56216976,-72.76960447,2062119.3512,5025546.40835,
7488,21,17,ACTIVA,1,LAS 20,0,4.56209708,-72.76954226,2062111.3229,5025553.30883,
7489,21,18,ACTIVA,1,LAS 20,0,4.56202910,-72.76948562,2062103.8136,5025559.59204,
7490,21,19,ACTIVA,1,LAS 20,0,4.56195969,-72.76942934,2062096.1458,5025565.83382,
7491,21,20,ACTIVA,1,LAS 20,0,4.56188699,-72.76937143,2062088.1150,5025572.25789,
7492,21,21,ACTIVA,1,LAS 20,0,4.56182004,-72.76931763,2062080.7194,5025578.22633,
7493,21,22,ACTIVA,1,LAS 20,0,4.56175309,-72.76925766,2062073.3241,5025584.87791,
7494,21,23,ACTIVA,1,LAS 20,0,4.56167916,-72.76920180,2062065.1571,5025591.07431,
7495,21,24,ACTIVA,1,LAS 20,0,4.56160728,-72.76914430,2062057.2170,5025597.45282,
7496,21,25,ACTIVA,1,LAS 20,0,4.56154156,-72.76908885,2062049.9577,5025603.60339,
7497,21,26,ACTIVA,1,LAS 20,0,4.56147913,-72.76903504,2062043.0613,5025609.57168,
7498,21,27,ACTIVA,1,LAS 20,0,4.56140191,-72.76897015,2062034.5315,5025616.77014,
7499,21,28,ACTIVA,1,LAS 20,0,4.56133414,-72.76891388,2062027.0453,5025623.01187,
7500,21,29,ACTIVA,1,LAS 20,0,4.56126678,-72.76886130,2062019.6043,5025628.84371,
7501,21,30,ACTIVA,1,LAS 20,0,4.56119162,-72.76879887,2062011.3013,5025635.76885,
7502,21,31,ACTIVA,1,LAS 20,0,4.56112755,-72.76874506,2062004.2235,5025641.73720,
7503,22,1,ACTIVA,1,LAS 20,0,4.56323871,-72.77037198,2062237.4362,5025461.26865,
7504,22,2,ACTIVA,1,LAS 20,0,4.56317094,-72.77031776,2062229.9498,5025467.28264,
7505,22,3,ACTIVA,1,LAS 20,0,4.56310341,-72.77026487,2062222.4900,5025473.14897,
7506,22,4,ACTIVA,1,LAS 20,0,4.56303229,-72.77020206,2062214.6344,5025480.11627,
7507,22,5,ACTIVA,1,LAS 20,0,4.56296515,-72.77014683,2062207.2172,5025486.24286,
7508,22,6,ACTIVA,1,LAS 20,0,4.56289421,-72.77009354,2062199.3812,5025492.15443,
7509,22,7,ACTIVA,1,LAS 20,0,4.56281863,-72.77003487,2062191.0318,5025498.66157,
7510,22,8,ACTIVA,1,LAS 20,0,4.56275207,-72.76997791,2062183.6795,5025504.98077,
7511,22,9,ACTIVA,1,LAS 20,0,4.56268551,-72.76991812,2062176.3273,5025511.61269,
7512,22,10,ACTIVA,1,LAS 20,0,4.56261557,-72.76986002,2062168.6011,5025518.05710,
7513,22,11,ACTIVA,1,LAS 20,0,4.56253829,-72.76979910,2062160.0648,5025524.81448,
7514,22,12,ACTIVA,1,LAS 20,0,4.56247738,-72.76974777,2062153.3356,5025530.50805,
7515,22,13,ACTIVA,1,LAS 20,1,4.56240405,-72.76968347,2062145.2357,5025537.64056,
7516,22,14,ACTIVA,1,LAS 20,0,4.56233523,-72.76962819,2062137.6340,5025543.77221,
7517,22,15,ACTIVA,1,LAS 20,0,4.56226980,-72.76957122,2062130.4064,5025550.09138,
7518,22,16,ACTIVA,1,LAS 20,0,4.56220437,-72.76951651,2062123.1787,5025556.16038,
7519,22,17,ACTIVA,1,LAS 20,0,4.56212541,-72.76945615,2062114.4554,5025562.85529,
7520,22,18,ACTIVA,1,LAS 20,0,4.56206054,-72.76940031,2062107.2901,5025569.04935,
7521,22,19,ACTIVA,1,LAS 20,0,4.56198974,-72.76934217,2062099.4692,5025575.49880,
7522,22,20,ACTIVA,1,LAS 20,0,4.56191682,-72.76928585,2062091.4138,5025581.74569,
7523,22,21,ACTIVA,1,LAS 20,0,4.56184642,-72.76922773,2062083.6378,5025588.19263,
7524,22,22,ACTIVA,1,LAS 20,0,4.56178000,-72.76917250,2062076.3004,5025594.31921,
7525,22,23,ACTIVA,1,LAS 20,0,4.56170600,-72.76910969,2062068.1257,5025601.28664,
7526,22,24,ACTIVA,1,LAS 20,0,4.56163411,-72.76905962,2062060.1848,5025606.84052,
7527,22,25,ACTIVA,1,LAS 20,0,4.56157150,-72.76900491,2062053.2687,5025612.90942,
7528,22,26,ACTIVA,1,LAS 20,0,4.56149734,-72.76894327,2062045.0765,5025619.74677,
7529,22,27,ACTIVA,1,LAS 20,0,4.56142983,-72.76888443,2062037.6196,5025626.27367,
7530,22,28,ACTIVA,1,LAS 20,0,4.56136233,-72.76883389,2062030.1624,5025631.87993,
7531,22,29,ACTIVA,1,LAS 20,0,4.56128688,-72.76876710,2062021.8282,5025639.28773,
7532,22,30,ACTIVA,1,LAS 20,0,4.56121993,-72.76871626,2062014.4321,5025644.92737,
7533,22,31,ACTIVA,1,LAS 20,0,4.56115096,-72.76865799,2062006.8134,5025651.39140,
7534,23,1,ACTIVA,1,LAS 20,0,4.56326828,-72.77028695,2062240.7068,5025470.69490,
7535,23,2,ACTIVA,1,LAS 20,0,4.56319887,-72.77023520,2062233.0388,5025476.43569,
7536,23,3,ACTIVA,1,LAS 20,0,4.56312527,-72.77017503,2062224.9088,5025483.11026,
7537,23,4,ACTIVA,1,LAS 20,0,4.56305827,-72.77012027,2062217.5076,5025489.18400,
7538,23,5,ACTIVA,1,LAS 20,0,4.56298464,-72.77006308,2062209.3741,5025495.52856,
7539,23,6,ACTIVA,1,LAS 20,0,4.56292255,-72.77000857,2062202.5154,5025501.57491,
7540,23,7,ACTIVA,1,LAS 20,0,4.56284782,-72.76994648,2062194.2608,5025508.46229,
7541,23,8,ACTIVA,1,LAS 20,0,4.56278357,-72.76988980,2062187.1628,5025514.74889,
7542,23,9,ACTIVA,1,LAS 20,0,4.56271315,-72.76983294,2062179.3842,5025521.05572,
7543,23,10,ACTIVA,1,LAS 20,0,4.56264458,-72.76977356,2062171.8102,5025527.64268,
7544,23,11,ACTIVA,1,LAS 20,0,4.56256516,-72.76971833,2062163.0368,5025533.76970,
7545,23,12,ACTIVA,1,LAS 20,0,4.56250107,-72.76966316,2062155.9562,5025539.88868,
7546,23,13,ACTIVA,1,LAS 20,0,4.56242943,-72.76960642,2062148.0430,5025546.18305,
7547,23,14,ACTIVA,1,LAS 20,0,4.56236192,-72.76954830,2062140.5861,5025552.62988,
7548,23,15,ACTIVA,1,LAS 20,0,4.56229261,-72.76949198,2062132.9296,5025558.87663,
7549,23,16,ACTIVA,1,LAS 20,0,4.56221868,-72.76943178,2062124.7628,5025565.55425,
7550,23,17,ACTIVA,1,LAS 20,0,4.56215006,-72.76937610,2062117.1829,5025571.73054,
7551,23,18,ACTIVA,1,LAS 20,0,4.56208215,-72.76932195,2062109.6811,5025577.73708,
7552,23,19,ACTIVA,1,LAS 20,0,4.56200890,-72.76925527,2062101.5895,5025585.13357,
7553,23,20,ACTIVA,1,LAS 20,0,4.56193920,-72.76919741,2062093.8900,5025591.55167,
7554,23,21,ACTIVA,1,LAS 20,0,4.56187422,-72.76914543,2062086.7121,5025597.31795,
7555,23,22,ACTIVA,1,LAS 20,0,4.56180419,-72.76908659,2062078.9760,5025603.84493,
7556,23,23,ACTIVA,1,LAS 20,0,4.56172766,-72.76902522,2062070.5219,5025610.65234,
7557,23,24,ACTIVA,1,LAS 20,0,4.56166457,-72.76897389,2062063.5534,5025616.34600,
7558,23,25,ACTIVA,1,LAS 20,0,4.56160365,-72.76892030,2062056.8242,5025622.28976,
7559,23,26,ACTIVA,1,LAS 20,0,4.56152405,-72.76885663,2062048.0313,5025629.35246,
7560,23,27,ACTIVA,1,LAS 20,0,4.56145619,-72.76880393,2062040.5343,5025635.19890,
7561,23,28,ACTIVA,1,LAS 20,0,4.56138832,-72.76874400,2062033.0375,5025641.84590,
7562,23,29,ACTIVA,1,LAS 20,0,4.56131359,-72.76868552,2062024.7828,5025648.33303,
7563,23,30,ACTIVA,1,LAS 20,0,4.56124717,-72.76862848,2062017.4455,5025654.65975,
7564,24,1,ACTIVA,1,LAS 20,0,4.56329638,-72.77020353,2062243.8147,5025479.94435,
7565,24,2,ACTIVA,1,LAS 20,0,4.56322976,-72.77014899,2062236.4548,5025485.99336,
7566,24,3,ACTIVA,1,LAS 20,0,4.56315507,-72.77008677,2062228.2051,5025492.89514,
7567,24,4,ACTIVA,1,LAS 20,0,4.56308500,-72.77003348,2062220.4640,5025498.80728,
7568,24,5,ACTIVA,1,LAS 20,0,4.56302218,-72.76997933,2062213.5254,5025504.81363,
7569,24,6,ACTIVA,1,LAS 20,0,4.56294060,-72.76991471,2062204.5131,5025511.98144,
7570,24,7,ACTIVA,1,LAS 20,0,4.56287418,-72.76985875,2062197.1757,5025518.18806,
7571,24,8,ACTIVA,1,LAS 20,0,4.56281136,-72.76980713,2062190.2371,5025523.91422,
7572,24,9,ACTIVA,1,LAS 20,0,4.56273592,-72.76974324,2062181.9028,5025531.00177,
7573,24,10,ACTIVA,1,LAS 20,0,4.56266877,-72.76968548,2062174.4858,5025537.40855,
7574,24,11,ACTIVA,1,LAS 20,0,4.56259920,-72.76963302,2062166.8005,5025543.22782,
7575,24,12,ACTIVA,1,LAS 20,0,4.56253265,-72.76957630,2062159.4495,5025549.51920,
7576,24,13,ACTIVA,1,LAS 20,1,4.56245939,-72.76951725,2062151.3569,5025556.06881,
7577,24,14,ACTIVA,1,LAS 20,0,4.56239080,-72.76945769,2062143.7803,5025562.67578,
7578,24,15,ACTIVA,1,LAS 20,0,4.56232330,-72.76940390,2062136.3232,5025568.64228,
7579,24,16,ACTIVA,1,LAS 20,0,4.56224668,-72.76933827,2062127.8594,5025575.92251,
7580,24,17,ACTIVA,1,LAS 20,0,4.56217899,-72.76928186,2062120.3824,5025582.17922,
7581,24,18,ACTIVA,1,LAS 20,0,4.56211392,-72.76922810,2062113.1946,5025588.14313,
7582,24,19,ERRADICADA,0,LAS 20,0,4.56203749,-72.76916943,2062104.7518,5025594.65036,
7583,24,20,ACTIVA,1,LAS 20,0,4.56197097,-72.76911944,2062097.4029,5025600.19651,
7584,24,21,ACTIVA,1,LAS 20,0,4.56190166,-72.76905915,2062089.7466,5025606.88358,
7585,24,22,ACTIVA,1,LAS 20,0,4.56183415,-72.76899598,2062082.2899,5025613.89080,
7586,24,23,ACTIVA,1,LAS 20,0,4.56176267,-72.76893894,2062074.3941,5025620.21770,
7587,24,24,ACTIVA,1,LAS 20,0,4.56169723,-72.76888307,2062067.1653,5025626.41470,
7588,24,25,ACTIVA,1,LAS 20,0,4.56162469,-72.76882485,2062059.1515,5025632.87292,
7589,24,26,ACTIVA,1,LAS 20,0,4.56154838,-72.76877478,2062050.7216,5025638.42786,
7590,24,27,ACTIVA,1,LAS 20,0,4.56148238,-72.76871499,2062043.4318,5025645.05978,
7591,24,28,ACTIVA,1,LAS 20,0,4.56141395,-72.76866097,2062035.8725,5025651.05135,
7592,24,29,ACTIVA,1,LAS 20,0,4.56133886,-72.76859708,2062027.5781,5025658.13891,
7593,24,30,ACTIVA,1,LAS 20,0,4.56127136,-72.76854365,2062020.1210,5025664.06540,
7594,25,1,ACTIVA,1,LAS 20,0,4.56332907,-72.77011606,2062247.4296,5025489.64126,
7595,25,2,ACTIVA,1,LAS 20,0,4.56325912,-72.77005959,2062239.7022,5025495.90581,
7596,25,3,ACTIVA,1,LAS 20,0,4.56318339,-72.76999926,2062231.3368,5025502.59753,
7597,25,4,ACTIVA,1,LAS 20,0,4.56311344,-72.76994535,2062223.6093,5025508.57745,
7598,25,5,ACTIVA,1,LAS 20,0,4.56305054,-72.76989016,2062216.6620,5025514.69944,
7599,25,6,ACTIVA,1,LAS 20,0,4.56297481,-72.76983112,2062208.2965,5025521.24884,
7600,25,7,ACTIVA,1,LAS 20,0,4.56290358,-72.76977593,2062200.4273,5025527.37113,
7601,25,8,ACTIVA,1,LAS 20,0,4.56283619,-72.76972220,2062192.9835,5025533.33103,
7602,25,9,ACTIVA,1,LAS 20,0,4.56276431,-72.76965720,2062185.0437,5025540.54067,
7603,25,10,ACTIVA,1,LAS 20,0,4.56269693,-72.76959944,2062177.6001,5025546.94746,
7604,25,11,ACTIVA,1,LAS 20,0,4.56262505,-72.76954296,2062169.6600,5025553.21209,
7605,25,12,ACTIVA,1,LAS 20,0,4.56255042,-72.76948837,2062161.4161,5025559.26837,
7606,25,13,ACTIVA,1,LAS 20,0,4.56248453,-72.76943135,2062154.1374,5025565.59240,
7607,25,14,ACTIVA,1,LAS 20,0,4.56242051,-72.76937668,2062147.0652,5025571.65729,
7608,25,15,ACTIVA,1,LAS 20,0,4.56234760,-72.76932340,2062139.0118,5025577.56703,
7609,25,16,ACTIVA,1,LAS 20,0,4.56227610,-72.76925985,2062131.1137,5025584.61671,
7610,25,17,ACTIVA,1,LAS 20,0,4.56221163,-72.76920100,2062123.9921,5025591.14382,
7611,25,18,ACTIVA,1,LAS 20,0,4.56214224,-72.76914507,2062116.3272,5025597.34777,
7612,25,19,ACTIVA,1,LAS 20,0,4.56206581,-72.76908413,2062107.8837,5025604.10745,
7613,25,20,ACTIVA,1,LAS 20,0,4.56199945,-72.76903273,2062100.5532,5025609.80970,
7614,25,21,ACTIVA,1,LAS 20,0,4.56193109,-72.76897310,2062093.0020,5025616.42401,
7615,25,22,ACTIVA,1,LAS 20,0,4.56185952,-72.76891114,2062085.0957,5025623.29687,
7616,25,23,ACTIVA,1,LAS 20,0,4.56178942,-72.76885856,2062077.3522,5025629.12880,
7617,25,24,ACTIVA,1,LAS 20,0,4.56172224,-72.76880526,2062069.9314,5025635.04159,
7618,25,25,ACTIVA,1,LAS 20,0,4.56164630,-72.76873954,2062061.5428,5025642.33109,
7619,25,26,ACTIVA,1,LAS 20,0,4.56157933,-72.76868504,2062054.1447,5025648.37666,
7620,25,27,ACTIVA,1,LAS 20,0,4.56151671,-72.76863270,2062047.2273,5025654.18242,
7621,25,28,ACTIVA,1,LAS 20,0,4.56144380,-72.76857008,2062039.1743,5025661.12853,
7622,25,29,ACTIVA,1,LAS 20,0,4.56137184,-72.76851400,2062031.2243,5025667.34917,
7623,26,1,ACTIVA,1,LAS 20,0,4.56342151,-72.77008841,2062257.6446,5025492.70431,
7624,26,2,ACTIVA,1,LAS 20,0,4.56335095,-72.77003186,2062249.8496,5025498.97667,
7625,26,3,ACTIVA,1,LAS 20,0,4.56327617,-72.76996784,2062241.5900,5025506.07827,
7626,26,4,ACTIVA,1,LAS 20,0,4.56321075,-72.76991830,2062234.3627,5025511.57320,
7627,26,5,ACTIVA,1,LAS 20,0,4.56314486,-72.76986409,2062227.0839,5025517.58632,
7628,26,6,ACTIVA,1,LAS 20,0,4.56307523,-72.76980147,2062219.3924,5025524.53228,
7629,26,7,ERRADICADA,0,LAS 20,0,4.56300417,-72.76974300,2062211.5432,5025531.01825,
7630,26,8,ACTIVA,1,LAS 20,0,4.56293446,-72.76968564,2062203.8433,5025537.38088,
7631,26,9,ACTIVA,1,LAS 20,0,4.56286943,-72.76963289,2062196.6591,5025543.23261,
7632,26,10,ACTIVA,1,LAS 20,0,4.56279293,-72.76957453,2062188.2090,5025549.70599,
7633,26,11,ACTIVA,1,LAS 20,0,4.56272365,-72.76951601,2062180.5558,5025556.19733,
7634,26,12,ACTIVA,1,LAS 20,0,4.56265424,-72.76946302,2062172.8879,5025562.07477,
7635,26,13,ACTIVA,1,LAS 20,0,4.56258236,-72.76940018,2062164.9480,5025569.04531,
7636,26,14,ACTIVA,1,LAS 20,0,4.56251500,-72.76934473,2062157.5071,5025575.19593,
7637,26,15,ACTIVA,1,LAS 20,0,4.56244723,-72.76928970,2062150.0208,5025581.30103,
7638,26,16,ACTIVA,1,LAS 20,0,4.56236673,-72.76922644,2062141.1279,5025588.31742,
7639,26,17,ACTIVA,1,LAS 20,0,4.56230676,-72.76917305,2062134.5038,5025594.24007,
7640,26,18,ACTIVA,1,LAS 20,0,4.56224145,-72.76911965,2062127.2898,5025600.16291,
7641,26,19,ACTIVA,1,LAS 20,0,4.56215889,-72.76905394,2062118.1701,5025607.45264,
7642,26,20,ACTIVA,1,LAS 20,0,4.56210098,-72.76900095,2062111.7729,5025613.32968,
7643,26,21,ACTIVA,1,LAS 20,0,4.56202787,-72.76894386,2062103.6967,5025619.66268,
7644,26,22,ACTIVA,1,LAS 20,0,4.56195442,-72.76888248,2062095.5829,5025626.47159,
7645,26,23,ACTIVA,1,LAS 20,0,4.56188862,-72.76882774,2062088.3145,5025632.54276,
7646,26,24,ACTIVA,1,LAS 20,0,4.56182103,-72.76877092,2062080.8478,5025638.84614,
7647,26,25,ACTIVA,1,LAS 20,0,4.56175493,-72.76871289,2062073.5465,5025645.28212,
7648,26,26,ACTIVA,1,LAS 20,0,4.56167989,-72.76865119,2062065.2573,5025652.12661,
7649,26,27,ACTIVA,1,LAS 20,0,4.56161271,-72.76859204,2062057.8367,5025658.68712,
7650,26,28,ACTIVA,1,LAS 20,0,4.56154334,-72.76853874,2062050.1739,5025664.60000,
7651,26,29,ACTIVA,1,LAS 20,0,4.56146740,-72.76847740,2062041.7852,5025671.40372,
7652,26,30,ACTIVA,1,LAS 20,0,4.56140023,-72.76842775,2062034.3643,5025676.91169,
7653,27,1,ACTIVA,1,LAS 20,0,4.56345095,-72.77000429,2062260.9007,5025502.03036,
7654,27,2,ACTIVA,1,LAS 20,0,4.56338039,-72.76994868,2062253.1056,5025508.19909,
7655,27,3,ACTIVA,1,LAS 20,0,4.56330468,-72.76988606,2062244.7427,5025515.14527,
7656,27,4,ACTIVA,1,LAS 20,0,4.56324159,-72.76983559,2062237.7736,5025520.74375,
7657,27,5,ACTIVA,1,LAS 20,0,4.56317336,-72.76977577,2062230.2369,5025527.37876,
7658,27,6,ACTIVA,1,LAS 20,0,4.56309719,-72.76971689,2062221.8223,5025533.91042,
7659,27,7,ACTIVA,1,LAS 20,0,4.56303036,-72.76966034,2062214.4403,5025540.18266,
7660,27,8,ACTIVA,1,LAS 20,0,4.56296494,-72.76960753,2062207.2131,5025546.04032,
7661,27,9,ERRADICADA,0,LAS 20,0,4.56289414,-72.76954834,2062199.3921,5025552.60596,
7662,27,10,ACTIVA,1,LAS 20,0,4.56281960,-72.76948603,2062191.1586,5025559.51794,
7663,27,11,ACTIVA,1,LAS 20,0,4.56275277,-72.76943416,2062183.7765,5025565.27201,
7664,27,12,ACTIVA,1,LAS 20,0,4.56268314,-72.76937715,2062176.0847,5025571.59618,
7665,27,13,ACTIVA,1,LAS 20,0,4.56260523,-72.76931884,2062167.4780,5025578.06365,
7666,27,14,ERRADICADA,0,LAS 20,0,4.56254128,-72.76926143,2062160.4139,5025584.43172,
7667,27,15,ACTIVA,1,LAS 20,0,4.56247373,-72.76920079,2062152.9520,5025591.15842,
7668,27,16,ACTIVA,1,LAS 20,0,4.56240135,-72.76914208,2062144.9564,5025597.67022,
7669,27,17,ACTIVA,1,LAS 20,0,4.56233405,-72.76908600,2062137.5228,5025603.89068,
7670,27,18,ACTIVA,1,LAS 20,0,4.56226723,-72.76902759,2062130.1409,5025610.37020,
7671,27,19,ACTIVA,1,LAS 20,0,4.56219249,-72.76897220,2062121.8852,5025616.51423,
7672,27,20,ACTIVA,1,LAS 20,0,4.56212580,-72.76891717,2062114.5177,5025622.61860,
7673,27,21,ACTIVA,1,LAS 20,0,4.56205521,-72.76886064,2062106.7206,5025628.88892,
7674,27,22,ACTIVA,1,LAS 20,0,4.56197954,-72.76879873,2062098.3618,5025635.75635,
7675,27,23,ACTIVA,1,LAS 20,0,4.56191135,-72.76874340,2062090.8291,5025641.89394,
7676,27,24,ACTIVA,1,LAS 20,0,4.56184645,-72.76868687,2062083.6598,5025648.16406,
7677,27,25,ACTIVA,1,LAS 20,0,4.56177287,-72.76862676,2062075.5324,5025654.83245,
7678,27,26,ACTIVA,1,LAS 20,0,4.56170678,-72.76857143,2062068.2309,5025660.96996,
7679,27,27,ACTIVA,1,LAS 20,0,4.56164277,-72.76851430,2062061.1609,5025667.30638,
7680,27,28,ACTIVA,1,LAS 20,0,4.56156770,-72.76845209,2062052.8683,5025674.20697,
7681,27,29,ACTIVA,1,LAS 20,0,4.56149712,-72.76839975,2062045.0710,5025680.01302,
7682,27,30,ACTIVA,1,LAS 20,0,4.56143311,-72.76834352,2062038.0009,5025686.24995,
7683,28,1,ACTIVA,1,LAS 20,0,4.56347998,-72.76991923,2062264.1106,5025511.46086,
7684,28,2,ACTIVA,1,LAS 20,0,4.56341328,-72.76985900,2062256.7431,5025518.14180,
7685,28,3,ACTIVA,1,LAS 20,0,4.56333848,-72.76980164,2062248.4806,5025524.50457,
7686,28,4,ACTIVA,1,LAS 20,0,4.56326831,-72.76974398,2062240.7294,5025530.90038,
7687,28,5,ACTIVA,1,LAS 20,0,4.56320230,-72.76969021,2062233.4369,5025536.86439,
7688,28,6,ACTIVA,1,LAS 20,0,4.56312994,-72.76962528,2062225.4440,5025544.06691,
7689,28,7,ACTIVA,1,LAS 20,0,4.56305947,-72.76957107,2062217.6598,5025550.07971,
7690,28,8,ACTIVA,1,LAS 20,0,4.56299520,-72.76951493,2062210.5602,5025556.30694,
7691,28,9,ACTIVA,1,LAS 20,0,4.56292054,-72.76945799,2062202.3130,5025562.62340,
7692,28,10,ACTIVA,1,LAS 20,0,4.56285035,-72.76940017,2062194.5591,5025569.03675,
7693,28,11,ACTIVA,1,LAS 20,0,4.56277626,-72.76934888,2062186.3744,5025574.72685,
7694,28,12,ACTIVA,1,LAS 20,0,4.56270714,-72.76928611,2062178.7394,5025581.68924,
7695,28,13,ACTIVA,1,LAS 20,0,4.56263997,-72.76922895,2062171.3199,5025588.02992,
7696,28,14,ACTIVA,1,LAS 20,0,4.56256874,-72.76917438,2062163.4514,5025594.08269,
7697,28,15,ACTIVA,1,LAS 20,0,4.56249922,-72.76911645,2062155.7722,5025600.50888,
7698,28,16,ACTIVA,1,LAS 20,0,4.56243133,-72.76905624,2062148.2723,5025607.18789,
7699,28,17,ACTIVA,1,LAS 20,0,4.56236244,-72.76900296,2062140.6626,5025613.09761,
7700,28,18,ACTIVA,1,LAS 20,0,4.56229455,-72.76894721,2062133.1626,5025619.28206,
7701,28,19,ACTIVA,1,LAS 20,0,4.56222046,-72.76888461,2062124.9782,5025626.22574,
7702,28,20,ACTIVA,1,LAS 20,0,4.56215425,-72.76882731,2062117.6648,5025632.58185,
7703,28,21,ACTIVA,1,LAS 20,0,4.56208995,-72.76877286,2062110.5624,5025638.62128,
7704,28,22,ACTIVA,1,LAS 20,0,4.56200983,-72.76870922,2062101.7117,5025645.68088,
7705,28,23,ACTIVA,1,LAS 20,0,4.56194633,-72.76865346,2062094.6977,5025651.86518,
7706,28,24,ACTIVA,1,LAS 20,0,4.56187577,-72.76860029,2062086.9032,5025657.76295,
7707,28,25,ACTIVA,1,LAS 20,0,4.56180424,-72.76854079,2062079.0011,5025664.36310,
7708,28,26,ACTIVA,1,LAS 20,0,4.56173764,-72.76848233,2062071.6449,5025670.84803,
7709,28,27,ACTIVA,1,LAS 20,0,4.56167010,-72.76843031,2062064.1841,5025676.61862,
7710,28,28,ACTIVA,1,LAS 20,0,4.56159155,-72.76836811,2062055.5069,5025683.51782,
7711,28,29,ACTIVA,1,LAS 20,0,4.56152552,-72.76831429,2062048.2124,5025689.48756,
7712,29,2,ACTIVA,1,LAS 20,0,4.56343271,-72.76977008,2062258.8935,5025528.00010,
7713,29,3,ERRADICADA,0,LAS 20,0,4.56336486,-72.76971642,2062251.3986,5025533.95240,
7714,29,4,ACTIVA,1,LAS 20,0,4.56329836,-72.76966383,2062244.0523,5025539.78676,
7715,29,5,ACTIVA,1,LAS 20,0,4.56322165,-72.76960076,2062235.5789,5025546.78253,
7716,29,6,ACTIVA,1,LAS 20,0,4.56315100,-72.76954548,2062227.7739,5025552.91484,
7717,29,7,ACTIVA,1,LAS 20,0,4.56308507,-72.76949019,2062220.4915,5025559.04700,
7718,29,8,ACTIVA,1,LAS 20,0,4.56301328,-72.76943046,2062212.5612,5025565.67236,
7719,29,9,ACTIVA,1,LAS 20,0,4.56294583,-72.76937785,2062205.1101,5025571.50824,
7720,29,10,ACTIVA,1,LAS 20,0,4.56287577,-72.76931577,2062197.3707,5025578.39448,
7721,29,11,ACTIVA,1,LAS 20,0,4.56281132,-72.76925842,2062190.2517,5025584.75604,
7722,29,12,ACTIVA,1,LAS 20,0,4.56273268,-72.76919811,2062181.5649,5025591.44591,
7723,29,13,ACTIVA,1,LAS 20,0,4.56266735,-72.76914697,2062174.3477,5025597.11913,
7724,29,14,ACTIVA,1,LAS 20,0,4.56260101,-72.76908801,2062167.0197,5025603.65908,
7725,29,15,ACTIVA,1,LAS 20,0,4.56252574,-72.76902487,2062158.7053,5025610.66221,
7726,29,16,ACTIVA,1,LAS 20,0,4.56245956,-72.76897118,2062151.3943,5025616.61819,
7727,29,17,ACTIVA,1,LAS 20,0,4.56239300,-72.76891756,2062144.0425,5025622.56598,
7728,29,18,ACTIVA,1,LAS 20,0,4.56231699,-72.76885548,2062135.6461,5025629.45244,
7729,29,19,ACTIVA,1,LAS 20,0,4.56224657,-72.76879714,2062127.8665,5025635.92349,
7730,29,20,ACTIVA,1,LAS 20,0,4.56217637,-72.76874378,2062120.1124,5025641.84209,
7731,29,21,ACTIVA,1,LAS 20,0,4.56210809,-72.76868223,2062112.5699,5025648.66971,
7732,29,22,ACTIVA,1,LAS 20,0,4.56204082,-72.76862437,2062105.1388,5025655.08704,
7733,29,23,ACTIVA,1,LAS 20,0,4.56198027,-72.76857056,2062098.4509,5025661.05657,
7734,29,24,ACTIVA,1,LAS 20,0,4.56190056,-72.76851102,2062089.6447,5025667.66083,
7735,29,25,ACTIVA,1,LAS 20,0,4.56182925,-72.76845283,2062081.7676,5025674.11560,
7736,29,26,ACTIVA,1,LAS 20,0,4.56176097,-72.76840103,2062074.2248,5025679.86164,
7737,29,27,ACTIVA,1,LAS 20,0,4.56168999,-72.76834082,2062066.3850,5025686.54017,
7738,29,28,ACTIVA,1,LAS 20,0,4.56162161,-72.76828473,2062058.8304,5025692.76212,
7739,29,29,ACTIVA,1,LAS 20,0,4.56155276,-72.76822579,2062051.2254,5025699.30035,
7740,30,1,ACTIVA,1,LAS 20,0,4.56354096,-72.76974707,2062270.8555,5025530.54838,
7741,30,2,ACTIVA,1,LAS 20,0,4.56346131,-72.76968292,2062262.0569,5025537.66430,
7742,30,3,ACTIVA,1,LAS 20,0,4.56339200,-72.76963104,2062254.3996,5025543.41930,
7743,30,4,ACTIVA,1,LAS 20,0,4.56332526,-72.76957808,2062247.0278,5025549.29356,
7744,30,5,ACTIVA,1,LAS 20,0,4.56325206,-72.76951439,2062238.9413,5025556.35854,
7745,30,6,ACTIVA,1,LAS 20,0,4.56318445,-72.76945653,2062231.4730,5025562.77586,
7746,30,7,ACTIVA,1,LAS 20,0,4.56311617,-72.76940002,2062223.9304,5025569.04402,
7747,30,8,ACTIVA,1,LAS 20,0,4.56304250,-72.76933948,2062215.7932,5025575.75993,
7748,30,9,ERRADICADA,0,LAS 20,0,4.56297608,-72.76928569,2062208.4560,5025581.72679,
7749,30,10,ACTIVA,1,LAS 20,0,4.56290563,-72.76922863,2062200.6730,5025588.05618,
7750,30,11,ACTIVA,1,LAS 20,0,4.56283194,-72.76917163,2062192.5334,5025594.37815,
7751,30,12,ACTIVA,1,LAS 20,0,4.56276030,-72.76911748,2062184.6190,5025600.38537,
7752,30,13,ACTIVA,1,LAS 20,0,4.56269667,-72.76905842,2062177.5908,5025606.93682,
7753,30,14,ACTIVA,1,LAS 20,0,4.56262945,-72.76900211,2062170.1656,5025613.18258,
7754,30,15,ACTIVA,1,LAS 20,0,4.56255770,-72.76893694,2062162.2399,5025620.41125,
7755,30,16,ACTIVA,1,LAS 20,0,4.56249148,-72.76888228,2062154.9249,5025626.47422,
7756,30,17,ACTIVA,1,LAS 20,0,4.56242394,-72.76882586,2062147.4635,5025632.73304,
7757,30,18,ACTIVA,1,LAS 20,0,4.56234254,-72.76876598,2062138.4715,5025639.37464,
7758,30,19,ACTIVA,1,LAS 20,0,4.56228199,-72.76871250,2062131.7836,5025645.30688,
7759,30,20,ACTIVA,1,LAS 20,0,4.56221068,-72.76865902,2062123.9063,5025651.23950,
7760,30,21,ACTIVA,1,LAS 20,0,4.56213769,-72.76859747,2062115.8435,5025658.06729,
7761,30,22,ACTIVA,1,LAS 20,0,4.56207008,-72.76853961,2062108.3753,5025664.48463,
7762,30,23,ACTIVA,1,LAS 20,0,4.56200046,-72.76848512,2062100.6839,5025670.52908,
7763,30,24,ACTIVA,1,LAS 20,0,4.56192881,-72.76842189,2062092.7698,5025677.54331,
7764,30,25,ACTIVA,1,LAS 20,0,4.56186255,-72.76836706,2062085.4501,5025683.62494,
7765,30,26,ACTIVA,1,LAS 20,0,4.56179359,-72.76831290,2062077.8331,5025689.63208,
7766,30,27,ACTIVA,1,LAS 20,0,4.56172229,-72.76824698,2062069.9563,5025696.94466,
7767,30,28,ACTIVA,1,LAS 20,0,4.56164997,-72.76819383,2062061.9675,5025702.84003,
7768,31,1,ACTIVA,1,LAS 20,0,4.56356185,-72.76966037,2062273.1658,5025540.16108,
7769,31,2,ACTIVA,1,LAS 20,0,4.56349054,-72.76960655,2062265.2886,5025546.13097,
7770,31,3,ACTIVA,1,LAS 20,0,4.56341889,-72.76954399,2062257.3745,5025553.07058,
7771,31,4,ACTIVA,1,LAS 20,0,4.56335364,-72.76949185,2062250.1662,5025558.85378,
7772,31,5,ACTIVA,1,LAS 20,0,4.56327863,-72.76943131,2062241.8803,5025565.56974,
7773,31,6,ACTIVA,1,LAS 20,0,4.56321001,-72.76937547,2062234.3005,5025571.76332,
7774,31,7,ACTIVA,1,LAS 20,0,4.56314476,-72.76931560,2062227.0924,5025578.40434,
7775,31,8,ACTIVA,1,LAS 20,0,4.56306645,-72.76925842,2062218.4418,5025584.74701,
7776,31,9,ACTIVA,1,LAS 20,0,4.56300289,-72.76920491,2062211.4207,5025590.68240,
7777,31,10,ACTIVA,1,LAS 20,0,4.56293371,-72.76914726,2062203.7791,5025597.07691,
7778,31,11,ACTIVA,1,LAS 20,0,4.56285832,-72.76908666,2062195.4516,5025603.79944,
7779,31,12,ACTIVA,1,LAS 20,0,4.56279168,-72.76903308,2062188.0895,5025609.74314,
7780,31,13,ACTIVA,1,LAS 20,0,4.56272293,-72.76897639,2062180.4948,5025616.03111,
7781,31,14,ACTIVA,1,LAS 20,0,4.56264850,-72.76890978,2062172.2734,5025623.41969,
7782,31,15,ACTIVA,1,LAS 20,0,4.56258221,-72.76885548,2062164.9504,5025629.44304,
7783,31,16,ACTIVA,1,LAS 20,0,4.56251599,-72.76880108,2062157.6353,5025635.47687,
7784,31,17,ACTIVA,1,LAS 20,0,4.56244237,-72.76874166,2062149.5038,5025642.06823,
7785,31,18,ACTIVA,1,LAS 20,0,4.56237290,-72.76868815,2062141.8294,5025648.00384,
7786,31,19,ACTIVA,1,LAS 20,0,4.56230757,-72.76862902,2062134.6125,5025654.56212,
7787,31,20,ACTIVA,1,LAS 20,0,4.56222952,-72.76856635,2062125.9911,5025661.51422,
7788,31,21,ACTIVA,1,LAS 20,0,4.56216448,-72.76850929,2062118.8067,5025667.84303,
7789,31,22,ACTIVA,1,LAS 20,0,4.56210062,-72.76845401,2062111.7530,5025673.97513,
7790,31,23,ACTIVA,1,LAS 20,0,4.56202908,-72.76839932,2062103.8500,5025680.04194,
7791,31,24,ACTIVA,1,LAS 20,0,4.56195458,-72.76833901,2062095.6205,5025686.73168,
7792,31,25,ACTIVA,1,LAS 20,0,4.56188807,-72.76828491,2062088.2727,5025692.73275,
7793,31,26,ACTIVA,1,LAS 20,0,4.56181771,-72.76822904,2062080.5004,5025698.93065,
7794,31,27,ACTIVA,1,LAS 20,0,4.56174646,-72.76817021,2062072.6301,5025705.45637,
7795,31,28,ACTIVA,1,LAS 20,0,4.56167467,-72.76811475,2062064.6997,5025711.60842,
7796,32,1,ACTIVA,1,LAS 20,0,4.56358708,-72.76956920,2062275.9577,5025550.26868,
7797,32,2,ACTIVA,1,LAS 20,0,4.56351889,-72.76951278,2062268.4243,5025556.52681,
7798,32,3,ACTIVA,1,LAS 20,0,4.56345317,-72.76946102,2062261.1647,5025562.26927,
7799,32,4,ACTIVA,1,LAS 20,0,4.56337424,-72.76939698,2062252.4456,5025569.37205,
7800,32,5,ERRADICADA,0,LAS 20,0,4.56330809,-72.76934324,2062245.1382,5025575.33308,
7801,32,6,ACTIVA,1,LAS 20,0,4.56323958,-72.76928994,2062237.5711,5025581.24593,
7802,32,7,ACTIVA,1,LAS 20,0,4.56316790,-72.76922358,2062229.6527,5025588.60624,
7803,32,8,ACTIVA,1,LAS 20,0,4.56310493,-72.76917079,2062222.6972,5025594.46247,
7804,32,9,ACTIVA,1,LAS 20,0,4.56303373,-72.76911509,2062214.8319,5025600.64123,
7805,32,10,ACTIVA,1,LAS 20,0,4.56295720,-72.76905842,2062206.3779,5025606.92759,
7806,32,11,ACTIVA,1,LAS 20,0,4.56288891,-72.76900271,2062198.8338,5025613.10625,
7807,32,12,ACTIVA,1,LAS 20,0,4.56281964,-72.76894943,2062191.1825,5025619.01641,
7808,32,13,ACTIVA,1,LAS 20,0,4.56275135,-72.76888647,2062183.6386,5025626.00067,
7809,32,14,ACTIVA,1,LAS 20,0,4.56268112,-72.76882399,2062175.8806,5025632.93129,
7810,32,15,ERRADICADA,0,LAS 20,0,4.56261379,-72.76876840,2062168.4429,5025639.09753,
7811,32,16,ACTIVA,1,LAS 20,0,4.56254501,-72.76871161,2062160.8458,5025645.39601,
7812,32,17,ACTIVA,1,LAS 20,0,4.56247236,-72.76865446,2062152.8200,5025651.73595,
7813,32,18,ACTIVA,1,LAS 20,0,4.56239970,-72.76859827,2062144.7942,5025657.96848,
7814,32,19,ACTIVA,1,LAS 20,0,4.56233441,-72.76854716,2062137.5817,5025663.63790,
7815,32,20,ACTIVA,1,LAS 20,0,4.56225970,-72.76848269,2062129.3292,5025670.78996,
7816,32,21,ERRADICADA,0,LAS 20,0,4.56219244,-72.76842836,2062121.8992,5025676.81637,
7817,32,22,ACTIVA,1,LAS 20,0,4.56212424,-72.76837140,2062114.3651,5025683.13437,
7818,32,23,ACTIVA,1,LAS 20,0,4.56204968,-72.76831110,2062106.1293,5025689.82260,
7819,32,24,ACTIVA,1,LAS 20,0,4.56198172,-72.76825495,2062098.6223,5025696.05099,
7820,32,25,ACTIVA,1,LAS 20,0,4.56191789,-72.76820064,2062091.5704,5025702.07588,
7821,32,26,ACTIVA,1,LAS 20,0,4.56184488,-72.76814103,2062083.5055,5025708.68770,
7822,32,27,ERRADICADA,0,LAS 20,0,4.56177499,-72.76808319,2062075.7852,5025715.10388,
7823,32,28,ACTIVA,1,LAS 20,0,4.56170510,-72.76802535,2062068.0649,5025721.52006,
7824,33,1,ACTIVA,1,LAS 20,0,4.56361243,-72.76948705,2062278.7608,5025559.37707,
7825,33,2,ACTIVA,1,LAS 20,0,4.56354602,-72.76942922,2062271.4252,5025565.79196,
7826,33,3,ACTIVA,1,LAS 20,0,4.56347982,-72.76938114,2062264.1122,5025571.12528,
7827,33,4,ACTIVA,1,LAS 20,0,4.56340067,-72.76931198,2062255.3697,5025578.79648,
7828,33,5,ACTIVA,1,LAS 20,0,4.56333447,-72.76926131,2062248.0568,5025584.41685,
7829,33,6,ACTIVA,1,LAS 20,0,4.56326686,-72.76920447,2062240.5883,5025590.72159,
7830,33,7,ACTIVA,1,LAS 20,0,4.56319174,-72.76914264,2062232.2900,5025597.58019,
7831,33,8,ACTIVA,1,LAS 20,0,4.56312355,-72.76909006,2062224.7575,5025603.41336,
7832,33,9,ACTIVA,1,LAS 20,0,4.56305941,-72.76903169,2062217.6722,5025609.88713,
7833,33,10,ACTIVA,1,LAS 20,0,4.56298461,-72.76897136,2062209.4095,5025616.57914,
7834,33,11,ACTIVA,1,LAS 20,0,4.56291508,-72.76891811,2062201.7289,5025622.48668,
7835,33,12,ACTIVA,1,LAS 20,0,4.56284814,-72.76886337,2062194.3345,5025628.55817,
7836,33,13,ACTIVA,1,LAS 20,0,4.56277626,-72.76880286,2062186.3936,5025635.27058,
7837,33,14,ERRADICADA,0,LAS 20,0,4.56270872,-72.76874502,2062178.9328,5025641.68553,
7838,33,15,ACTIVA,1,LAS 20,0,4.56264232,-72.76868652,2062171.5990,5025648.17528,
7839,33,16,ACTIVA,1,LAS 20,0,4.56256895,-72.76862734,2062163.4936,5025654.73909,
7840,33,17,ACTIVA,1,LAS 20,0,4.56249939,-72.76856935,2062155.8099,5025661.17154,
7841,33,18,ACTIVA,1,LAS 20,0,4.56243393,-72.76851351,2062148.5790,5025667.36600,
7842,33,19,ACTIVA,1,LAS 20,0,4.56236137,-72.76845645,2062140.5634,5025673.69523,
7843,33,20,ERRADICADA,0,LAS 20,0,4.56228841,-72.76839759,2062132.5039,5025680.22461,
7844,33,21,ACTIVA,1,LAS 20,0,4.56222172,-72.76834379,2062125.1371,5025686.19273,
7845,33,22,ACTIVA,1,LAS 20,0,4.56215355,-72.76828603,2062117.6071,5025692.59890,
7846,33,23,ACTIVA,1,LAS 20,0,4.56208444,-72.76822504,2062109.9725,5025699.36432,
7847,33,24,ACTIVA,1,LAS 20,0,4.56201269,-72.76816772,2062102.0469,5025705.72305,
7848,33,25,ACTIVA,1,LAS 20,0,4.56194464,-72.76811668,2062094.5297,5025711.38451,
7849,33,26,ACTIVA,1,LAS 20,0,4.56187067,-72.76805566,2062086.3590,5025718.15339,
7850,33,27,ERRADICADA,0,LAS 20,0,4.56180141,-72.76800251,2062078.7082,5025724.04841,
7851,34,1,ACTIVA,1,LAS 20,0,4.56364305,-72.76939921,2062282.1480,5025569.11526,
7852,34,2,ACTIVA,1,LAS 20,0,4.56357544,-72.76934489,2062274.6794,5025575.14063,
7853,34,3,ACTIVA,1,LAS 20,0,4.56349628,-72.76928769,2062265.9340,5025581.48678,
7854,34,4,ACTIVA,1,LAS 20,0,4.56343137,-72.76923136,2062258.7643,5025587.73503,
7855,34,5,ACTIVA,1,LAS 20,0,4.56336554,-72.76917403,2062251.4925,5025594.09352,
7856,34,6,ACTIVA,1,LAS 20,0,4.56329702,-72.76912014,2062243.9231,5025600.07156,
7857,34,7,ACTIVA,1,LAS 20,0,4.56322468,-72.76905770,2062235.9325,5025606.99794,
7858,34,8,ACTIVA,1,LAS 20,0,4.56315649,-72.76900280,2062228.4001,5025613.08740,
7859,34,9,ACTIVA,1,LAS 20,0,4.56309086,-72.76894688,2062221.1499,5025619.29007,
7860,34,10,ACTIVA,1,LAS 20,0,4.56300976,-72.76888098,2062212.1911,5025626.59950,
7861,34,11,ACTIVA,1,LAS 20,0,4.56295098,-72.76882645,2062205.6987,5025632.64839,
7862,34,12,ACTIVA,1,LAS 20,0,4.56287948,-72.76877252,2062197.8003,5025638.63054,
7863,34,13,ACTIVA,1,LAS 20,0,4.56280737,-72.76871375,2062189.8351,5025645.15021,
7864,34,14,ACTIVA,1,LAS 20,0,4.56273587,-72.76866042,2062181.9367,5025651.06518,
7865,34,15,ACTIVA,1,LAS 20,0,4.56267346,-72.76860286,2062175.0427,5025657.45014,
7866,34,16,ACTIVA,1,LAS 20,0,4.56259530,-72.76854166,2062166.4080,5025664.23878,
7867,34,17,ACTIVA,1,LAS 20,0,4.56252986,-72.76848955,2062159.1791,5025670.01916,
7868,34,18,ACTIVA,1,LAS 20,0,4.56246139,-72.76842896,2062151.6157,5025676.74027,
7869,34,19,ACTIVA,1,LAS 20,0,4.56238989,-72.76836715,2062143.7175,5025683.59586,
7870,34,20,ACTIVA,1,LAS 20,0,4.56231717,-72.76830959,2062135.6853,5025689.98119,
7871,34,21,ACTIVA,1,LAS 20,0,4.56225113,-72.76825021,2062128.3897,5025696.56785,
7872,34,22,ACTIVA,1,LAS 20,0,4.56217902,-72.76819810,2062120.4243,5025702.34847,
7873,34,23,ACTIVA,1,LAS 20,0,4.56211055,-72.76813993,2062112.8608,5025708.80084,
7874,34,24,ACTIVA,1,LAS 20,0,4.56204155,-72.76808227,2062105.2383,5025715.19679,
7875,34,25,ACTIVA,1,LAS 20,0,4.56197523,-72.76802914,2062097.9130,5025721.09009,
7876,34,26,ACTIVA,1,LAS 20,0,4.56190114,-72.76796603,2062089.7288,5025728.08981,
7877,34,27,ACTIVA,1,LAS 20,0,4.56183010,-72.76791044,2062081.8815,5025734.25676,
7878,35,1,ACTIVA,1,LAS 20,0,4.56366650,-72.76931884,2062284.7411,5025578.02650,
7879,35,2,ACTIVA,1,LAS 20,0,4.56360296,-72.76926104,2062277.7228,5025584.43777,
7880,35,3,ACTIVA,1,LAS 20,0,4.56352883,-72.76919927,2062269.5345,5025591.28973,
7881,35,4,ACTIVA,1,LAS 20,0,4.56346265,-72.76914367,2062262.2235,5025597.45648,
7882,35,5,ACTIVA,1,LAS 20,0,4.56339735,-72.76908896,2062255.0100,5025603.52535,
7883,35,6,ACTIVA,1,LAS 20,0,4.56331837,-72.76902895,2062246.2854,5025610.18179,
7884,35,7,ACTIVA,1,LAS 20,0,4.56325262,-72.76897115,2062239.0232,5025616.59315,
7885,35,8,ACTIVA,1,LAS 20,0,4.56318356,-72.76892032,2062231.3942,5025622.23162,
7886,35,9,ERRADICADA,0,LAS 20,0,4.56311535,-72.76886503,2062223.8587,5025628.36446,
7887,35,10,ACTIVA,1,LAS 20,0,4.56304025,-72.76880417,2062215.5638,5025635.11530,
7888,35,11,ACTIVA,1,LAS 20,0,4.56297391,-72.76874497,2062208.2346,5025641.68263,
7889,35,12,ACTIVA,1,LAS 20,0,4.56290540,-72.76869434,2062200.6676,5025647.29908,
7890,35,13,ACTIVA,1,LAS 20,0,4.56283219,-72.76862956,2062192.5799,5025654.48431,
7891,35,14,ACTIVA,1,LAS 20,0,4.56276468,-72.76857471,2062185.1227,5025660.56856,
7892,35,15,ACTIVA,1,LAS 20,0,4.56269221,-72.76851663,2062177.1171,5025667.01074,
7893,35,16,ACTIVA,1,LAS 20,0,4.56262279,-72.76845398,2062169.4489,5025673.96023,
7894,35,17,ACTIVA,1,LAS 20,0,4.56255620,-72.76840001,2062162.0929,5025679.94672,
7895,35,18,ACTIVA,1,LAS 20,0,4.56249270,-72.76834796,2062155.0784,5025685.72027,
7896,35,19,ACTIVA,1,LAS 20,0,4.56241462,-72.76828290,2062146.4540,5025692.93717,
7897,35,20,ACTIVA,1,LAS 20,0,4.56234826,-72.76822616,2062139.1234,5025699.23025,
7898,35,21,ACTIVA,1,LAS 20,0,4.56228103,-72.76817394,2062131.6971,5025705.02356,
7899,35,22,ERRADICADA,0,LAS 20,0,4.56220619,-72.76811229,2062123.4295,5025711.86180,
7900,35,23,ACTIVA,1,LAS 20,0,4.56213835,-72.76805635,2062115.9352,5025718.06683,
7901,35,24,ERRADICADA,0,LAS 20,0,4.56206984,-72.76799998,2062108.3675,5025724.31995,
7902,35,25,ACTIVA,1,LAS 20,0,4.56199666,-72.76793970,2062100.2842,5025731.00582,
7903,35,26,ACTIVA,1,LAS 20,0,4.56192440,-72.76788419,2062092.3015,5025737.16385,
7904,36,1,ACTIVA,1,LAS 20,0,4.56369979,-72.76922955,2062288.4227,5025587.92561,
7905,36,2,ACTIVA,1,LAS 20,0,4.56363099,-72.76917521,2062280.8236,5025593.95356,
7906,36,3,ACTIVA,1,LAS 20,0,4.56355623,-72.76911553,2062272.5652,5025600.57383,
7907,36,4,ACTIVA,1,LAS 20,0,4.56348984,-72.76905961,2062265.2308,5025606.77584,
7908,36,5,ACTIVA,1,LAS 20,0,4.56342309,-72.76900513,2062257.8573,5025612.81896,
7909,36,6,ACTIVA,1,LAS 20,0,4.56334652,-72.76894280,2062249.3995,5025619.73317,
7910,36,7,ACTIVA,1,LAS 20,0,4.56327981,-72.76888873,2062242.0303,5025625.73058,
7911,36,8,ACTIVA,1,LAS 20,0,4.56321573,-72.76883188,2062234.9519,5025632.03700,
7912,36,9,ACTIVA,1,LAS 20,0,4.56314156,-72.76877162,2062226.7588,5025638.72134,
7913,36,10,ACTIVA,1,LAS 20,0,4.56307160,-72.76871493,2062219.0307,5025645.00987,
7914,36,11,ACTIVA,1,LAS 20,0,4.56300546,-72.76865944,2062211.7246,5025651.16452,
7915,36,12,ACTIVA,1,LAS 20,0,4.56293128,-72.76859712,2062203.5302,5025658.07734,
7916,36,13,ACTIVA,1,LAS 20,0,4.56286293,-72.76854023,2062195.9798,5025664.38811,
7917,36,14,ACTIVA,1,LAS 20,0,4.56279418,-72.76848896,2062188.3847,5025670.07474,
7918,36,15,ACTIVA,1,LAS 20,0,4.56272241,-72.76843227,2062180.4567,5025676.36334,
7919,36,16,ACTIVA,1,LAS 20,0,4.56265472,-72.76837484,2062172.9799,5025682.73399,
7920,36,17,ACTIVA,1,LAS 20,0,4.56258561,-72.76832018,2062165.3461,5025688.79680,
7921,36,18,ACTIVA,1,LAS 20,0,4.56251808,-72.76825767,2062157.8861,5025695.73029,
7922,36,19,ACTIVA,1,LAS 20,0,4.56244646,-72.76819422,2062149.9750,5025702.76842,
7923,36,20,ACTIVA,1,LAS 20,0,4.56237641,-72.76814145,2062142.2370,5025708.62229,
7924,36,21,ACTIVA,1,LAS 20,0,4.56231109,-72.76808690,2062135.0211,5025714.67382,
7925,36,22,ACTIVA,1,LAS 20,0,4.56223226,-72.76802996,2062126.3131,5025720.98993,
7926,36,23,ACTIVA,1,LAS 20,0,4.56216614,-72.76797277,2062119.0096,5025727.33282,
7927,36,24,ACTIVA,1,LAS 20,0,4.56209889,-72.76791548,2062111.5806,5025733.68787,
7928,36,25,ACTIVA,1,LAS 20,0,4.56202569,-72.76784804,2062103.4945,5025741.16813,
7929,36,26,ACTIVA,1,LAS 20,0,4.56195868,-72.76779821,2062096.0919,5025746.69620,
7930,37,1,ACTIVA,1,LAS 20,0,4.56379678,-72.76920146,2062299.1405,5025591.03665,
7931,37,2,ACTIVA,1,LAS 20,0,4.56373125,-72.76914436,2062291.9019,5025597.37078,
7932,37,3,ACTIVA,1,LAS 20,0,4.56365682,-72.76908913,2062283.6806,5025603.49763,
7933,37,4,ERRADICADA,0,LAS 20,0,4.56358574,-72.76903569,2062275.8279,5025609.42548,
7934,37,5,ACTIVA,1,LAS 20,0,4.56352024,-72.76897823,2062268.5930,5025615.79864,
7935,37,6,ACTIVA,1,LAS 20,0,4.56344432,-72.76891313,2062260.2065,5025623.01960,
7936,37,7,ACTIVA,1,LAS 20,0,4.56337598,-72.76885743,2062252.6575,5025629.19814,
7937,37,8,ACTIVA,1,LAS 20,0,4.56331144,-72.76880269,2062245.5285,5025635.27066,
7938,37,9,ACTIVA,1,LAS 20,0,4.56323977,-72.76874790,2062237.6112,5025641.34760,
7939,37,10,ACTIVA,1,LAS 20,0,4.56316582,-72.76868986,2062229.4417,5025647.78584,
7940,37,11,ACTIVA,1,LAS 20,0,4.56309549,-72.76862971,2062221.6731,5025654.45750,
7941,37,12,ACTIVA,1,LAS 20,0,4.56302727,-72.76858080,2062214.1369,5025659.88349,
7942,37,13,ACTIVA,1,LAS 20,0,4.56295753,-72.76851200,2062206.4332,5025667.51528,
7943,37,14,ACTIVA,1,LAS 20,0,4.56289205,-72.76845819,2062199.2007,5025673.48405,
7944,37,15,ACTIVA,1,LAS 20,0,4.56282855,-72.76840426,2062192.1854,5025679.46520,
7945,37,16,ACTIVA,1,LAS 20,0,4.56274287,-72.76834106,2062182.7211,5025686.47685,
7946,37,17,ACTIVA,1,LAS 20,0,4.56268236,-72.76828504,2062176.0368,5025692.69041,
7947,37,18,ACTIVA,1,LAS 20,0,4.56260896,-72.76822842,2062167.9294,5025698.97086,
7948,37,19,ACTIVA,1,LAS 20,0,4.56253720,-72.76816843,2062160.0020,5025705.62494,
7949,37,20,ACTIVA,1,LAS 20,0,4.56247073,-72.76811554,2062152.6598,5025711.49203,
7950,37,21,ACTIVA,1,LAS 20,0,4.56240240,-72.76806031,2062145.1108,5025717.61868,
7951,37,22,ACTIVA,1,LAS 20,0,4.56232750,-72.76799899,2062136.8380,5025724.42027,
7952,37,23,ACTIVA,1,LAS 20,0,4.56226297,-72.76793844,2062129.7092,5025731.13638,
7953,37,24,ACTIVA,1,LAS 20,0,4.56219586,-72.76788662,2062122.2966,5025736.88515,
7954,37,25,ACTIVA,1,LAS 20,0,4.56213000,-72.76783072,2062115.0206,5025743.08563,
7955,37,26,ACTIVA,1,LAS 20,0,4.56205597,-72.76776889,2062106.8431,5025749.94408,
7956,37,27,ACTIVA,1,LAS 20,0,4.56198557,-72.76771047,2062099.0667,5025756.42373,
7957,38,1,ACTIVA,1,LAS 20,0,4.56382610,-72.76911633,2062302.3832,5025600.47520,
7958,38,2,ACTIVA,1,LAS 20,0,4.56375480,-72.76905552,2062294.5075,5025607.22058,
7959,38,3,ACTIVA,1,LAS 20,0,4.56368350,-72.76899411,2062286.6319,5025614.03240,
7960,38,4,ACTIVA,1,LAS 20,0,4.56361537,-72.76894345,2062279.1053,5025619.65202,
7961,38,5,ACTIVA,1,LAS 20,0,4.56354986,-72.76888753,2062271.8694,5025625.85468,
7962,38,6,ACTIVA,1,LAS 20,0,4.56347307,-72.76882880,2062263.3861,5025632.36952,
7963,38,7,ACTIVA,1,LAS 20,0,4.56340558,-72.76877051,2062255.9314,5025638.83443,
7964,38,8,ACTIVA,1,LAS 20,0,4.56333605,-72.76871734,2062248.2506,5025644.73253,
7965,38,9,ERRADICADA,0,LAS 20,0,4.56326761,-72.76866052,2062240.6899,5025651.03568,
7966,38,10,ACTIVA,1,LAS 20,0,4.56319465,-72.76859995,2062232.6304,5025657.75471,
7967,38,11,ACTIVA,1,LAS 20,0,4.56312882,-72.76854045,2062225.3593,5025664.35421,
7968,38,12,ACTIVA,1,LAS 20,0,4.56305827,-72.76848421,2062217.5656,5025670.59248,
7969,38,13,ACTIVA,1,LAS 20,0,4.56298840,-72.76842525,2062209.8473,5025677.13307,
7970,38,14,ACTIVA,1,LAS 20,0,4.56292023,-72.76837037,2062202.3171,5025683.22009,
7971,38,15,ACTIVA,1,LAS 20,0,4.56285445,-72.76831652,2062195.0506,5025689.19365,
7972,38,16,ACTIVA,1,LAS 20,0,4.56278185,-72.76825483,2062187.0311,5025696.03668,
7973,38,17,ACTIVA,1,LAS 20,0,4.56271607,-72.76820029,2062179.7646,5025702.08583,
7974,38,18,ACTIVA,1,LAS 20,0,4.56264790,-72.76814542,2062172.2344,5025708.17285,
7975,38,19,ACTIVA,1,LAS 20,0,4.56256917,-72.76807929,2062163.5372,5025715.50741,
7976,38,20,ACTIVA,1,LAS 20,0,4.56250441,-72.76802578,2062156.3836,5025721.44314,
7977,38,21,ACTIVA,1,LAS 20,0,4.56243526,-72.76797242,2062148.7450,5025727.36241,
7978,38,22,ACTIVA,1,LAS 20,0,4.56236196,-72.76791047,2062140.6487,5025734.23419,
7979,38,23,ACTIVA,1,LAS 20,0,4.56229412,-72.76785179,2062133.1548,5025740.74298,
7980,38,24,ACTIVA,1,LAS 20,0,4.56222833,-72.76779640,2062125.8868,5025746.88737,
7981,38,25,ACTIVA,1,LAS 20,0,4.56215232,-72.76774050,2062117.4905,5025753.08806,
7982,38,26,ACTIVA,1,LAS 20,0,4.56208013,-72.76768383,2062109.5161,5025759.37478,
7983,39,1,ACTIVA,1,LAS 20,0,4.56385523,-72.76903088,2062305.6054,5025609.94872,
7984,39,2,ACTIVA,1,LAS 20,0,4.56377811,-72.76896877,2062297.0858,5025616.83825,
7985,39,3,ACTIVA,1,LAS 20,0,4.56371082,-72.76891310,2062289.6534,5025623.01374,
7986,39,4,ACTIVA,1,LAS 20,0,4.56364175,-72.76886038,2062282.0228,5025628.86143,
7987,39,5,ACTIVA,1,LAS 20,0,4.56357839,-72.76880667,2062275.0242,5025634.81911,
7988,39,6,ACTIVA,1,LAS 20,0,4.56349957,-72.76874124,2062266.3178,5025642.07677,
7989,39,7,ACTIVA,1,LAS 20,0,4.56343607,-72.76868839,2062259.3027,5025647.93900,
7990,39,8,ACTIVA,1,LAS 20,0,4.56336919,-72.76863075,2062251.9157,5025654.33261,
7991,39,9,ERRADICADA,0,LAS 20,0,4.56329563,-72.76857254,2062243.7896,5025660.79009,
7992,39,10,ACTIVA,1,LAS 20,0,4.56322394,-72.76851580,2062235.8698,5025667.08370,
7993,39,11,ACTIVA,1,LAS 20,0,4.56315246,-72.76846330,2062227.9744,5025672.90807,
7994,39,12,ACTIVA,1,LAS 20,0,4.56308407,-72.76839491,2062220.4201,5025680.49370,
7995,39,13,ACTIVA,1,LAS 20,0,4.56301780,-72.76834397,2062213.0992,5025686.14383,
7996,39,14,ACTIVA,1,LAS 20,0,4.56295215,-72.76828681,2062205.8468,5025692.48474,
7997,39,15,ACTIVA,1,LAS 20,0,4.56287228,-72.76822327,2062197.0248,5025699.53262,
7998,39,16,ACTIVA,1,LAS 20,0,4.56280799,-72.76817313,2062189.9223,5025705.09461,
7999,39,17,ACTIVA,1,LAS 20,0,4.56273798,-72.76811490,2062182.1891,5025711.55307,
8000,39,18,ACTIVA,1,LAS 20,0,4.56266762,-72.76805514,2062174.4166,5025718.18188,
8001,39,19,ACTIVA,1,LAS 20,0,4.56259790,-72.76799603,2062166.7150,5025724.73942,
8002,39,20,ACTIVA,1,LAS 20,0,4.56252985,-72.76794569,2062159.1977,5025730.32361,
8003,39,21,ACTIVA,1,LAS 20,0,4.56246109,-72.76788741,2062151.6026,5025736.78774,
8004,39,22,ACTIVA,1,LAS 20,0,4.56238337,-72.76782638,2062143.0174,5025743.55801,
8005,39,23,ACTIVA,1,LAS 20,0,4.56232196,-72.76777310,2062136.2339,5025749.46727,
8006,39,24,ACTIVA,1,LAS 20,0,4.56225363,-72.76771821,2062128.6858,5025755.55570,
8007,39,25,ACTIVA,1,LAS 20,0,4.56217844,-72.76765262,2062120.3800,5025762.83188,
8008,39,26,ACTIVA,1,LAS 20,0,4.56211418,-72.76759751,2062113.2818,5025768.94490,
8009,40,1,ACTIVA,1,LAS 20,0,4.56388624,-72.76894274,2062309.0353,5025619.72114,
8010,40,2,ACTIVA,1,LAS 20,0,4.56380885,-72.76888312,2062300.4858,5025626.33403,
8011,40,3,ACTIVA,1,LAS 20,0,4.56374122,-72.76883013,2062293.0146,5025632.21212,
8012,40,4,ACTIVA,1,LAS 20,0,4.56367312,-72.76877513,2062285.4927,5025638.31289,
8013,40,5,ACTIVA,1,LAS 20,0,4.56359793,-72.76871377,2062277.1867,5025645.11899,
8014,40,6,ACTIVA,1,LAS 20,0,4.56353055,-72.76865911,2062269.7433,5025651.18262,
8015,40,7,ACTIVA,1,LAS 20,0,4.56346406,-72.76860492,2062262.3986,5025657.19365,
8016,40,8,ACTIVA,1,LAS 20,0,4.56338786,-72.76854215,2062253.9812,5025664.15604,
8017,40,9,ERRADICADA,0,LAS 20,0,4.56332272,-72.76848751,2062246.7853,5025670.21702,
8018,40,10,ACTIVA,1,LAS 20,0,4.56325255,-72.76842865,2062239.0340,5025676.74576,
8019,40,11,ACTIVA,1,LAS 20,0,4.56318690,-72.76837587,2062231.7826,5025682.60041,
8020,40,12,ACTIVA,1,LAS 20,0,4.56311198,-72.76831618,2062223.5059,5025689.22251,
8021,40,13,ACTIVA,1,LAS 20,0,4.56304504,-72.76826040,2062216.1119,5025695.40984,
8022,40,14,ACTIVA,1,LAS 20,0,4.56297855,-72.76820305,2062208.7672,5025701.77032,
8023,40,15,ACTIVA,1,LAS 20,0,4.56290358,-72.76813946,2062200.4860,5025708.82383,
8024,40,16,ACTIVA,1,LAS 20,0,4.56283977,-72.76808815,2062193.4369,5025714.51625,
8025,40,17,ACTIVA,1,LAS 20,0,4.56277265,-72.76803282,2062186.0231,5025720.65388,
8026,40,18,ERRADICADA,0,LAS 20,0,4.56269589,-72.76797023,2062177.5437,5025727.59585,
8027,40,19,ACTIVA,1,LAS 20,0,4.56262795,-72.76791452,2062170.0388,5025733.77618,
8028,40,20,ACTIVA,1,LAS 20,0,4.56256030,-72.76785635,2062162.5655,5025740.22809,
8029,40,21,ACTIVA,1,LAS 20,0,4.56248771,-72.76779328,2062154.5472,5025747.22379,
8030,40,22,ACTIVA,1,LAS 20,0,4.56241979,-72.76774037,2062147.0440,5025753.09339,
8031,40,23,ACTIVA,1,LAS 20,0,4.56234921,-72.76768452,2062139.2481,5025759.28855,
8032,40,24,ACTIVA,1,LAS 20,0,4.56228089,-72.76762656,2062131.7003,5025765.71708,
8033,40,25,ACTIVA,1,LAS 20,0,4.56221070,-72.76756735,2062123.9472,5025772.28504,
8034,29,1,ERRADICADA,0,LAS 20,0,4.56351047,-72.76983315,2062267.4831,5025521.00462,
8035,41,1,ACTIVA,1,LAS 20,0,4.56398267,-72.76891540,2062319.6903,5025622.74941,
8036,41,2,ACTIVA,1,LAS 20,0,4.56391415,-72.76886131,2062312.1218,5025628.74941,
8037,41,3,ACTIVA,1,LAS 20,0,4.56383522,-72.76880161,2062303.4025,5025635.37176,
8038,41,4,ACTIVA,1,LAS 20,0,4.56376350,-72.76874591,2062295.4799,5025641.54958,
8039,41,5,ACTIVA,1,LAS 20,0,4.56369877,-72.76869012,2062288.3293,5025647.73827,
8040,41,6,ACTIVA,1,LAS 20,0,4.56362615,-72.76862877,2062280.3074,5025654.54365,
8041,41,7,ACTIVA,1,LAS 20,0,4.56355853,-72.76857493,2062272.8385,5025660.51586,
8042,41,8,ACTIVA,1,LAS 20,0,4.56349127,-72.76851900,2062265.4081,5025666.71945,
8043,41,9,ACTIVA,1,LAS 20,0,4.56341692,-72.76845899,2062257.1955,5025673.37619,
8044,41,10,ACTIVA,1,LAS 20,0,4.56334997,-72.76839916,2062249.7994,5025680.01293,
8045,41,11,ACTIVA,1,LAS 20,0,4.56328372,-72.76834645,2062242.4817,5025685.85984,
8046,41,12,ACTIVA,1,LAS 20,0,4.56321178,-72.76828376,2062234.5348,5025692.81268,
8047,41,13,ACTIVA,1,LAS 20,0,4.56314782,-72.76823088,2062227.4690,5025698.67846,
8048,41,14,ACTIVA,1,LAS 20,0,4.56307523,-72.76817193,2062219.4505,5025705.21795,
8049,41,15,ACTIVA,1,LAS 20,0,4.56299863,-72.76811166,2062210.9886,5025711.90392,
8050,41,16,ACTIVA,1,LAS 20,0,4.56293452,-72.76805716,2062203.9072,5025717.94821,
8051,41,17,ACTIVA,1,LAS 20,0,4.56286320,-72.76800428,2062196.0288,5025723.81505,
8052,41,18,ACTIVA,1,LAS 20,0,4.56279789,-72.76794618,2062188.8146,5025730.25922,
8053,41,19,ACTIVA,1,LAS 20,0,4.56272477,-72.76788625,2062180.7371,5025736.90745,
8054,41,20,ACTIVA,1,LAS 20,0,4.56265639,-72.76782789,2062173.1836,5025743.37997,
8055,41,21,ACTIVA,1,LAS 20,0,4.56258852,-72.76777447,2062165.6865,5025749.30592,
8056,41,22,ACTIVA,1,LAS 20,0,4.56251152,-72.76771352,2062157.1809,5025756.06695,
8057,41,23,ACTIVA,1,LAS 20,0,4.56244507,-72.76765679,2062149.8400,5025762.35968,
8058,41,24,ACTIVA,1,LAS 20,0,4.56238185,-72.76760249,2062142.8572,5025768.38271,
8059,41,25,ACTIVA,1,LAS 20,0,4.56230690,-72.76754437,2062134.5778,5025774.83031,
8060,41,26,ACTIVA,1,LAS 20,0,4.56223772,-72.76748463,2062126.9362,5025781.45689,
8061,42,1,ACTIVA,1,LAS 20,0,4.56400765,-72.76883588,2062322.4542,5025631.56536,
8062,42,2,ACTIVA,1,LAS 20,0,4.56393245,-72.76877208,2062314.1464,5025638.64197,
8063,42,3,ACTIVA,1,LAS 20,0,4.56386709,-72.76871295,2062306.9273,5025645.20063,
8064,42,4,ACTIVA,1,LAS 20,0,4.56380018,-72.76866057,2062299.5361,5025651.01170,
8065,42,5,ACTIVA,1,LAS 20,0,4.56372653,-72.76860092,2062291.4000,5025657.62817,
8066,42,6,ACTIVA,1,LAS 20,0,4.56365443,-72.76854075,2062283.4360,5025664.30209,
8067,42,7,ACTIVA,1,LAS 20,0,4.56359064,-72.76848473,2062276.3887,5025670.51563,
8068,42,8,ERRADICADA,0,LAS 20,0,4.56351742,-72.76843067,2062268.3012,5025676.51336,
8069,42,9,ACTIVA,1,LAS 20,0,4.56344484,-72.76837489,2062260.2832,5025682.70042,
8070,42,10,ACTIVA,1,LAS 20,0,4.56337965,-72.76831654,2062253.0822,5025689.17280,
8071,42,11,ACTIVA,1,LAS 20,0,4.56331060,-72.76825929,2062245.4550,5025695.52252,
8072,42,12,ACTIVA,1,LAS 20,0,4.56323979,-72.76819615,2062237.6324,5025702.52665,
8073,42,13,ACTIVA,1,LAS 20,0,4.56317369,-72.76813595,2062230.3313,5025709.20344,
8074,42,14,ACTIVA,1,LAS 20,0,4.56310377,-72.76809095,2062222.6072,5025714.19649,
8075,42,15,ACTIVA,1,LAS 20,0,4.56302722,-72.76802649,2062214.1517,5025721.34654,
8076,42,16,ACTIVA,1,LAS 20,0,4.56296169,-72.76797524,2062206.9125,5025727.03099,
8077,42,17,ACTIVA,1,LAS 20,0,4.56289508,-72.76791594,2062199.5549,5025733.60890,
8078,42,18,ACTIVA,1,LAS 20,0,4.56282034,-72.76785506,2062191.2981,5025740.36182,
8079,42,19,ACTIVA,1,LAS 20,0,4.56275091,-72.76780128,2062183.6285,5025746.32781,
8080,42,20,ACTIVA,1,LAS 20,0,4.56268255,-72.76774755,2062176.0771,5025752.28725,
8081,42,21,ACTIVA,1,LAS 20,0,4.56260800,-72.76768414,2062167.8427,5025759.32180,
8082,42,22,ERRADICADA,0,LAS 20,0,4.56254129,-72.76762707,2062160.4732,5025765.65173,
8083,42,23,ACTIVA,1,LAS 20,0,4.56247394,-72.76757065,2062153.0330,5025771.90997,
8084,42,24,ACTIVA,1,LAS 20,0,4.56240253,-72.76751699,2062145.1450,5025777.86289,
8085,42,25,ACTIVA,1,LAS 20,0,4.56233164,-72.76745432,2062137.3143,5025784.81343,
8086,42,26,ERRADICADA,0,LAS 20,0,4.56226280,-72.76739949,2062129.7100,5025790.89644,
8087,43,1,ACTIVA,1,LAS 20,0,4.56403343,-72.76874518,2062325.3054,5025641.62134,
8088,43,2,ACTIVA,1,LAS 20,0,4.56396173,-72.76868320,2062317.3851,5025648.49608,
8089,43,3,ACTIVA,1,LAS 20,0,4.56389246,-72.76863176,2062309.7331,5025654.20291,
8090,43,4,ACTIVA,1,LAS 20,0,4.56382489,-72.76857765,2062302.2694,5025660.20413,
8091,43,5,ACTIVA,1,LAS 20,0,4.56375115,-72.76851589,2062294.1234,5025667.05478,
8092,43,6,ACTIVA,1,LAS 20,0,4.56368248,-72.76845966,2062286.5374,5025673.29201,
8093,43,7,ACTIVA,1,LAS 20,0,4.56361795,-72.76840850,2062279.4095,5025678.96693,
8094,43,8,ACTIVA,1,LAS 20,0,4.56354081,-72.76834442,2062270.8888,5025686.07596,
8095,43,9,ACTIVA,1,LAS 20,0,4.56347684,-72.76828516,2062263.8219,5025692.64872,
8096,43,10,ACTIVA,1,LAS 20,0,4.56340447,-72.76823062,2062255.8277,5025698.69847,
8097,43,11,ACTIVA,1,LAS 20,0,4.56334207,-72.76817032,2062248.9347,5025705.38747,
8098,43,12,ACTIVA,1,LAS 20,0,4.56326498,-72.76811158,2062240.4192,5025711.90255,
8099,43,13,ACTIVA,1,LAS 20,0,4.56319943,-72.76806019,2062233.1782,5025717.60319,
8100,43,14,ACTIVA,1,LAS 20,0,4.56312967,-72.76800545,2062225.4723,5025723.67595,
8101,43,15,ACTIVA,1,LAS 20,0,4.56305521,-72.76794435,2062217.2469,5025730.45309,
8102,43,16,ACTIVA,1,LAS 20,0,4.56298800,-72.76788898,2062209.8230,5025736.59487,
8103,43,17,ACTIVA,1,LAS 20,0,4.56292232,-72.76783323,2062202.5679,5025742.77893,
8104,43,18,ACTIVA,1,LAS 20,0,4.56284786,-72.76777022,2062194.3426,5025749.76778,
8105,43,19,ACTIVA,1,LAS 20,0,4.56278142,-72.76771753,2062187.0029,5025755.61315,
8106,43,20,ACTIVA,1,LAS 20,0,4.56271402,-72.76765610,2062179.5579,5025762.42615,
8107,43,21,ACTIVA,1,LAS 20,0,4.56263519,-72.76760355,2062170.8496,5025768.25612,
8108,43,22,ACTIVA,1,LAS 20,0,4.56256852,-72.76754079,2062163.4855,5025775.21778,
8109,43,23,ACTIVA,1,LAS 20,0,4.56250166,-72.76749154,2062156.0988,5025780.68103,
8110,43,24,ACTIVA,1,LAS 20,0,4.56242898,-72.76742878,2062148.0704,5025787.64237,
8111,43,25,ACTIVA,1,LAS 20,0,4.56236246,-72.76737229,2062140.7231,5025793.90852,
8112,44,1,ACTIVA,1,LAS 20,0,4.56405776,-72.76865942,2062327.9970,5025651.12959,
8113,44,2,ACTIVA,1,LAS 20,0,4.56398945,-72.76860114,2062320.4511,5025657.59411,
8114,44,3,ACTIVA,1,LAS 20,0,4.56392018,-72.76854382,2062312.7996,5025663.95273,
8115,44,4,ACTIVA,1,LAS 20,0,4.56385378,-72.76848649,2062305.4648,5025670.31124,
8116,44,5,ACTIVA,1,LAS 20,0,4.56378102,-72.76842535,2062297.4275,5025677.09373,
8117,44,6,ACTIVA,1,LAS 20,0,4.56371534,-72.76837683,2062290.1715,5025682.47563,
8118,44,7,ACTIVA,1,LAS 20,0,4.56364598,-72.76831691,2062282.5102,5025689.12227,
8119,44,8,ACTIVA,1,LAS 20,0,4.56357077,-72.76825652,2062274.2015,5025695.82128,
8120,44,9,ACTIVA,1,LAS 20,0,4.56349987,-72.76820301,2062266.3696,5025701.75664,
8121,44,10,ACTIVA,1,LAS 20,0,4.56343610,-72.76814793,2062259.3250,5025707.86584,
8122,44,11,ACTIVA,1,LAS 20,0,4.56336459,-72.76808319,2062251.4267,5025715.04672,
8123,44,12,ACTIVA,1,LAS 20,0,4.56329599,-72.76802908,2062243.8483,5025721.04896,
8124,44,13,ACTIVA,1,LAS 20,0,4.56323430,-72.76797413,2062237.0337,5025727.14461,
8125,44,14,ACTIVA,1,LAS 20,0,4.56315189,-72.76791424,2062227.9304,5025733.78830,
8126,44,15,ACTIVA,1,LAS 20,0,4.56308524,-72.76785840,2062220.5685,5025739.98206,
8127,44,16,ACTIVA,1,LAS 20,0,4.56301770,-72.76780481,2062213.1070,5025745.92620,
8128,44,17,ACTIVA,1,LAS 20,0,4.56294900,-72.76774516,2062205.5184,5025752.54345,
8129,44,18,ACTIVA,1,LAS 20,0,4.56287723,-72.76768818,2062197.5904,5025758.86322,
8130,44,19,ACTIVA,1,LAS 20,0,4.56280828,-72.76762908,2062189.9736,5025765.41907,
8131,44,20,ACTIVA,1,LAS 20,0,4.56273651,-72.76756928,2062182.0459,5025772.05303,
8132,44,21,ACTIVA,1,LAS 20,0,4.56266826,-72.76750947,2062174.5068,5025778.68687,
8133,44,22,ACTIVA,1,LAS 20,0,4.56260212,-72.76745740,2062167.2008,5025784.46245,
8134,44,23,ACTIVA,1,LAS 20,0,4.56253407,-72.76739909,2062159.6835,5025790.93089,
8135,44,24,ACTIVA,1,LAS 20,0,4.56246382,-72.76733875,2062151.9237,5025797.62410,
8136,44,25,ACTIVA,1,LAS 20,0,4.56239222,-72.76728516,2062144.0144,5025803.56839,
8137,45,1,ACTIVA,1,LAS 20,0,4.56408673,-72.76857121,2062331.2007,5025660.90956,
8138,45,2,ACTIVA,1,LAS 20,0,4.56401988,-72.76851562,2062323.8170,5025667.07523,
8139,45,3,ACTIVA,1,LAS 20,0,4.56395163,-72.76846004,2062316.2778,5025673.24095,
8140,45,4,ACTIVA,1,LAS 20,0,4.56387478,-72.76840122,2062307.7882,5025679.76550,
8141,45,5,ACTIVA,1,LAS 20,0,4.56380594,-72.76834518,2062300.1830,5025685.98152,
8142,45,6,ACTIVA,1,LAS 20,0,4.56373869,-72.76829075,2062292.7547,5025692.01996,
8143,45,7,ERRADICADA,0,LAS 20,0,4.56366964,-72.76823359,2062285.1276,5025698.35983,
8144,45,8,ACTIVA,1,LAS 20,0,4.56359459,-72.76817146,2062276.8370,5025705.25112,
8145,45,9,ACTIVA,1,LAS 20,0,4.56353119,-72.76811565,2062269.8334,5025711.44209,
8146,45,10,ACTIVA,1,LAS 20,0,4.56346202,-72.76805929,2062262.1928,5025717.69364,
8147,45,11,ACTIVA,1,LAS 20,0,4.56339194,-72.76800185,2062254.4517,5025724.06515,
8148,45,12,ACTIVA,1,LAS 20,0,4.56332545,-72.76794629,2062247.1068,5025730.22823,
8149,45,13,ACTIVA,1,LAS 20,0,4.56325167,-72.76788982,2062238.9568,5025736.49256,
8150,45,14,ACTIVA,1,LAS 20,0,4.56317764,-72.76782460,2062230.7789,5025743.72646,
8151,45,15,ACTIVA,1,LAS 20,0,4.56311352,-72.76777272,2062223.6955,5025749.48144,
8152,45,16,ACTIVA,1,LAS 20,0,4.56304582,-72.76771494,2062216.2178,5025755.89100,
8153,45,17,ACTIVA,1,LAS 20,0,4.56297113,-72.76765755,2062207.9672,5025762.25636,
8154,45,18,ACTIVA,1,LAS 20,0,4.56290737,-72.76760108,2062200.9242,5025768.52035,
8155,45,19,ACTIVA,1,LAS 20,0,4.56283720,-72.76754421,2062193.1728,5025774.82900,
8156,45,20,ACTIVA,1,LAS 20,0,4.56276200,-72.76747600,2062184.8662,5025782.39422,
8157,45,21,ACTIVA,1,LAS 20,0,4.56269730,-72.76742937,2062177.7182,5025787.56749,
8158,45,22,ACTIVA,1,LAS 20,1,4.56262909,-72.76736758,2062170.1843,5025794.42145,
8159,45,23,ACTIVA,1,LAS 20,0,4.56255583,-72.76731788,2062162.0915,5025799.93430,
8160,45,24,ACTIVA,1,LAS 20,0,4.56248354,-72.76725421,2062154.1056,5025806.99697,
8161,46,1,ACTIVA,1,LAS 20,0,4.56411583,-72.76848568,2062334.4194,5025670.39209,
8162,46,2,ACTIVA,1,LAS 20,0,4.56404714,-72.76842853,2062326.8317,5025676.73128,
8163,46,3,ACTIVA,1,LAS 20,0,4.56398197,-72.76837362,2062319.6326,5025682.82174,
8164,46,4,ACTIVA,1,LAS 20,0,4.56390811,-72.76831071,2062311.4744,5025689.80021,
8165,46,5,ACTIVA,1,LAS 20,0,4.56383934,-72.76825507,2062303.8773,5025695.97258,
8166,46,6,ACTIVA,1,LAS 20,0,4.56377432,-72.76820255,2062296.6945,5025701.79821,
8167,46,7,ACTIVA,1,LAS 20,0,4.56369554,-72.76813565,2062287.9924,5025709.21880,
8168,46,8,ACTIVA,1,LAS 20,0,4.56362817,-72.76808383,2062280.5506,5025714.96651,
8169,46,9,ACTIVA,1,LAS 20,0,4.56356311,-72.76802932,2062273.3636,5025721.01311,
8170,46,10,ACTIVA,1,LAS 20,0,4.56348363,-72.76796567,2062264.5837,5025728.07411,
8171,46,11,ACTIVA,1,LAS 20,0,4.56341997,-72.76790869,2062257.5522,5025734.39363,
8172,46,12,ACTIVA,1,LAS 20,0,4.56335315,-72.76785559,2062250.1709,5025740.28431,
8173,46,13,ACTIVA,1,LAS 20,0,4.56327965,-72.76780002,2062242.0513,5025746.44820,
8174,46,14,ACTIVA,1,LAS 20,0,4.56320969,-72.76773999,2062234.3229,5025753.10673,
8175,46,15,ACTIVA,1,LAS 20,0,4.56314375,-72.76768669,2062227.0387,5025759.01932,
8176,46,16,ACTIVA,1,LAS 20,0,4.56307462,-72.76763121,2062219.4024,5025765.17331,
8177,46,17,ACTIVA,1,LAS 20,0,4.56300217,-72.76756756,2062211.3997,5025772.23406,
8178,46,18,ACTIVA,1,LAS 20,0,4.56293493,-72.76751360,2062203.9723,5025778.21982,
8179,46,19,ACTIVA,1,LAS 20,1,4.56286130,-72.76746084,2062195.8380,5025784.07176,
8180,46,20,ACTIVA,1,LAS 20,0,4.56279371,-72.76739600,2062188.3721,5025791.26395,
8181,46,21,ACTIVA,1,LAS 20,0,4.56272447,-72.76734050,2062180.7237,5025797.42039,
8182,46,22,ACTIVA,1,LAS 20,0,4.56265798,-72.76728775,2062173.3788,5025803.27208,
8183,46,23,ACTIVA,1,LAS 20,0,4.56258105,-72.76722290,2062164.8806,5025810.46461,
8184,46,24,ACTIVA,1,LAS 20,0,4.56251212,-72.76716837,2062157.2662,5025816.51380,
8185,47,1,ACTIVA,1,LAS 20,0,4.56414638,-72.76839900,2062337.7984,5025680.00251,
8186,47,2,ACTIVA,1,LAS 20,0,4.56407510,-72.76834411,2062329.9237,5025686.09069,
8187,47,3,ACTIVA,1,LAS 20,0,4.56400342,-72.76828453,2062322.0065,5025692.69941,
8188,47,4,ACTIVA,1,LAS 20,0,4.56393174,-72.76822851,2062314.0882,5025698.91399,
8189,47,5,ACTIVA,1,LAS 20,0,4.56386251,-72.76817246,2062306.4398,5025705.13134,
8190,47,6,ACTIVA,1,LAS 20,0,4.56379909,-72.76811654,2062299.4350,5025711.33386,
8191,47,7,ACTIVA,1,LAS 20,0,4.56372367,-72.76805937,2062291.1039,5025717.67546,
8192,47,8,ACTIVA,1,LAS 20,0,4.56365490,-72.76800248,2062283.5068,5025723.98649,
8193,47,9,ACTIVA,1,LAS 20,0,4.56358782,-72.76794966,2062276.0962,5025729.84468,
8194,47,10,ACTIVA,1,LAS 20,0,4.56351565,-72.76788463,2062268.1245,5025737.05837,
8195,47,11,ACTIVA,1,LAS 20,0,4.56345014,-72.76782925,2062260.8884,5025743.20178,
8196,47,12,ACTIVA,1,LAS 20,0,4.56338524,-72.76777286,2062253.7190,5025749.45566,
8197,47,13,ACTIVA,1,LAS 20,0,4.56331257,-72.76771428,2062245.6919,5025755.95407,
8198,47,14,ACTIVA,1,LAS 20,0,4.56324363,-72.76765879,2062238.0763,5025762.10924,
8199,47,15,ACTIVA,1,LAS 20,1,4.56317151,-72.76760372,2062230.1100,5025768.21799,
8200,47,16,ERRADICADA,0,LAS 20,0,4.56310274,-72.76754481,2062222.5124,5025774.75225,
8201,47,17,ACTIVA,1,LAS 20,0,4.56303099,-72.76748617,2062214.5869,5025781.25729,
8202,47,18,ACTIVA,1,LAS 20,0,4.56295938,-72.76743097,2062206.6766,5025787.38025,
8203,47,19,ACTIVA,1,LAS 20,0,4.56289272,-72.76737410,2062199.3136,5025793.68830,
8204,47,20,ACTIVA,1,LAS 20,0,4.56281834,-72.76731277,2062191.0971,5025800.49140,
8205,47,21,ACTIVA,1,LAS 20,0,4.56275718,-72.76725691,2062184.3411,5025806.68723,
8206,47,22,ACTIVA,1,LAS 20,0,4.56268572,-72.76720184,2062176.4473,5025812.79598,
8207,47,23,ACTIVA,1,LAS 20,0,4.56261020,-72.76714282,2062168.1044,5025819.34393,
8208,47,24,ACTIVA,1,LAS 20,0,4.56254139,-72.76708533,2062160.5033,5025825.72009,
8209,48,1,ACTIVA,1,LAS 20,0,4.56424315,-72.76837610,2062348.4918,5025682.53808,
8210,48,2,ACTIVA,1,LAS 20,0,4.56417288,-72.76831621,2062340.7294,5025689.18051,
8211,48,3,ACTIVA,1,LAS 20,0,4.56410312,-72.76826226,2062333.0228,5025695.16542,
8212,48,4,ACTIVA,1,LAS 20,0,4.56402962,-72.76819675,2062324.9045,5025702.43159,
8213,48,5,ACTIVA,1,LAS 20,0,4.56396514,-72.76814604,2062317.7812,5025708.05660,
8214,48,6,ACTIVA,1,LAS 20,0,4.56389321,-72.76808731,2062309.8350,5025714.57131,
8215,48,7,ACTIVA,1,LAS 20,0,4.56382218,-72.76802482,2062301.9898,5025721.50302,
8216,48,8,ACTIVA,1,LAS 20,0,4.56375354,-72.76797175,2062294.4075,5025727.38950,
8217,48,9,ACTIVA,1,LAS 20,0,4.56368426,-72.76791402,2062286.7539,5025733.79404,
8218,48,10,ACTIVA,1,LAS 20,0,4.56361970,-72.76786100,2062279.6222,5025739.67461,
8219,48,11,ACTIVA,1,LAS 20,0,4.56354359,-72.76779591,2062271.2149,5025746.89420,
8220,48,12,ACTIVA,1,LAS 20,0,4.56347430,-72.76774290,2062263.5611,5025752.77493,
8221,48,13,ACTIVA,1,LAS 20,0,4.56340817,-72.76768936,2062256.2554,5025758.71376,
8222,48,14,ACTIVA,1,LAS 20,0,4.56333416,-72.76762742,2062248.0800,5025765.58408,
8223,48,15,ACTIVA,1,LAS 20,0,4.56326832,-72.76757287,2062240.8080,5025771.63520,
8224,48,16,ACTIVA,1,LAS 20,0,4.56320293,-72.76751930,2062233.5845,5025777.57810,
8225,48,17,ACTIVA,1,LAS 20,0,4.56313155,-72.76745264,2062225.6992,5025784.97213,
8226,48,18,ACTIVA,1,LAS 20,0,4.56305806,-72.76739805,2062217.5816,5025791.02763,
8227,48,19,ACTIVA,1,LAS 20,0,4.56299298,-72.76733926,2062210.3920,5025797.54843,
8228,48,20,ACTIVA,1,LAS 20,0,4.56291554,-72.76728251,2062201.8382,5025803.84385,
8229,48,21,ACTIVA,1,LAS 20,0,4.56284601,-72.76723044,2062194.1566,5025809.61985,
8230,48,22,ACTIVA,1,LAS 20,0,4.56278117,-72.76717568,2062186.9948,5025815.69366,
8231,48,23,ACTIVA,1,LAS 20,0,4.56270571,-72.76711129,2062178.6587,5025822.83572,
8232,48,24,ACTIVA,1,LAS 20,0,4.56263856,-72.76705350,2062171.2414,5025829.24605,
8233,49,1,ACTIVA,1,LAS 20,0,4.56427157,-72.76828693,2062351.6343,5025692.42449,
8234,49,2,ACTIVA,1,LAS 20,0,4.56420222,-72.76823409,2062343.9735,5025698.28562,
8235,49,3,ACTIVA,1,LAS 20,0,4.56412901,-72.76817575,2062335.8873,5025704.75717,
8236,49,4,ACTIVA,1,LAS 20,0,4.56406022,-72.76811245,2062328.2877,5025711.77781,
8237,49,5,ACTIVA,1,LAS 20,0,4.56398922,-72.76805851,2062320.4445,5025717.76106,
8238,49,6,ERRADICADA,0,LAS 20,0,4.56392040,-72.76800314,2062312.8427,5025723.90299,
8239,49,7,ACTIVA,1,LAS 20,0,4.56384887,-72.76794568,2062304.9408,5025730.27675,
8240,49,8,ACTIVA,1,LAS 20,0,4.56377866,-72.76788893,2062297.1853,5025736.57244,
8241,49,9,ACTIVA,1,LAS 20,0,4.56371244,-72.76783081,2062289.8702,5025743.01933,
8242,49,10,ACTIVA,1,LAS 20,0,4.56363768,-72.76776808,2062281.6128,5025749.97671,
8243,49,11,ACTIVA,1,LAS 20,0,4.56357596,-72.76771358,2062274.7950,5025756.02263,
8244,49,12,ACTIVA,1,LAS 20,0,4.56350773,-72.76765731,2062267.2582,5025762.26431,
8245,49,13,ACTIVA,1,LAS 20,0,4.56343213,-72.76759729,2062258.9066,5025768.92220,
8246,49,14,ACTIVA,1,LAS 20,0,4.56336345,-72.76754073,2062251.3201,5025775.19590,
8247,49,15,ACTIVA,1,LAS 20,0,4.56329591,-72.76748805,2062243.8585,5025781.03953,
8248,49,16,ACTIVA,1,LAS 20,0,4.56322757,-72.76743117,2062236.3103,5025787.34905,
8249,49,17,ACTIVA,1,LAS 20,0,4.56315222,-72.76736948,2062227.9869,5025794.19124,
8250,49,18,ERRADICADA,0,LAS 20,0,4.56308680,-72.76731742,2062220.7594,5025799.96683,
8251,49,19,ACTIVA,1,LAS 20,0,4.56301833,-72.76726140,2062213.1964,5025806.18050,
8252,49,20,ACTIVA,1,LAS 20,0,4.56294504,-72.76720196,2062205.0999,5025812.77433,
8253,49,21,ACTIVA,1,LAS 20,0,4.56288073,-72.76714368,2062197.9965,5025819.23835,
8254,49,22,ACTIVA,1,LAS 20,0,4.56280847,-72.76708937,2062190.0143,5025825.26262,
8255,49,23,ACTIVA,1,LAS 20,0,4.56273262,-72.76702691,2062181.6356,5025832.19143,
8256,49,24,ACTIVA,1,LAS 20,0,4.56266648,-72.76697021,2062174.3296,5025838.48021,
8257,50,1,ACTIVA,1,LAS 20,0,4.56430363,-72.76819942,2062355.1799,5025702.12623,
8258,50,2,ACTIVA,1,LAS 20,0,4.56422766,-72.76814318,2062346.7884,5025708.36518,
8259,50,3,ACTIVA,1,LAS 20,0,4.56415388,-72.76808099,2062338.6376,5025715.26344,
8260,50,4,ERRADICADA,0,LAS 20,0,4.56408599,-72.76802937,2062331.1390,5025720.98906,
8261,50,5,ACTIVA,1,LAS 20,0,4.56401567,-72.76797354,2062323.3709,5025727.18158,
8262,50,6,ACTIVA,1,LAS 20,0,4.56394722,-72.76791532,2062315.8095,5025733.64056,
8263,50,7,ACTIVA,1,LAS 20,0,4.56387680,-72.76785521,2062308.0307,5025740.30777,
8264,50,8,ACTIVA,1,LAS 20,0,4.56380834,-72.76779929,2062300.4682,5025746.51090,
8265,50,9,ACTIVA,1,LAS 20,0,4.56374064,-72.76774732,2062292.9896,5025752.27541,
8266,50,10,ACTIVA,1,LAS 20,0,4.56366941,-72.76768496,2062285.1217,5025759.19220,
8267,50,11,ACTIVA,1,LAS 20,0,4.56359906,-72.76762784,2062277.3499,5025765.52825,
8268,50,12,ACTIVA,1,LAS 20,0,4.56353270,-72.76757476,2062270.0201,5025771.41607,
8269,50,13,ACTIVA,1,LAS 20,0,4.56345662,-72.76750476,2062261.6156,5025779.18035,
8270,50,14,ACTIVA,1,LAS 20,0,4.56339068,-72.76745658,2062254.3313,5025784.52581,
8271,50,15,ACTIVA,1,LAS 20,0,4.56332474,-72.76740230,2062247.0471,5025790.54619,
8272,50,16,ACTIVA,1,LAS 20,0,4.56325119,-72.76733890,2062238.9226,5025797.57922,
8273,50,17,ACTIVA,1,LAS 20,0,4.56318332,-72.76728452,2062231.4255,5025803.61092,
8274,50,18,ACTIVA,1,LAS 20,0,4.56311566,-72.76722322,2062223.9518,5025810.41076,
8275,50,19,ACTIVA,1,LAS 20,0,4.56303957,-72.76716634,2062215.5465,5025816.72057,
8276,50,20,ACTIVA,1,LAS 20,0,4.56297604,-72.76711241,2062208.5288,5025822.70228,
8277,50,21,ERRADICADA,0,LAS 20,0,4.56290855,-72.76705912,2062201.0740,5025828.61299,
8278,50,22,ACTIVA,1,LAS 20,0,4.56282846,-72.76699765,2062192.2260,5025835.43180,
8279,50,23,ACTIVA,1,LAS 20,0,4.56276440,-72.76694283,2062185.1496,5025841.51336,
8280,50,24,ACTIVA,1,LAS 20,0,4.56269283,-72.76688685,2062177.2443,5025847.72318,
8281,51,1,ACTIVA,1,LAS 20,0,4.56432908,-72.76811799,2062357.9954,5025711.15430,
8282,51,2,ACTIVA,1,LAS 20,0,4.56426043,-72.76806182,2062350.4114,5025717.38524,
8283,51,3,ACTIVA,1,LAS 20,0,4.56418096,-72.76799831,2062341.6327,5025724.42989,
8284,51,4,ACTIVA,1,LAS 20,0,4.56411248,-72.76794150,2062334.0685,5025730.73156,
8285,51,5,ACTIVA,1,LAS 20,0,4.56404790,-72.76788932,2062326.9349,5025736.51909,
8286,51,6,ACTIVA,1,LAS 20,0,4.56397205,-72.76782510,2062318.5563,5025743.64332,
8287,51,7,ACTIVA,1,LAS 20,0,4.56390884,-72.76777010,2062311.5742,5025749.74407,
8288,51,8,ACTIVA,1,LAS 20,0,4.56383998,-72.76771398,2062303.9673,5025755.96832,
8289,51,9,ACTIVA,1,LAS 20,0,4.56376751,-72.76765422,2062295.9616,5025762.59778,
8290,51,10,ACTIVA,1,LAS 20,0,4.56370030,-72.76759525,2062288.5373,5025769.13830,
8291,51,11,ERRADICADA,0,LAS 20,0,4.56363152,-72.76754218,2062280.9395,5025775.02529,
8292,51,12,ACTIVA,1,LAS 20,0,4.56355860,-72.76748730,2062272.8844,5025781.11329,
8293,51,13,ACTIVA,1,LAS 20,0,4.56348688,-72.76743029,2062264.9616,5025787.43655,
8294,51,14,ACTIVA,1,LAS 20,0,4.56341828,-72.76737132,2062257.3844,5025793.97816,
8295,51,15,ACTIVA,1,LAS 20,0,4.56335501,-72.76731699,2062250.3950,5025800.00451,
8296,51,16,ACTIVA,1,LAS 20,0,4.56327896,-72.76725667,2062241.9942,5025806.69622,
8297,51,17,ACTIVA,1,LAS 20,0,4.56321189,-72.76720147,2062234.5860,5025812.81832,
8298,51,18,ACTIVA,1,LAS 20,0,4.56314202,-72.76714921,2062226.8674,5025818.61587,
8299,51,19,ACTIVA,1,LAS 20,0,4.56306732,-72.76708203,2062218.6154,5025826.06805,
8300,51,20,ACTIVA,1,LAS 20,0,4.56300164,-72.76702938,2062211.3600,5025831.90770,
8301,51,21,ACTIVA,1,LAS 20,0,4.56293595,-72.76697573,2062204.1046,5025837.85853,
8302,51,22,ACTIVA,1,LAS 20,0,4.56285892,-72.76691204,2062195.5954,5025844.92387,
8303,51,23,ACTIVA,1,LAS 20,0,4.56279140,-72.76685299,2062188.1368,5025851.47365,
8304,52,2,ACTIVA,1,LAS 20,0,4.56428173,-72.76796850,2062352.7685,5025727.73100,
8305,52,3,ACTIVA,1,LAS 20,0,4.56421519,-72.76791562,2062345.4181,5025733.59672,
8306,52,4,ACTIVA,1,LAS 20,0,4.56414292,-72.76785922,2062337.4349,5025739.85354,
8307,52,5,ACTIVA,1,LAS 20,0,4.56407405,-72.76780539,2062329.8274,5025745.82488,
8308,52,6,ACTIVA,1,LAS 20,0,4.56400326,-72.76774080,2062322.0081,5025752.98851,
8309,52,7,ACTIVA,1,LAS 20,0,4.56393548,-72.76768633,2062314.5206,5025759.03156,
8310,52,8,ACTIVA,1,LAS 20,0,4.56386842,-72.76762953,2062307.1125,5025765.33155,
8311,52,9,ACTIVA,1,LAS 20,0,4.56379558,-72.76757017,2062299.0662,5025771.91640,
8312,52,10,ACTIVA,1,LAS 20,0,4.56372628,-72.76751306,2062291.4118,5025778.25111,
8313,52,11,ACTIVA,1,LAS 20,0,4.56366130,-72.76745939,2062284.2331,5025784.20425,
8314,52,12,ACTIVA,1,LAS 20,0,4.56358536,-72.76739440,2062275.8446,5025791.41272,
8315,52,13,ACTIVA,1,LAS 20,0,4.56351709,-72.76734256,2062268.3028,5025797.16357,
8316,52,14,ACTIVA,1,LAS 20,0,4.56344977,-72.76728347,2062260.8671,5025803.71764,
8317,52,15,ACTIVA,1,LAS 20,0,4.56337640,-72.76722312,2062252.7617,5025810.41176,
8318,52,16,ACTIVA,1,LAS 20,0,4.56330895,-72.76717010,2062245.3116,5025816.29318,
8319,52,17,ACTIVA,1,LAS 20,0,4.56324041,-72.76711112,2062237.7404,5025822.83605,
8320,52,18,ACTIVA,1,LAS 20,0,4.56317009,-72.76705644,2062229.9727,5025828.90181,
8321,52,19,ACTIVA,1,LAS 20,0,4.56309918,-72.76699772,2062222.1390,5025835.41530,
8322,52,20,ACTIVA,1,LAS 20,0,4.56303163,-72.76693637,2062214.6776,5025842.21980,
8323,52,21,ACTIVA,1,LAS 20,0,4.56296509,-72.76688616,2062207.3265,5025847.78972,
8324,52,22,ACTIVA,1,LAS 20,0,4.56288289,-72.76682627,2062198.2462,5025854.43346,
8325,52,23,ACTIVA,1,LAS 20,0,4.56281907,-72.76676948,2062191.1973,5025860.73204,
8326,53,1,ACTIVA,1,LAS 20,0,4.56438047,-72.76794735,2062363.6801,5025730.07303,
8327,53,2,ACTIVA,1,LAS 20,0,4.56431022,-72.76788485,2062355.9197,5025737.00586,
8328,53,3,ACTIVA,1,LAS 20,0,4.56424132,-72.76783099,2062348.3088,5025742.98022,
8329,53,4,ACTIVA,1,LAS 20,0,4.56417126,-72.76777197,2062340.5691,5025749.52742,
8330,53,5,ACTIVA,1,LAS 20,0,4.56409963,-72.76771022,2062332.6577,5025756.37602,
8331,53,6,ACTIVA,1,LAS 20,0,4.56403084,-72.76765801,2062325.0577,5025762.16828,
8332,53,7,ACTIVA,1,LAS 20,0,4.56396310,-72.76760332,2062317.5748,5025768.23434,
8333,53,8,ACTIVA,1,LAS 20,0,4.56389268,-72.76754053,2062309.7963,5025775.19869,
8334,53,9,ACTIVA,1,LAS 20,0,4.56382163,-72.76748594,2062301.9474,5025781.25462,
8335,53,10,ACTIVA,1,LAS 20,0,4.56375619,-72.76742894,2062294.7196,5025787.57740,
8336,53,11,ACTIVA,1,LAS 20,0,4.56368866,-72.76737066,2062287.2600,5025794.04161,
8337,53,12,ACTIVA,1,LAS 20,0,4.56361432,-72.76731259,2062279.0479,5025800.48379,
8338,53,13,ACTIVA,1,LAS 20,0,4.56354154,-72.76725737,2062271.0076,5025806.60883,
8339,53,14,ACTIVA,1,LAS 20,0,4.56347387,-72.76720217,2062263.5324,5025812.73179,
8340,53,15,ACTIVA,1,LAS 20,0,4.56340312,-72.76713876,2062255.7177,5025819.76558,
8341,53,16,ACTIVA,1,LAS 20,0,4.56333714,-72.76708392,2062248.4291,5025825.84847,
8342,53,17,ACTIVA,1,LAS 20,0,4.56326972,-72.76702941,2062240.9822,5025831.89460,
8343,53,18,ACTIVA,1,LAS 20,0,4.56318843,-72.76697152,2062232.0014,5025838.31683,
8344,53,20,ACTIVA,1,LAS 20,0,4.56305763,-72.76685980,2062217.5531,5025850.70883,
8345,53,21,ACTIVA,1,LAS 20,0,4.56298335,-72.76679538,2062209.3480,5025857.85504,
8346,53,22,ACTIVA,1,LAS 20,0,4.56291638,-72.76674314,2062201.9498,5025863.64972,
8347,54,1,ACTIVA,1,LAS 20,0,4.56433759,-72.76779682,2062358.9467,5025746.76543,
8348,54,2,ACTIVA,1,LAS 20,0,4.56426751,-72.76774216,2062351.2058,5025752.82849,
8349,54,3,ACTIVA,1,LAS 20,0,4.56420211,-72.76768564,2062343.9812,5025759.09857,
8350,54,4,ACTIVA,1,LAS 20,0,4.56412501,-72.76762939,2062335.4641,5025765.33800,
8351,54,5,ACTIVA,1,LAS 20,0,4.56405893,-72.76757378,2062328.1651,5025771.50658,
8352,54,6,ACTIVA,1,LAS 20,0,4.56399286,-72.76751577,2062320.8662,5025777.94038,
8353,54,7,ACTIVA,1,LAS 20,0,4.56391542,-72.76745598,2062312.3120,5025784.57350,
8354,54,8,ACTIVA,1,LAS 20,0,4.56384875,-72.76739797,2062304.9471,5025791.00733,
8355,54,9,ERRADICADA,0,LAS 20,0,4.56378242,-72.76734196,2062297.6206,5025797.22105,
8356,54,10,ACTIVA,1,LAS 20,0,4.56371040,-72.76727966,2062289.6648,5025804.13079,
8357,54,11,ACTIVA,1,LAS 20,0,4.56364270,-72.76722523,2062282.1868,5025810.16831,
8358,54,12,ACTIVA,1,LAS 20,0,4.56357809,-72.76717094,2062275.0499,5025816.19131,
8359,54,13,ACTIVA,1,LAS 20,0,4.56350176,-72.76711422,2062266.6174,5025822.48274,
8360,54,14,ACTIVA,1,LAS 20,0,4.56343558,-72.76705706,2062259.3077,5025828.82320,
8361,54,15,ACTIVA,1,LAS 20,0,4.56336760,-72.76700118,2062251.7975,5025835.02136,
8362,54,16,ACTIVA,1,LAS 20,0,4.56329982,-72.76694517,2062244.3106,5025841.23392,
8363,54,17,ACTIVA,1,LAS 20,0,4.56322393,-72.76688511,2062235.9269,5025847.89678,
8364,54,18,ACTIVA,1,LAS 20,0,4.56315574,-72.76682951,2062228.3952,5025854.06436,
8365,54,19,ERRADICADA,0,LAS 20,0,4.56308492,-72.76677245,2062220.5713,5025860.39305,
8366,54,20,ACTIVA,1,LAS 20,0,4.56300878,-72.76671166,2062212.1606,5025867.13709,
8367,54,21,ACTIVA,1,LAS 20,0,4.56294088,-72.76665775,2062204.6599,5025873.11654,
8368,55,1,ACTIVA,1,LAS 20,0,4.56436452,-72.76771235,2062361.9254,5025756.13124,
8369,55,2,ACTIVA,1,LAS 20,0,4.56429615,-72.76765859,2062354.3733,5025762.09369,
8370,55,3,ACTIVA,1,LAS 20,0,4.56422463,-72.76760409,2062346.4722,5025768.13939,
8371,55,4,ACTIVA,1,LAS 20,0,4.56415573,-72.76754481,2062338.8622,5025774.71543,
8372,55,5,ACTIVA,1,LAS 20,0,4.56408892,-72.76749009,2062331.4811,5025780.78458,
8373,55,6,ACTIVA,1,LAS 20,0,4.56402464,-72.76743013,2062324.3808,5025787.43571,
8374,55,7,ACTIVA,1,LAS 20,0,4.56394659,-72.76737043,2062315.7590,5025794.05820,
8375,55,8,ACTIVA,1,LAS 20,0,4.56388124,-72.76731612,2062308.5406,5025800.08179,
8376,55,9,ACTIVA,1,LAS 20,0,4.56380880,-72.76725858,2062300.5380,5025806.46521,
8377,55,10,ACTIVA,1,LAS 20,0,4.56373711,-72.76719993,2062292.6197,5025812.97107,
8378,55,11,ACTIVA,1,LAS 20,0,4.56366927,-72.76714232,2062285.1257,5025819.36141,
8379,55,12,ACTIVA,1,LAS 20,0,4.56360159,-72.76708665,2062277.6495,5025825.53567,
8380,55,13,ACTIVA,1,LAS 20,0,4.56352632,-72.76702283,2062269.3341,5025832.61483,
8381,55,14,ACTIVA,1,LAS 20,0,4.56346289,-72.76696932,2062262.3274,5025838.55047,
8382,55,15,ACTIVA,1,LAS 20,0,4.56339359,-72.76691459,2062254.6726,5025844.62203,
8383,55,16,ACTIVA,1,LAS 20,0,4.56331686,-72.76685346,2062246.1969,5025851.40273,
8384,55,17,ACTIVA,1,LAS 20,0,4.56325239,-72.76679944,2062239.0749,5025857.39468,
8385,55,18,ACTIVA,1,LAS 20,0,4.56318129,-72.76674298,2062231.2213,5025863.65736,
8386,55,19,ACTIVA,1,LAS 20,0,4.56311188,-72.76668396,2062223.5542,5025870.20440,
8387,55,20,ACTIVA,1,LAS 20,0,4.56303940,-72.76662552,2062215.5467,5025876.68663,
8388,56,1,ACTIVA,1,LAS 20,0,4.56439340,-72.76762749,2062365.1199,5025765.53861,
8389,56,2,ACTIVA,1,LAS 20,0,4.56432899,-72.76757429,2062358.0046,5025771.44008,
8390,56,3,ACTIVA,1,LAS 20,0,4.56425184,-72.76751516,2062349.4824,5025777.99918,
8391,56,4,ACTIVA,1,LAS 20,0,4.56418479,-72.76746055,2062342.0760,5025784.05704,
8392,56,5,ACTIVA,1,LAS 20,0,4.56411719,-72.76740318,2062334.6081,5025790.42108,
8393,56,6,ACTIVA,1,LAS 20,0,4.56404518,-72.76733895,2062326.6542,5025797.54472,
8394,56,7,ERRADICADA,0,LAS 20,0,4.56397696,-72.76728252,2062319.1187,5025803.80403,
8395,56,8,ACTIVA,1,LAS 20,0,4.56390787,-72.76722842,2062311.4864,5025809.80511,
8396,56,9,ACTIVA,1,LAS 20,0,4.56383430,-72.76716711,2062303.3594,5025816.60585,
8397,56,10,ACTIVA,1,LAS 20,0,4.56376607,-72.76711322,2062295.8222,5025822.58459,
8398,56,11,ACTIVA,1,LAS 20,0,4.56370111,-72.76705785,2062288.6464,5025828.72636,
8399,56,12,ACTIVA,1,LAS 20,0,4.56362961,-72.76699986,2062280.7480,5025835.15843,
8400,56,13,ACTIVA,1,LAS 20,0,4.56355636,-72.76694163,2062272.6570,5025841.61774,
8401,56,14,ACTIVA,1,LAS 20,0,4.56349029,-72.76688675,2062265.3580,5025847.70551,
8402,56,15,ACTIVA,1,LAS 20,0,4.56341975,-72.76682939,2062257.5667,5025854.06772,
8403,56,16,ACTIVA,1,LAS 20,0,4.56334535,-72.76676816,2062249.3473,5025860.85977,
8404,56,17,ACTIVA,1,LAS 20,0,4.56327934,-72.76671403,2062242.0559,5025866.86454,
8405,56,18,ACTIVA,1,LAS 20,0,4.56321319,-72.76665602,2062234.7485,5025873.29840,
8406,56,19,ACTIVA,1,LAS 20,0,4.56313729,-72.76659334,2062226.3650,5025880.25138,
8407,56,20,ACTIVA,1,LAS 20,0,4.56307348,-72.76654119,2062219.3159,5025886.03669,
8408,57,1,ACTIVA,1,LAS 20,0,4.56441649,-72.76754761,2062367.6743,5025774.39528,
8409,57,2,ACTIVA,1,LAS 20,0,4.56435213,-72.76749034,2062360.5651,5025780.74756,
8410,57,3,ACTIVA,1,LAS 20,0,4.56428069,-72.76742615,2062352.6728,5025787.86737,
8411,57,4,ACTIVA,1,LAS 20,0,4.56421166,-72.76737076,2062345.0475,5025794.01193,
8412,57,5,ACTIVA,1,LAS 20,0,4.56414476,-72.76731975,2062337.6572,5025799.67050,
8413,57,6,ACTIVA,1,LAS 20,0,4.56407010,-72.76725575,2062329.4100,5025806.76902,
8414,57,7,ACTIVA,1,LAS 20,0,4.56400513,-72.76720436,2062322.2336,5025812.46952,
8415,57,8,ACTIVA,1,LAS 20,0,4.56393920,-72.76714813,2062314.9503,5025818.70763,
8416,57,9,ACTIVA,1,LAS 20,0,4.56386357,-72.76708025,2062306.5960,5025826.23624,
8417,57,10,ACTIVA,1,LAS 20,0,4.56379666,-72.76702692,2062299.2054,5025832.15184,
8418,57,11,ACTIVA,1,LAS 20,0,4.56372491,-72.76696875,2062291.2793,5025838.60518,
8419,57,12,ACTIVA,1,LAS 20,0,4.56365219,-72.76690669,2062283.2462,5025845.48861,
8420,57,13,ACTIVA,1,LAS 20,0,4.56358634,-72.76685812,2062275.9718,5025850.87651,
8421,57,14,ACTIVA,1,LAS 20,0,4.56351675,-72.76680028,2062268.2847,5025857.29240,
8422,57,15,ACTIVA,1,LAS 20,0,4.56345077,-72.76674334,2062260.9970,5025863.60795,
8423,57,16,ACTIVA,1,LAS 20,0,4.56337641,-72.76668519,2062252.7825,5025870.05846,
8424,57,17,ACTIVA,1,LAS 20,0,4.56330933,-72.76662659,2062245.3732,5025876.55881,
8425,57,18,ACTIVA,1,LAS 20,0,4.56323884,-72.76657072,2062237.5862,5025882.75553,
8426,57,19,ACTIVA,1,LAS 20,0,4.56316202,-72.76651334,2062229.1002,5025889.12158,
8427,57,20,ACTIVA,1,LAS 20,0,4.56309831,-72.76645776,2062222.0621,5025895.28674,
8428,58,1,ACTIVA,1,LAS 20,0,4.56445189,-72.76746034,2062371.5890,5025784.07034,
8429,58,2,ACTIVA,1,LAS 20,0,4.56437786,-72.76740173,2062363.4106,5025790.57189,
8430,58,3,ACTIVA,1,LAS 20,0,4.56430999,-72.76734363,2062355.9139,5025797.01621,
8431,58,4,ACTIVA,1,LAS 20,0,4.56424252,-72.76728963,2062348.4603,5025803.00673,
8432,58,5,ACTIVA,1,LAS 20,0,4.56417408,-72.76722843,2062340.9001,5025809.79540,
8433,58,6,ACTIVA,1,LAS 20,0,4.56410037,-72.76717051,2062332.7580,5025816.21941,
8434,58,7,ACTIVA,1,LAS 20,0,4.56403291,-72.76711425,2062325.3067,5025822.46077,
8435,58,8,ACTIVA,1,LAS 20,0,4.56396616,-72.76706121,2062317.9331,5025828.34366,
8436,58,9,ACTIVA,1,LAS 20,0,4.56388943,-72.76699865,2062309.4567,5025835.28356,
8437,58,10,ACTIVA,1,LAS 20,0,4.56382259,-72.76694312,2062302.0735,5025841.44281,
8438,58,11,ACTIVA,1,LAS 20,0,4.56375627,-72.76689068,2062294.7470,5025847.26000,
8439,58,12,ACTIVA,1,LAS 20,0,4.56368480,-72.76682179,2062286.8531,5025854.90162,
8440,58,13,ACTIVA,1,LAS 20,0,4.56361591,-72.76676780,2062279.2426,5025860.88993,
8441,58,14,ACTIVA,1,LAS 20,0,4.56354444,-72.76671176,2062271.3482,5025867.10636,
8442,58,15,ACTIVA,1,LAS 20,0,4.56347050,-72.76665633,2062263.1804,5025873.25518,
8443,58,16,ACTIVA,1,LAS 20,0,4.56340061,-72.76659688,2062255.4601,5025879.84923,
8444,58,17,ACTIVA,1,LAS 20,0,4.56333622,-72.76654621,2062248.3466,5025885.47039,
8445,58,18,ACTIVA,1,LAS 20,0,4.56326294,-72.76648248,2062240.2525,5025892.53973,
8446,58,19,ACTIVA,1,LAS 20,0,4.56319205,-72.76642252,2062232.4216,5025899.19067,
8447,59,1,ACTIVA,1,LAS 20,0,4.56440254,-72.76731587,2062366.1405,5025800.09133,
8448,59,2,ACTIVA,1,LAS 20,0,4.56433670,-72.76725861,2062358.8684,5025806.44318,
8449,59,3,ACTIVA,1,LAS 20,0,4.56426934,-72.76720652,2062351.4275,5025812.22103,
8450,59,4,ACTIVA,1,LAS 20,0,4.56419444,-72.76714454,2062343.1531,5025819.09642,
8451,59,5,ACTIVA,1,LAS 20,0,4.56412593,-72.76708726,2062335.5850,5025825.45019,
8452,59,6,ACTIVA,1,LAS 20,0,4.56406116,-72.76703297,2062328.4304,5025831.47174,
8453,59,7,ACTIVA,1,LAS 20,0,4.56399040,-72.76696895,2062320.6144,5025838.57280,
8454,59,8,ACTIVA,1,LAS 20,0,4.56392114,-72.76691354,2062312.9635,5025844.71905,
8455,59,9,ACTIVA,1,LAS 20,0,4.56385483,-72.76685657,2062305.6384,5025851.03902,
8456,59,10,ACTIVA,1,LAS 20,0,4.56378524,-72.76680160,2062297.9513,5025857.13598,
8457,59,11,ACTIVA,1,LAS 20,0,4.56370886,-72.76674133,2062289.5146,5025863.82213,
8458,59,12,ACTIVA,1,LAS 20,0,4.56364254,-72.76668586,2062282.1880,5025869.97492,
8459,59,13,ACTIVA,1,LAS 20,0,4.56357404,-72.76663018,2062274.6213,5025876.15082,
8460,59,14,ACTIVA,1,LAS 20,0,4.56350333,-72.76656949,2062266.8103,5025882.88348,
8461,59,15,ACTIVA,1,LAS 20,0,4.56343405,-72.76651275,2062259.1574,5025889.17696,
8462,59,16,ACTIVA,1,LAS 20,0,4.56336627,-72.76645871,2062251.6707,5025895.17094,
8463,59,17,ACTIVA,1,LAS 20,0,4.56328792,-72.76639761,2062243.0156,5025901.94850,
8464,59,18,ACTIVA,1,LAS 20,0,4.56321730,-72.76634186,2062235.2142,5025908.13300,
8465,60,1,ACTIVA,1,LAS 20,0,4.56443457,-72.76722506,2062369.6838,5025810.15958,
8466,60,2,ACTIVA,1,LAS 20,0,4.56437060,-72.76716981,2062362.6170,5025816.28809,
8467,60,3,ACTIVA,1,LAS 20,0,4.56429632,-72.76711696,2062354.4116,5025822.15012,
8468,60,4,ACTIVA,1,LAS 20,0,4.56422645,-72.76705873,2062346.6927,5025828.60929,
8469,60,5,ACTIVA,1,LAS 20,0,4.56415727,-72.76700368,2062339.0517,5025834.71626,
8470,60,6,ACTIVA,1,LAS 20,0,4.56409055,-72.76694563,2062331.6807,5025841.15497,
8471,60,7,ACTIVA,1,LAS 20,0,4.56401317,-72.76688422,2062323.1339,5025847.96695,
8472,60,8,ACTIVA,1,LAS 20,0,4.56394853,-72.76683042,2062315.9927,5025853.93532,
8473,60,9,ACTIVA,1,LAS 20,0,4.56388027,-72.76677380,2062308.4522,5025860.21548,
8474,60,10,ACTIVA,1,LAS 20,0,4.56380839,-72.76670995,2062300.5128,5025867.29718,
8475,60,11,ACTIVA,1,LAS 20,0,4.56373913,-72.76665288,2062292.8617,5025873.62798,
8476,60,12,ACTIVA,1,LAS 20,0,4.56367332,-72.76659874,2062285.5920,5025879.63324,
8477,60,13,ACTIVA,1,LAS 20,0,4.56360271,-72.76654105,2062277.7925,5025886.03279,
8478,60,14,ERRADICADA,0,LAS 20,0,4.56353327,-72.76648424,2062270.1223,5025892.33502,
8479,60,15,ACTIVA,1,LAS 20,0,4.56346198,-72.76642590,2062262.2467,5025898.80606,
8480,60,16,ACTIVA,1,LAS 20,0,4.56339080,-72.76636999,2062254.3844,5025905.00746,
8481,60,17,ACTIVA,1,LAS 20,0,4.56331813,-72.76631147,2062246.3569,5025911.49933,
8482,52,1,ERRADICADA,0,LAS 20,0,4.56435478,-72.76803267,2062360.8378,5025720.61367,
8483,53,19,ACTIVA,1,LAS 20,0,4.56312401,-72.76691767,2062224.8855,5025844.28951,
8484,61,1,ACTIVA,1,LAS 20,0,4.56446081,-72.76714455,2062372.5853,5025819.08587,
8485,61,2,ACTIVA,1,LAS 20,0,4.56439255,-72.76709044,2062365.0446,5025825.08762,
8486,61,3,ACTIVA,1,LAS 20,0,4.56432274,-72.76702666,2062357.3337,5025832.16263,
8487,61,4,ACTIVA,1,LAS 20,0,4.56425399,-72.76697389,2062349.7395,5025838.01588,
8488,61,5,ACTIVA,1,LAS 20,0,4.56418883,-72.76691529,2062342.5421,5025844.51598,
8489,61,6,ACTIVA,1,LAS 20,0,4.56411582,-72.76685677,2062334.4770,5025851.00727,
8490,61,7,ACTIVA,1,LAS 20,0,4.56404458,-72.76679974,2062326.6069,5025857.33342,
8491,61,8,ACTIVA,1,LAS 20,0,4.56397555,-72.76674446,2062318.9817,5025863.46510,
8492,61,9,ACTIVA,1,LAS 20,0,4.56390955,-72.76668891,2062311.6908,5025869.62716,
8493,61,10,ACTIVA,1,LAS 20,0,4.56383440,-72.76662812,2062303.3895,5025876.37055,
8494,61,11,ACTIVA,1,LAS 20,0,4.56376951,-72.76657427,2062296.2217,5025882.34348,
8495,61,12,ACTIVA,1,LAS 20,0,4.56370080,-72.76651873,2062288.6317,5025888.50405,
8496,61,13,ACTIVA,1,LAS 20,0,4.56362297,-72.76645012,2062280.0341,5025896.11466,
8497,61,14,ACTIVA,1,LAS 20,0,4.56356302,-72.76639868,2062273.4120,5025901.82087,
8498,61,15,ACTIVA,1,LAS 20,0,4.56349416,-72.76634440,2062265.8052,5025907.84180,
8499,61,16,ACTIVA,1,LAS 20,0,4.56341841,-72.76628161,2062257.4379,5025914.80617,
8500,61,17,ACTIVA,1,LAS 20,0,4.56334437,-72.76622349,2062249.2584,5025921.25307,
8501,62,1,ACTIVA,1,LAS 20,0,4.56449487,-72.76705627,2062376.3518,5025828.87267,
8502,62,2,ACTIVA,1,LAS 20,0,4.56442054,-72.76700344,2062368.1408,5025834.73378,
8503,62,3,ACTIVA,1,LAS 20,0,4.56435127,-72.76694470,2062360.4895,5025841.24876,
8504,62,4,ACTIVA,1,LAS 20,0,4.56427968,-72.76688982,2062352.5806,5025847.33715,
8505,62,5,ACTIVA,1,LAS 20,0,4.56421512,-72.76683349,2062345.4495,5025853.58529,
8506,62,6,ACTIVA,1,LAS 20,0,4.56414107,-72.76677273,2062337.2695,5025860.32502,
8507,62,7,ACTIVA,1,LAS 20,0,4.56407340,-72.76671341,2062329.7945,5025866.90451,
8508,62,8,ACTIVA,1,LAS 20,0,4.56400984,-72.76665824,2062322.7732,5025873.02405,
8509,62,9,ACTIVA,1,LAS 20,0,4.56393155,-72.76659524,2062314.1248,5025880.01186,
8510,62,10,ACTIVA,1,LAS 20,0,4.56386590,-72.76654046,2062306.8728,5025886.08858,
8511,62,11,ACTIVA,1,LAS 20,0,4.56380143,-72.76648737,2062299.7516,5025891.97784,
8512,62,12,ERRADICADA,0,LAS 20,0,4.56372681,-72.76642400,2062291.5084,5025899.00746,
8513,62,13,ACTIVA,1,LAS 20,0,4.56365701,-72.76636472,2062283.7986,5025905.58228,
8514,62,14,ACTIVA,1,LAS 20,0,4.56358906,-72.76631098,2062276.2924,5025911.54321,
8515,62,15,ACTIVA,1,LAS 20,0,4.56352163,-72.76625409,2062268.8441,5025917.85383,
8516,62,16,ACTIVA,1,LAS 20,0,4.56345179,-72.76619716,2062261.1296,5025924.16884,
8517,62,17,ACTIVA,1,LAS 20,0,4.56337213,-72.76614335,2062252.3289,5025930.13800,
8518,63,1,ACTIVA,1,LAS 20,0,4.56452021,-72.76697776,2062379.1551,5025837.57752,
8519,63,2,ACTIVA,1,LAS 20,0,4.56445128,-72.76692022,2062371.5403,5025843.95924,
8520,63,3,ACTIVA,1,LAS 20,0,4.56437606,-72.76685699,2062363.2315,5025850.97337,
8521,63,4,ACTIVA,1,LAS 20,0,4.56431069,-72.76680273,2062356.0099,5025856.99248,
8522,63,5,ACTIVA,1,LAS 20,0,4.56424313,-72.76674838,2062348.5471,5025863.02115,
8523,63,6,ACTIVA,1,LAS 20,0,4.56417104,-72.76668724,2062340.5840,5025869.80326,
8524,63,7,ACTIVA,1,LAS 20,0,4.56410108,-72.76662718,2062332.8561,5025876.46478,
8525,63,8,ACTIVA,1,LAS 20,0,4.56403318,-72.76657133,2062325.3553,5025882.66011,
8526,63,9,ACTIVA,1,LAS 20,0,4.56395942,-72.76651348,2062317.2077,5025889.07743,
8527,63,10,ACTIVA,1,LAS 20,0,4.56389223,-72.76645667,2062309.7859,5025895.37849,
8528,63,11,ACTIVA,1,LAS 20,0,4.56382334,-72.76640129,2062302.1756,5025901.52208,
8529,63,12,ACTIVA,1,LAS 20,0,4.56374878,-72.76634083,2062293.9393,5025908.22861,
8530,63,13,ACTIVA,1,LAS 20,0,4.56368423,-72.76628703,2062286.8086,5025914.19563,
8531,63,14,ACTIVA,1,LAS 20,0,4.56362070,-72.76623273,2062279.7911,5025920.21943,
8532,63,15,ACTIVA,1,LAS 20,0,4.56353981,-72.76616924,2062270.8554,5025927.26146,
8533,63,16,ACTIVA,1,LAS 20,0,4.56347858,-72.76611140,2062264.0921,5025933.67788,
8534,64,1,ACTIVA,1,LAS 20,0,4.56454821,-72.76689133,2062382.2521,5025847.16003,
8535,64,2,ACTIVA,1,LAS 20,0,4.56447010,-72.76683129,2062373.6237,5025853.82007,
8536,64,3,ACTIVA,1,LAS 20,0,4.56440540,-72.76677591,2062366.4764,5025859.96255,
8537,64,4,ACTIVA,1,LAS 20,0,4.56434012,-72.76672053,2062359.2647,5025866.10506,
8538,64,5,ACTIVA,1,LAS 20,0,4.56426504,-72.76665870,2062350.9712,5025872.96406,
8539,64,6,ERRADICADA,0,LAS 20,0,4.56419751,-72.76660516,2062343.5122,5025878.90241,
8540,64,7,ACTIVA,1,LAS 20,0,4.56412999,-72.76655163,2062336.0531,5025884.84076,
8541,64,8,ACTIVA,1,LAS 20,0,4.56405947,-72.76649223,2062328.2631,5025891.42990,
8542,64,9,ACTIVA,1,LAS 20,0,4.56398727,-72.76643275,2062320.2884,5025898.02734,
8543,64,10,ACTIVA,1,LAS 20,0,4.56392068,-72.76637825,2062312.9316,5025904.07235,
8544,64,11,ACTIVA,1,LAS 20,0,4.56385397,-72.76632194,2062305.5633,5025910.31947,
8545,64,12,ACTIVA,1,LAS 20,0,4.56377853,-72.76625635,2062297.2295,5025917.59477,
8546,64,13,ACTIVA,1,LAS 20,1,4.56370915,-72.76620283,2062289.5659,5025923.53102,
8547,64,14,ACTIVA,1,LAS 20,0,4.56364362,-72.76614946,2062282.3270,5025929.45163,
8548,64,15,ACTIVA,1,LAS 20,0,4.56357057,-72.76609073,2062274.2577,5025935.96589,
8549,64,16,ACTIVA,1,LAS 20,0,4.56350367,-72.76603836,2062266.8676,5025941.77544,
8550,65,1,ACTIVA,1,LAS 20,0,4.56457708,-72.76680433,2062385.4453,5025856.80470,
8551,65,2,ACTIVA,1,LAS 20,0,4.56449891,-72.76674607,2062376.8095,5025863.26770,
8552,65,3,ERRADICADA,0,LAS 20,0,4.56443563,-72.76669026,2062369.8200,5025869.45825,
8553,65,4,ACTIVA,1,LAS 20,0,4.56436763,-72.76663028,2062362.3086,5025876.11103,
8554,65,5,ACTIVA,1,LAS 20,0,4.56429177,-72.76657430,2062353.9277,5025882.32155,
8555,65,6,ACTIVA,1,LAS 20,0,4.56422422,-72.76651934,2062346.4660,5025888.41818,
8556,65,7,ACTIVA,1,LAS 20,0,4.56415541,-72.76646396,2062338.8653,5025894.56139,
8557,65,8,ACTIVA,1,LAS 20,0,4.56408350,-72.76640373,2062330.9222,5025901.24148,
8558,65,9,ACTIVA,1,LAS 20,0,4.56401843,-72.76634905,2062323.7339,5025907.30750,
8559,65,10,ACTIVA,1,LAS 20,0,4.56395091,-72.76629253,2062316.2756,5025913.57687,
8560,65,11,ACTIVA,1,LAS 20,0,4.56387890,-72.76623761,2062308.3211,5025919.66911,
8561,65,12,ACTIVA,1,LAS 20,0,4.56380552,-72.76618475,2062300.2149,5025925.53269,
8562,65,13,ACTIVA,1,LAS 20,0,4.56373569,-72.76612612,2062292.5005,5025932.03553,
8563,65,14,ACTIVA,1,LAS 20,0,4.56366969,-72.76607134,2062285.2107,5025938.11198,
8564,65,15,ACTIVA,1,LAS 20,0,4.56359543,-72.76600598,2062277.0079,5025945.36249,
8565,66,1,ACTIVA,1,LAS 20,0,4.56458985,-72.76670903,2062386.8594,5025867.37194,
8566,66,2,ACTIVA,1,LAS 20,0,4.56453068,-72.76666077,2062380.3227,5025872.72468,
8567,66,3,ACTIVA,1,LAS 20,0,4.56446222,-72.76660683,2062372.7611,5025878.70802,
8568,66,4,ACTIVA,1,LAS 20,0,4.56439297,-72.76654278,2062365.1116,5025885.81325,
8569,66,5,ACTIVA,1,LAS 20,0,4.56432127,-72.76648651,2062357.1911,5025892.05487,
8570,66,6,ACTIVA,1,LAS 20,0,4.56425036,-72.76643201,2062349.3576,5025898.10022,
8571,66,7,ACTIVA,1,LAS 20,0,4.56418470,-72.76638014,2062342.1044,5025903.85417,
8572,66,8,ACTIVA,1,LAS 20,0,4.56410961,-72.76631931,2062333.8096,5025910.60152,
8573,66,9,ACTIVA,1,LAS 20,0,4.56404447,-72.76626174,2062326.6147,5025916.98740,
8574,66,10,ACTIVA,1,LAS 20,0,4.56397556,-72.76620921,2062319.0016,5025922.81428,
8575,66,11,ACTIVA,1,LAS 20,0,4.56390229,-72.76614672,2062310.9086,5025929.74593,
8576,66,12,ACTIVA,1,LAS 20,0,4.56383631,-72.76609460,2062303.6199,5025935.52693,
8577,66,13,ACTIVA,1,LAS 20,0,4.56376451,-72.76604128,2062295.6889,5025941.44174,
8578,66,14,ACTIVA,1,LAS 20,0,4.56368893,-72.76598100,2062287.3397,5025948.12859,
8579,66,15,ACTIVA,1,LAS 20,0,4.56362131,-72.76592776,2062279.8694,5025954.03477,
8580,67,1,ACTIVA,1,LAS 20,0,4.56462763,-72.76663077,2062391.0366,5025876.04747,
8581,67,2,ACTIVA,1,LAS 20,0,4.56455757,-72.76657525,2062383.2972,5025882.20616,
8582,67,3,ACTIVA,1,LAS 20,0,4.56448935,-72.76651811,2062375.7618,5025888.54495,
8583,67,4,ACTIVA,1,LAS 20,0,4.56442005,-72.76646111,2062368.1068,5025894.86742,
8584,67,5,ACTIVA,1,LAS 20,0,4.56434701,-72.76640640,2062360.0382,5025900.93632,
8585,67,6,ACTIVA,1,LAS 20,0,4.56428369,-72.76634915,2062353.0431,5025907.28630,
8586,67,7,ACTIVA,1,LAS 20,0,4.56420698,-72.76628648,2062344.5697,5025914.23783,
8587,67,8,ACTIVA,1,LAS 20,0,4.56414420,-72.76623441,2062337.6350,5025920.01408,
8588,67,9,ACTIVA,1,LAS 20,0,4.56407238,-72.76618158,2062329.7011,5025925.87396,
8589,67,10,ERRADICADA,0,LAS 20,0,4.56399971,-72.76612272,2062321.6741,5025932.40353,
8590,67,11,ACTIVA,1,LAS 20,0,4.56393063,-72.76606676,2062314.0432,5025938.61087,
8591,67,12,ACTIVA,1,LAS 20,0,4.56386291,-72.76601074,2062306.5615,5025944.82483,
8592,67,13,ACTIVA,1,LAS 20,0,4.56379330,-72.76595785,2062298.8728,5025950.69144,
8593,67,14,ACTIVA,1,LAS 20,0,4.56372028,-72.76589154,2062290.8072,5025958.04744,
8594,68,1,ACTIVA,1,LAS 20,0,4.56465901,-72.76654351,2062394.5070,5025885.72200,
8595,68,2,ACTIVA,1,LAS 20,0,4.56459040,-72.76648730,2062386.9284,5025891.95686,
8596,68,3,ACTIVA,1,LAS 20,0,4.56452014,-72.76643358,2062379.1671,5025897.91682,
8597,68,4,ACTIVA,1,LAS 20,0,4.56444520,-72.76637075,2062370.8885,5025904.88514,
8598,68,5,ACTIVA,1,LAS 20,0,4.56437769,-72.76631703,2062363.4315,5025910.84500,
8599,68,6,ACTIVA,1,LAS 20,0,4.56431267,-72.76626220,2062356.2486,5025916.92699,
8600,68,7,ACTIVA,1,LAS 20,0,4.56423607,-72.76620323,2062347.7872,5025923.46765,
8601,68,8,ACTIVA,1,LAS 20,0,4.56416939,-72.76614454,2062340.4218,5025929.97741,
8602,68,9,ACTIVA,1,LAS 20,0,4.56409969,-72.76609137,2062332.7213,5025935.87625,
8603,68,10,ACTIVA,1,LAS 20,0,4.56402143,-72.76603020,2062324.0774,5025942.66139,
8604,68,11,ACTIVA,1,LAS 20,0,4.56396108,-72.76597988,2062317.4100,5025948.24294,
8605,68,12,ACTIVA,1,LAS 20,0,4.56389176,-72.76592736,2062309.7532,5025954.06921,
8606,68,13,ACTIVA,1,LAS 20,0,4.56381947,-72.76587232,2062301.7674,5025960.17438,
8607,68,14,ACTIVA,1,LAS 20,0,4.56374838,-72.76580785,2062293.9150,5025967.32587,
8608,69,1,ACTIVA,1,LAS 20,0,4.56468504,-72.76645703,2062397.3864,5025895.31062,
8609,69,2,ACTIVA,1,LAS 20,0,4.56461374,-72.76640927,2062389.5095,5025900.60888,
8610,69,3,ACTIVA,1,LAS 20,0,4.56454580,-72.76635074,2062382.0046,5025907.10042,
8611,69,4,ACTIVA,1,LAS 20,0,4.56447523,-72.76628920,2062374.2098,5025913.92716,
8612,69,5,ACTIVA,1,LAS 20,0,4.56440911,-72.76623299,2062366.9052,5025920.16193,
8613,69,6,ACTIVA,1,LAS 20,0,4.56434105,-72.76617623,2062359.3875,5025926.45788,
8614,69,7,ACTIVA,1,LAS 20,0,4.56426390,-72.76611617,2062350.8653,5025933.12077,
8615,69,8,ACTIVA,1,LAS 20,0,4.56419743,-72.76606598,2062343.5224,5025938.68726,
8616,69,9,ACTIVA,1,LAS 20,0,4.56412669,-72.76600843,2062335.7079,5025945.07114,
8617,69,10,ACTIVA,1,LAS 20,0,4.56405407,-72.76594716,2062327.6861,5025951.86753,
8618,69,11,ACTIVA,1,LAS 20,0,4.56398754,-72.76589602,2062320.3375,5025957.54095,
8619,69,12,ACTIVA,1,LAS 20,0,4.56392445,-72.76584091,2062313.3678,5025963.65342,
8620,69,13,ACTIVA,1,LAS 20,0,4.56384570,-72.76578184,2062304.6685,5025970.20563,
8621,69,14,ACTIVA,1,LAS 20,0,4.56377423,-72.76572674,2062296.7740,5025976.31840,
8622,70,1,ACTIVA,1,LAS 20,0,4.56471060,-72.76637337,2062400.2139,5025904.58539,
8623,70,2,ACTIVA,1,LAS 20,0,4.56464387,-72.76632042,2062392.8425,5025910.45930,
8624,70,3,ACTIVA,1,LAS 20,0,4.56457194,-72.76626275,2062384.8967,5025916.85658,
8625,70,4,ACTIVA,1,LAS 20,0,4.56450051,-72.76620375,2062377.0062,5025923.40088,
8626,70,5,ACTIVA,1,LAS 20,0,4.56443335,-72.76614702,2062369.5874,5025929.69298,
8627,70,6,ACTIVA,1,LAS 20,0,4.56435951,-72.76608503,2062361.4306,5025936.56960,
8628,70,7,ACTIVA,1,LAS 20,0,4.56429173,-72.76603654,2062353.9430,5025941.94901,
8629,70,8,ACTIVA,1,LAS 20,0,4.56422025,-72.76598246,2062346.0466,5025947.94721,
8630,70,9,ACTIVA,1,LAS 20,0,4.56415093,-72.76592192,2062338.3901,5025954.66329,
8631,70,10,ACTIVA,1,LAS 20,0,4.56408033,-72.76586536,2062330.5908,5025960.93642,
8632,70,11,ACTIVA,1,LAS 20,0,4.56401758,-72.76581253,2062323.6590,5025966.79683,
8633,70,12,ACTIVA,1,LAS 20,0,4.56394787,-72.76575798,2062315.9585,5025972.84844,
8634,70,13,ACTIVA,1,LAS 20,0,4.56387411,-72.76569531,2062307.8112,5025979.79954,
8635,71,1,ACTIVA,1,LAS 20,0,4.56473818,-72.76629155,2062403.2642,5025913.65721,
8636,71,2,ACTIVA,1,LAS 20,0,4.56466688,-72.76624042,2062395.3874,5025919.32840,
8637,71,3,ACTIVA,1,LAS 20,0,4.56459961,-72.76617316,2062387.9571,5025926.78956,
8638,71,4,ACTIVA,1,LAS 20,0,4.56452898,-72.76611800,2062380.1548,5025932.90826,
8639,71,5,ACTIVA,1,LAS 20,0,4.56446777,-72.76606822,2062373.3928,5025938.42992,
8640,71,6,ACTIVA,1,LAS 20,0,4.56438637,-72.76600700,2062364.4015,5025945.22030,
8641,71,7,ACTIVA,1,LAS 20,0,4.56432179,-72.76595386,2062357.2680,5025951.11502,
8642,71,8,ACTIVA,1,LAS 20,0,4.56425520,-72.76589870,2062349.9116,5025957.23358,
8643,71,9,ACTIVA,1,LAS 20,0,4.56417763,-72.76583135,2062341.3426,5025964.70406,
8644,71,10,ACTIVA,1,LAS 20,0,4.56411090,-72.76577969,2062333.9713,5025970.43478,
8645,71,11,ACTIVA,1,LAS 20,0,4.56404460,-72.76572760,2062326.6475,5025976.21321,
8646,71,12,ACTIVA,1,LAS 20,0,4.56396710,-72.76566862,2062318.0871,5025982.75583,
8647,71,13,ACTIVA,1,LAS 20,0,4.56389666,-72.76561012,2062310.3057,5025989.24448,
8648,72,1,ACTIVA,1,LAS 20,0,4.56476778,-72.76620208,2062406.5378,5025923.57626,
8649,72,2,ACTIVA,1,LAS 20,0,4.56468975,-72.76614221,2062397.9180,5025930.21734,
8650,72,3,ACTIVA,1,LAS 20,0,4.56462248,-72.76609109,2062390.4872,5025935.88840,
8651,72,4,ACTIVA,1,LAS 20,0,4.56455992,-72.76603972,2062383.5766,5025941.58614,
8652,72,5,ACTIVA,1,LAS 20,0,4.56448501,-72.76597859,2062375.3018,5025948.36733,
8653,72,6,ACTIVA,1,LAS 20,0,4.56442001,-72.76591961,2062368.1210,5025954.90949,
8654,72,7,ACTIVA,1,LAS 20,0,4.56434897,-72.76586278,2062360.2741,5025961.21318,
8655,72,8,ACTIVA,1,LAS 20,0,4.56428480,-72.76580991,2062353.1852,5025967.07806,
8656,72,9,ACTIVA,1,LAS 20,0,4.56420273,-72.76575542,2062344.1193,5025973.12259,
8657,72,10,ACTIVA,1,LAS 20,0,4.56413748,-72.76569824,2062336.9116,5025979.46487,
8658,72,11,ACTIVA,1,LAS 20,0,4.56406914,-72.76564150,2062329.3620,5025985.75952,
8659,72,12,ACTIVA,1,LAS 20,0,4.56399724,-72.76558252,2062321.4201,5025992.30194,
8660,72,13,ACTIVA,1,LAS 20,0,4.56392965,-72.76552397,2062313.9538,5025998.79646,
8661,73,1,ACTIVA,1,LAS 20,0,4.56486263,-72.76617450,2062417.0189,5025926.63094,
8662,73,2,ACTIVA,1,LAS 20,0,4.56479940,-72.76612540,2062410.0339,5025932.07809,
8663,73,3,ACTIVA,1,LAS 20,0,4.56471868,-72.76605947,2062401.1171,5025939.39055,
8664,73,4,ACTIVA,1,LAS 20,0,4.56465410,-72.76600835,2062393.9835,5025945.06151,
8665,73,5,ACTIVA,1,LAS 20,0,4.56458705,-72.76595104,2062386.5767,5025951.41876,
8666,73,6,ACTIVA,1,LAS 20,0,4.56451353,-72.76589051,2062378.4559,5025958.13308,
8667,73,7,ACTIVA,1,LAS 20,0,4.56444465,-72.76583733,2062370.8468,5025964.03189,
8668,73,8,ACTIVA,1,LAS 20,0,4.56437742,-72.76578112,2062363.4204,5025970.26671,
8669,73,9,ACTIVA,1,LAS 20,0,4.56430082,-72.76571940,2062354.9591,5025977.11289,
8670,73,10,ACTIVA,1,LAS 20,0,4.56423531,-72.76566517,2062347.7229,5025983.12807,
8671,73,11,ACTIVA,1,LAS 20,0,4.56416729,-72.76561136,2062340.2089,5025989.09751,
8672,73,12,ACTIVA,1,LAS 20,0,4.56409858,-72.76555712,2062332.6188,5025995.11471,
8673,73,13,ACTIVA,1,LAS 20,0,4.56402309,-72.76549402,2062324.2794,5026002.11361,
8674,74,1,ACTIVA,1,LAS 20,0,4.56489266,-72.76608861,2062420.3402,5025936.15330,
8675,74,2,ACTIVA,1,LAS 20,0,4.56482469,-72.76603628,2062412.8318,5025941.95852,
8676,74,3,ACTIVA,1,LAS 20,0,4.56475021,-72.76597256,2062404.6047,5025949.02611,
8677,74,4,ACTIVA,1,LAS 20,0,4.56468434,-72.76591918,2062397.3285,5025954.94773,
8678,74,5,ACTIVA,1,LAS 20,0,4.56461331,-72.76586450,2062389.4815,5025961.01274,
8679,74,6,ACTIVA,1,LAS 20,0,4.56454141,-72.76580380,2062381.5397,5025967.74609,
8680,74,7,ACTIVA,1,LAS 20,0,4.56447253,-72.76575171,2062373.9305,5025973.52461,
8681,74,8,ACTIVA,1,LAS 20,0,4.56440795,-72.76569402,2062366.7971,5025979.92355,
8682,74,9,ACTIVA,1,LAS 20,0,4.56433089,-72.76563159,2062358.2845,5025986.84804,
8683,74,10,ACTIVA,1,LAS 20,0,4.56426028,-72.76558079,2062350.4850,5025992.48342,
8684,74,11,ACTIVA,1,LAS 20,0,4.56419355,-72.76552784,2062343.1137,5025998.35734,
8685,74,12,ACTIVA,1,LAS 20,0,4.56412063,-72.76546564,2062335.0577,5026005.25686,
8686,74,13,ACTIVA,1,LAS 20,0,4.56405536,-72.76540945,2062327.8482,5026011.48970,
8687,75,2,ACTIVA,1,LAS 20,0,4.56492457,-72.76600657,2062423.8690,5025945.24871,
8688,75,3,ACTIVA,1,LAS 20,0,4.56484665,-72.76594458,2062415.2612,5025952.12548,
8689,75,4,ACTIVA,1,LAS 20,0,4.56477720,-72.76588861,2062407.5897,5025958.33364,
8690,75,5,ACTIVA,1,LAS 20,0,4.56471531,-72.76584085,2062400.7533,5025963.63157,
8691,75,6,ACTIVA,1,LAS 20,0,4.56463914,-72.76577453,2062392.3389,5025970.98862,
8692,75,7,ACTIVA,1,LAS 20,0,4.56456919,-72.76572050,2062384.6118,5025976.98104,
8693,75,8,ACTIVA,1,LAS 20,0,4.56449938,-72.76566932,2062376.9006,5025982.65911,
8694,75,9,ACTIVA,1,LAS 20,0,4.56443034,-72.76560964,2062369.2738,5025989.27899,
8695,75,10,ACTIVA,1,LAS 20,0,4.56436059,-72.76555023,2062361.5697,5025995.86906,
8696,75,11,ACTIVA,1,LAS 20,0,4.56429042,-72.76549555,2062353.8179,5026001.93405,
8697,75,12,ACTIVA,1,LAS 20,0,4.56422541,-72.76544389,2062346.6368,5026007.66470,
8698,75,13,ACTIVA,1,LAS 20,0,4.56414706,-72.76537845,2062337.9816,5026014.92339,
8699,75,14,ACTIVA,1,LAS 20,0,4.56408722,-72.76532205,2062331.3715,5026021.17896,
8700,75,1,ACTIVA,1,LAS 20,0,4.56498573,-72.76605073,2062430.6252,5025940.35060,
8701,76,1,ACTIVA,1,LAS 20,0,4.56501936,-72.76597404,2062434.3443,5025948.85235,
8702,76,2,ACTIVA,1,LAS 20,0,4.56495142,-72.76591754,2062426.8393,5025955.12012,
8703,76,3,ACTIVA,1,LAS 20,0,4.56488012,-72.76585700,2062418.9628,5025961.83555,
8704,76,4,ACTIVA,1,LAS 20,0,4.56480962,-72.76580337,2062411.1753,5025967.78419,
8705,76,5,ACTIVA,1,LAS 20,0,4.56473902,-72.76574869,2062403.3759,5025973.84919,
8706,76,6,ACTIVA,1,LAS 20,0,4.56466841,-72.76568885,2062395.5767,5025980.48702,
8707,76,7,ACTIVA,1,LAS 20,0,4.56460039,-72.76563289,2062388.0628,5025986.69513,
8708,76,8,ACTIVA,1,LAS 20,0,4.56453521,-72.76558008,2062380.8621,5025992.55309,
8709,76,9,ACTIVA,1,LAS 20,0,4.56445536,-72.76551493,2062372.0424,5025999.77957,
8710,76,10,ACTIVA,1,LAS 20,0,4.56438875,-72.76546497,2062364.6834,5026005.32189,
8711,76,11,ACTIVA,1,LAS 20,0,4.56432507,-72.76540864,2062357.6494,5026011.57016,
8712,76,12,ACTIVA,1,LAS 20,0,4.56424466,-72.76535209,2062348.7666,5026017.84294,
8713,76,13,ACTIVA,1,LAS 20,0,4.56417224,-72.76529660,2062340.7670,5026023.99811,
8714,77,1,ACTIVA,1,LAS 20,0,4.56511761,-72.76594206,2062445.2016,5025952.39494,
8715,77,2,ACTIVA,1,LAS 20,0,4.56504659,-72.76588671,2062437.3557,5025958.53485,
8716,77,3,ACTIVA,1,LAS 20,0,4.56496969,-72.76582548,2062428.8606,5025965.32672,
8717,77,4,ACTIVA,1,LAS 20,0,4.56490099,-72.76577371,2062421.2716,5025971.06938,
8718,77,5,ACTIVA,1,LAS 20,0,4.56483670,-72.76572243,2062414.1698,5025976.75756,
8719,77,6,ACTIVA,1,LAS 20,0,4.56477164,-72.76566733,2062406.9836,5025982.87010,
8720,77,7,ACTIVA,1,LAS 20,0,4.56469734,-72.76560359,2062398.7760,5025989.94024,
8721,77,8,ACTIVA,1,LAS 20,0,4.56463023,-72.76554922,2062391.3631,5025995.97138,
8722,77,9,ACTIVA,1,LAS 20,0,4.56455811,-72.76549589,2062383.3954,5026001.88729,
8723,77,10,ACTIVA,1,LAS 20,0,4.56448616,-72.76543389,2062375.4483,5026008.76385,
8724,77,11,ACTIVA,1,LAS 20,0,4.56441618,-72.76537827,2062367.7174,5026014.93428,
8725,77,12,ACTIVA,1,LAS 20,0,4.56434858,-72.76532781,2062360.2503,5026020.53094,
8726,77,13,ACTIVA,1,LAS 20,0,4.56427658,-72.76526560,2062352.2964,5026027.43127,
8727,77,14,ACTIVA,1,LAS 20,0,4.56420604,-72.76520976,2062344.5047,5026033.62549,
8728,78,1,ACTIVA,1,LAS 20,0,4.56521362,-72.76590973,2062455.8109,5025955.97614,
8729,78,2,ACTIVA,1,LAS 20,0,4.56514211,-72.76585585,2062447.9108,5025961.95312,
8730,78,3,ACTIVA,1,LAS 20,0,4.56507451,-72.76580393,2062440.4437,5025967.71271,
8731,78,4,ACTIVA,1,LAS 20,0,4.56500152,-72.76574515,2062432.3815,5025974.23288,
8732,78,5,ACTIVA,1,LAS 20,0,4.56493491,-72.76568833,2062425.0228,5025980.53556,
8733,78,6,ACTIVA,1,LAS 20,0,4.56486976,-72.76563788,2062417.8262,5025986.13213,
8734,78,7,ACTIVA,1,LAS 20,0,4.56479264,-72.76557530,2062409.3073,5025993.07392,
8735,78,8,ACTIVA,1,LAS 20,0,4.56472681,-72.76552043,2062402.0351,5025999.15933,
8736,78,9,ACTIVA,1,LAS 20,0,4.56465659,-72.76546369,2062394.2780,5026005.45346,
8737,78,10,ACTIVA,1,LAS 20,0,4.56458417,-72.76540632,2062386.2785,5026011.81719,
8738,78,11,ACTIVA,1,LAS 20,0,4.56451365,-72.76535035,2062378.4890,5026018.02660,
8739,78,12,ACTIVA,1,LAS 20,0,4.56444802,-72.76529450,2062371.2385,5026024.22064,
8740,78,13,ACTIVA,1,LAS 20,0,4.56437650,-72.76524160,2062363.3384,5026030.08901,
8741,78,14,ACTIVA,1,LAS 20,0,4.56430205,-72.76518135,2062355.1138,5026036.77218,
8742,78,15,ACTIVA,1,LAS 20,0,4.56423525,-72.76512700,2062347.7356,5026042.80114,
8743,79,1,ACTIVA,1,LAS 20,0,4.56539248,-72.76594154,2062475.5727,5025952.44284,
8744,79,2,ACTIVA,1,LAS 20,0,4.56531239,-72.76588182,2062466.7248,5025959.06804,
8745,79,3,ACTIVA,1,LAS 20,0,4.56524086,-72.76582779,2062458.8235,5025965.06103,
8746,79,4,ACTIVA,1,LAS 20,0,4.56517065,-72.76577463,2062451.0678,5025970.95834,
8747,79,5,ACTIVA,1,LAS 20,0,4.56510288,-72.76572106,2062443.5813,5025976.90057,
8748,79,6,ACTIVA,1,LAS 20,0,4.56503186,-72.76566059,2062435.7362,5025983.60789,
8749,79,7,ACTIVA,1,LAS 20,0,4.56496003,-72.76560580,2062427.8013,5025989.68527,
8750,79,8,ACTIVA,1,LAS 20,0,4.56489185,-72.76554899,2062420.2700,5025995.98750,
8751,79,9,ACTIVA,1,LAS 20,0,4.56481961,-72.76548852,2062412.2904,5026002.69487,
8752,79,10,ACTIVA,1,LAS 20,0,4.56474981,-72.76543089,2062404.5798,5026009.08716,
8753,79,11,ACTIVA,1,LAS 20,0,4.56468894,-72.76537976,2062397.8554,5026014.75916,
8754,79,12,ACTIVA,1,LAS 20,0,4.56460980,-72.76531807,2062389.1136,5026021.60178,
8755,79,13,ACTIVA,1,LAS 20,0,4.56454040,-72.76526897,2062381.4475,5026027.04909,
8756,79,14,ACTIVA,1,LAS 20,0,4.56446817,-72.76521377,2062373.4677,5026033.17149,
8757,79,15,ACTIVA,1,LAS 20,0,4.56439836,-72.76515006,2062365.7573,5026040.23876,
8758,79,16,ACTIVA,1,LAS 20,0,4.56432653,-72.76509243,2062357.8225,5026046.63114,
8759,80,1,ACTIVA,1,LAS 20,0,4.56562193,-72.76602989,2062500.9222,5025942.63813,
8760,80,2,ACTIVA,1,LAS 20,0,4.56555335,-72.76596932,2062493.3462,5025949.35660,
8761,80,3,ACTIVA,1,LAS 20,0,4.56547979,-72.76591733,2062485.2206,5025955.12466,
8762,80,4,ACTIVA,1,LAS 20,0,4.56541194,-72.76586469,2062477.7256,5025960.96283,
8763,80,5,ACTIVA,1,LAS 20,0,4.56534150,-72.76579654,2062469.9453,5025968.52229,
8764,80,6,ACTIVA,1,LAS 20,0,4.56526967,-72.76574054,2062462.0104,5025974.73465,
8765,80,7,ERRADICADA,0,LAS 20,0,4.56520149,-72.76568602,2062454.4784,5025980.78165,
8766,80,8,ACTIVA,1,LAS 20,0,4.56512596,-72.76562564,2062446.1351,5025987.48000,
8767,80,9,ACTIVA,1,LAS 20,0,4.56505748,-72.76557427,2062438.5699,5025993.17758,
8768,80,10,ACTIVA,1,LAS 20,0,4.56499026,-72.76552164,2062431.1450,5025999.01573,
8769,80,11,ACTIVA,1,LAS 20,0,4.56491797,-72.76546014,2062423.1599,5026005.83841,
8770,80,12,ACTIVA,1,LAS 20,0,4.56484632,-72.76540624,2062415.2445,5026011.81735,
8771,80,13,ACTIVA,1,LAS 20,0,4.56477847,-72.76535234,2062407.7495,5026017.79615,
8772,80,14,ACTIVA,1,LAS 20,0,4.56471569,-72.76530034,2062400.8150,5026023.56383,
8773,80,15,ACTIVA,1,LAS 20,0,4.56463902,-72.76523406,2062392.3452,5026030.91541,
8774,80,16,ACTIVA,1,LAS 20,0,4.56456962,-72.76517928,2062384.6793,5026036.99270,
8775,80,17,ACTIVA,1,LAS 20,0,4.56450266,-72.76512490,2062377.2825,5026043.02491,
8776,80,18,ACTIVA,1,LAS 20,0,4.56442961,-72.76506281,2062369.2133,5026049.91231,
8777,80,19,ACTIVA,1,LAS 20,0,4.56435940,-72.76500721,2062361.4577,5026056.07963,
8778,82,18,ACTIVA,1,LAS 20,0,4.56448683,-72.76489869,2062375.5413,5026068.10766,
8779,81,1,ACTIVA,1,LAS 20,0,4.56564474,-72.76593719,2062503.4460,5025952.91572,
8780,81,2,ACTIVA,1,LAS 20,0,4.56557841,-72.76588549,2062496.1182,5025958.65111,
8781,81,3,ACTIVA,1,LAS 20,0,4.56551042,-72.76582767,2062488.6086,5025965.06472,
8782,81,4,ACTIVA,1,LAS 20,0,4.56543924,-72.76577800,2062480.7454,5025970.57505,
8783,81,5,ACTIVA,1,LAS 20,0,4.56536423,-72.76571612,2062472.4591,5025977.43817,
8784,81,6,ACTIVA,1,LAS 20,0,4.56529633,-72.76566301,2062464.9591,5025983.32966,
8785,81,7,ACTIVA,1,LAS 20,0,4.56522973,-72.76560375,2062457.6020,5025989.90350,
8786,81,8,ACTIVA,1,LAS 20,0,4.56515649,-72.76554382,2062449.5117,5025996.55043,
8787,81,9,ACTIVA,1,LAS 20,0,4.56508851,-72.76548811,2062442.0021,5026002.73091,
8788,81,10,ACTIVA,1,LAS 20,0,4.56502263,-72.76543134,2062434.7248,5026009.02788,
8789,81,11,ACTIVA,1,LAS 20,0,4.56494448,-72.76537562,2062426.0922,5026015.20873,
8790,81,12,ACTIVA,1,LAS 20,0,4.56487856,-72.76532244,2062418.8100,5026021.10744,
8791,81,13,ACTIVA,1,LAS 20,0,4.56481176,-72.76526933,2062411.4309,5026026.99889,
8792,81,14,ACTIVA,1,LAS 20,0,4.56473703,-72.76520041,2062403.1764,5026034.64399,
8793,81,15,ACTIVA,1,LAS 20,0,4.56466870,-72.76514910,2062395.6279,5026040.33490,
8794,81,16,ACTIVA,1,LAS 20,0,4.56460282,-72.76509318,2062388.3505,5026046.53863,
8795,81,17,ACTIVA,1,LAS 20,0,4.56452257,-72.76503711,2062379.4857,5026052.75842,
8796,81,18,ACTIVA,1,LAS 20,0,4.56445669,-72.76498104,2062372.2084,5026058.97769,
8797,82,1,ACTIVA,1,LAS 20,0,4.56567359,-72.76585191,2062506.6367,5025962.37053,
8798,82,2,ACTIVA,1,LAS 20,0,4.56560405,-72.76579716,2062498.9552,5025968.44421,
8799,82,3,ACTIVA,1,LAS 20,0,4.56553780,-72.76574241,2062491.6366,5025974.51777,
8800,82,4,ACTIVA,1,LAS 20,0,4.56546333,-72.76568327,2062483.4108,5025981.07732,
8801,82,5,ACTIVA,1,LAS 20,0,4.56539763,-72.76562852,2062476.1528,5025987.15086,
8802,82,6,ERRADICADA,0,LAS 20,0,4.56532858,-72.76557130,2062468.5256,5025993.49778,
8803,82,7,ACTIVA,1,LAS 20,0,4.56526020,-72.76551463,2062460.9714,5025999.78385,
8804,82,8,ACTIVA,1,LAS 20,0,4.56518172,-72.76546077,2062452.3025,5026005.75829,
8805,82,9,ACTIVA,1,LAS 20,0,4.56511514,-72.76540716,2062444.9477,5026011.70558,
8806,82,10,ACTIVA,1,LAS 20,0,4.56504720,-72.76534982,2062437.4429,5026018.06577,
8807,82,11,ACTIVA,1,LAS 20,0,4.56497217,-72.76528871,2062429.1543,5026024.84391,
8808,82,12,ACTIVA,1,LAS 20,0,4.56490734,-72.76523650,2062421.9930,5026030.63573,
8809,82,13,ACTIVA,1,LAS 20,0,4.56483690,-72.76517868,2062414.2123,5026037.04943,
8810,82,14,ACTIVA,1,LAS 20,0,4.56476472,-72.76512051,2062406.2381,5026043.50206,
8811,82,15,ACTIVA,1,LAS 20,0,4.56469814,-72.76506830,2062398.8833,5026049.29394,
8812,82,16,ACTIVA,1,LAS 20,0,4.56462833,-72.76501253,2062391.1727,5026055.47935,
8813,82,17,ACTIVA,1,LAS 20,0,4.56455551,-72.76494847,2062383.1286,5026062.58526,
8814,83,1,ACTIVA,1,LAS 20,0,4.56570141,-72.76576775,2062509.7131,5025971.70214,
8815,83,2,ACTIVA,1,LAS 20,0,4.56563728,-72.76571133,2062502.6294,5025977.96019,
8816,83,3,ACTIVA,1,LAS 20,0,4.56556894,-72.76565981,2062495.0809,5025983.67441,
8817,83,4,ACTIVA,1,LAS 20,0,4.56549181,-72.76559731,2062486.5599,5025990.60804,
8818,83,5,ACTIVA,1,LAS 20,0,4.56542610,-72.76554365,2062479.3018,5025996.56016,
8819,83,6,ACTIVA,1,LAS 20,0,4.56535448,-72.76549301,2062471.3903,5026002.17736,
8820,83,7,ACTIVA,1,LAS 20,0,4.56528119,-72.76542810,2062463.2940,5026009.37760,
8821,83,8,ACTIVA,1,LAS 20,0,4.56521326,-72.76537387,2062455.7905,5026015.39333,
8822,83,9,ACTIVA,1,LAS 20,0,4.56514633,-72.76531920,2062448.3969,5026021.45720,
8823,83,10,ACTIVA,1,LAS 20,0,4.56507064,-72.76525788,2062440.0357,5026028.25965,
8824,83,11,ACTIVA,1,LAS 20,0,4.56500090,-72.76520671,2062432.3323,5026033.93508,
8825,83,12,ACTIVA,1,LAS 20,0,4.56493362,-72.76515100,2062424.9000,5026040.11554,
8826,83,13,ACTIVA,1,LAS 20,0,4.56486178,-72.76509318,2062416.9646,5026046.52929,
8827,83,14,ERRADICADA,0,LAS 20,0,4.56479262,-72.76503613,2062409.3243,5026052.85675,
8828,83,15,ACTIVA,1,LAS 20,0,4.56472306,-72.76497913,2062401.6404,5026059.17936,
8829,83,16,ACTIVA,1,LAS 20,0,4.56465462,-72.76492602,2062394.0799,5026065.07087,
8830,83,17,ACTIVA,1,LAS 20,0,4.56458179,-72.76486715,2062386.0355,5026071.60124,
8831,84,1,ACTIVA,1,LAS 20,0,4.56573273,-72.76568354,2062513.1773,5025981.03733,
8832,84,2,ACTIVA,1,LAS 20,0,4.56566235,-72.76562553,2062505.4029,5025987.47230,
8833,84,3,ACTIVA,1,LAS 20,0,4.56558582,-72.76556824,2062496.9488,5025993.82824,
8834,84,4,ACTIVA,1,LAS 20,0,4.56552220,-72.76551238,2062489.9213,5026000.02331,
8835,84,5,ACTIVA,1,LAS 20,0,4.56545234,-72.76546095,2062482.2040,5026005.72854,
8836,84,6,ACTIVA,1,LAS 20,0,4.56538548,-72.76540438,2062474.8184,5026012.00393,
8837,84,7,ACTIVA,1,LAS 20,0,4.56530919,-72.76534566,2062466.3910,5026018.51728,
8838,84,8,ACTIVA,1,LAS 20,0,4.56524233,-72.76529037,2062459.0054,5026024.65011,
8839,84,9,ACTIVA,1,LAS 20,0,4.56517590,-72.76523851,2062451.6670,5026030.40274,
8840,84,10,ACTIVA,1,LAS 20,0,4.56509575,-72.76517465,2062442.8136,5026037.48650,
8841,84,11,ACTIVA,1,LAS 20,0,4.56502999,-72.76511821,2062435.5493,5026043.74701,
8842,84,12,ACTIVA,1,LAS 20,0,4.56496503,-72.76506665,2062428.3737,5026049.46692,
8843,84,13,ACTIVA,1,LAS 20,0,4.56488746,-72.76500622,2062419.8043,5026056.17041,
8844,84,14,ACTIVA,1,LAS 20,0,4.56482060,-72.76495307,2062412.4186,5026062.06563,
8845,84,15,ACTIVA,1,LAS 20,0,4.56475374,-72.76489864,2062405.0329,5026068.10342,
8846,84,16,ACTIVA,1,LAS 20,0,4.56467959,-72.76483778,2062396.8424,5026074.85431,
8847,84,17,ACTIVA,1,LAS 20,0,4.56460935,-72.76478232,2062389.0836,5026081.00628,
8848,85,1,ACTIVA,1,LAS 20,0,4.56575816,-72.76559704,2062515.9902,5025990.62773,
8849,85,2,ACTIVA,1,LAS 20,0,4.56569259,-72.76554648,2062508.7471,5025996.23608,
8850,85,3,ACTIVA,1,LAS 20,0,4.56562149,-72.76548368,2062500.8934,5026003.20233,
8851,85,4,ACTIVA,1,LAS 20,0,4.56555205,-72.76542781,2062493.2223,5026009.39935,
8852,85,5,ACTIVA,1,LAS 20,0,4.56548663,-72.76537350,2062485.9957,5026015.42377,
8853,85,6,ACTIVA,1,LAS 20,0,4.56540825,-72.76531549,2062477.3372,5026021.85925,
8854,85,7,ACTIVA,1,LAS 20,0,4.56533868,-72.76526051,2062469.6524,5026027.95773,
8855,85,8,ACTIVA,1,LAS 20,0,4.56526995,-72.76520561,2062462.0604,5026034.04797,
8856,85,9,ACTIVA,1,LAS 20,0,4.56519885,-72.76514991,2062454.2065,5026040.22589,
8857,85,10,ACTIVA,1,LAS 20,0,4.56512851,-72.76509125,2062446.4365,5026046.73313,
8858,85,11,ACTIVA,1,LAS 20,0,4.56505925,-72.76503918,2062438.7849,5026052.50981,
8859,85,12,ERRADICADA,0,LAS 20,0,4.56498979,-72.76497983,2062431.1126,5026059.09227,
8860,85,13,ACTIVA,1,LAS 20,0,4.56491841,-72.76491885,2062423.2276,5026065.85717,
8861,85,14,ACTIVA,1,LAS 20,0,4.56484929,-72.76486789,2062415.5917,5026071.50946,
8862,85,15,ACTIVA,1,LAS 20,0,4.56478332,-72.76481141,2062408.3052,5026077.77479,
8863,85,16,ACTIVA,1,LAS 20,0,4.56470630,-72.76475413,2062399.7967,5026084.12812,
8864,85,17,ACTIVA,1,LAS 20,0,4.56463936,-72.76470473,2062392.4018,5026089.60865,
8865,86,1,ACTIVA,1,LAS 20,0,4.56579028,-72.76551484,2062519.5419,5025999.74178,
8866,86,2,ACTIVA,1,LAS 20,0,4.56572239,-72.76546176,2062512.0425,5026005.62942,
8867,86,3,ACTIVA,1,LAS 20,0,4.56564586,-72.76540189,2062503.5887,5026012.27014,
8868,86,4,ACTIVA,1,LAS 20,0,4.56557920,-72.76534697,2062496.2257,5026018.36303,
8869,86,5,ACTIVA,1,LAS 20,0,4.56551129,-72.76529172,2062488.7237,5026024.49156,
8870,86,6,ACTIVA,1,LAS 20,0,4.56543664,-72.76522694,2062480.4773,5026031.67693,
8871,86,7,ACTIVA,1,LAS 20,0,4.56536988,-72.76517322,2062473.1034,5026037.63571,
8872,86,8,ACTIVA,1,LAS 20,0,4.56530076,-72.76511792,2062465.4678,5026043.76976,
8873,86,9,ACTIVA,1,LAS 20,0,4.56522650,-72.76505986,2062457.2648,5026050.21057,
8874,86,10,ACTIVA,1,LAS 20,0,4.56515738,-72.76500890,2062449.6289,5026055.86286,
8875,86,11,ACTIVA,1,LAS 20,0,4.56509181,-72.76495123,2062442.3861,5026062.25957,
8876,86,12,ACTIVA,1,LAS 20,0,4.56501518,-72.76489080,2062433.9214,5026068.96325,
8877,86,13,ACTIVA,1,LAS 20,0,4.56494645,-72.76484024,2062426.3292,5026074.57173,
8878,86,14,ACTIVA,1,LAS 20,0,4.56487812,-72.76478060,2062418.7809,5026081.18753,
8879,86,15,ACTIVA,1,LAS 20,0,4.56480650,-72.76472115,2062410.8699,5026087.78154,
8880,86,16,ACTIVA,1,LAS 20,0,4.56473553,-72.76467178,2062403.0294,5026093.25872,
8881,87,1,ACTIVA,1,LAS 20,0,4.56581662,-72.76543194,2062522.4554,5026008.93269,
8882,87,2,ERRADICADA,0,LAS 20,0,4.56574893,-72.76537320,2062514.9781,5026015.44854,
8883,87,3,ACTIVA,1,LAS 20,0,4.56567857,-72.76531364,2062507.2061,5026022.05481,
8884,87,4,ACTIVA,1,LAS 20,0,4.56561201,-72.76525972,2062499.8541,5026028.03548,
8885,87,5,ACTIVA,1,LAS 20,0,4.56553880,-72.76520223,2062491.7663,5026034.41318,
8886,87,6,ACTIVA,1,LAS 20,0,4.56546445,-72.76514905,2062483.5531,5026040.31263,
8887,87,7,ACTIVA,1,LAS 20,0,4.56539200,-72.76509225,2062475.5504,5026046.61326,
8888,87,8,ACTIVA,1,LAS 20,0,4.56532740,-72.76503776,2062468.4139,5026052.65682,
8889,87,10,ACTIVA,1,LAS 20,0,4.56518360,-72.76492050,2062452.5290,5026065.66420,
8890,87,9,ACTIVA,1,LAS 20,0,4.56525099,-72.76497651,2062459.9737,5026059.45083,
8891,87,11,ACTIVA,1,LAS 20,0,4.56511818,-72.76486866,2062445.3024,5026071.41490,
8892,87,12,ACTIVA,1,LAS 20,0,4.56504323,-72.76480746,2062437.0231,5026078.20338,
8893,87,13,ACTIVA,1,LAS 20,0,4.56497805,-72.76475216,2062429.8239,5026084.33729,
8894,87,14,ACTIVA,1,LAS 20,0,4.56490774,-72.76469765,2062422.0572,5026090.38380,
8895,87,15,ACTIVA,1,LAS 20,0,4.56483191,-72.76463564,2062413.6798,5026097.26265,
8896,87,16,ACTIVA,1,LAS 20,0,4.56476634,-72.76458626,2062406.4367,5026102.73963,
8897,88,1,ACTIVA,1,LAS 20,0,4.56585147,-72.76534963,2062526.3097,5026018.05820,
8898,88,2,ACTIVA,1,LAS 20,0,4.56577355,-72.76528826,2062517.7019,5026024.86482,
8899,88,3,ACTIVA,1,LAS 20,0,4.56570286,-72.76523124,2062509.8936,5026031.18982,
8900,88,4,ACTIVA,1,LAS 20,0,4.56563544,-72.76517766,2062502.4459,5026037.13337,
8901,88,5,ACTIVA,1,LAS 20,0,4.56556338,-72.76511521,2062494.4859,5026044.06079,
8902,88,6,ACTIVA,1,LAS 20,0,4.56549720,-72.76506194,2062487.1748,5026049.97020,
8903,88,7,ACTIVA,1,LAS 20,0,4.56542696,-72.76500457,2062479.4160,5026056.33397,
8904,88,8,ACTIVA,1,LAS 20,0,4.56534901,-72.76494609,2062470.8057,5026062.82064,
8905,88,9,ACTIVA,1,LAS 20,0,4.56528327,-72.76489251,2062463.5429,5026068.76437,
8906,88,10,ACTIVA,1,LAS 20,0,4.56521336,-72.76483587,2062455.8207,5026075.04642,
8907,88,11,ACTIVA,1,LAS 20,0,4.56514301,-72.76477830,2062448.0502,5026081.43244,
8908,88,12,ACTIVA,1,LAS 20,0,4.56507562,-72.76472006,2062440.6052,5026087.89316,
8909,88,13,ACTIVA,1,LAS 20,0,4.56500646,-72.76466552,2062432.9663,5026093.94252,
8910,88,14,ACTIVA,1,LAS 20,0,4.56493787,-72.76461436,2062425.3894,5026099.61782,
8911,88,15,ACTIVA,1,LAS 20,0,4.56486164,-72.76455193,2062416.9680,5026106.54266,
8912,89,1,ACTIVA,1,LAS 20,0,4.56587959,-72.76526406,2062529.4201,5026027.54431,
8913,89,2,ACTIVA,1,LAS 20,0,4.56579978,-72.76519900,2062520.6030,5026034.76136,
8914,89,3,ACTIVA,1,LAS 20,0,4.56573203,-72.76515071,2062513.1193,5026040.11865,
8915,89,4,ACTIVA,1,LAS 20,0,4.56566697,-72.76509504,2062505.9323,5026046.29395,
8916,89,5,ACTIVA,1,LAS 20,0,4.56559252,-72.76502662,2062497.7082,5026053.88267,
8917,89,6,ACTIVA,1,LAS 20,0,4.56552246,-72.76497760,2062489.9696,5026059.32037,
8918,89,7,ACTIVA,1,LAS 20,0,4.56545635,-72.76492265,2062482.6669,5026065.41538,
8919,89,8,ERRADICADA,0,LAS 20,0,4.56537907,-72.76486161,2062474.1302,5026072.18684,
8920,89,9,ACTIVA,1,LAS 20,0,4.56531013,-72.76480393,2062466.5145,5026078.58467,
8921,89,10,ACTIVA,1,LAS 20,0,4.56524472,-72.76475223,2062459.2889,5026084.31970,
8922,89,11,ACTIVA,1,LAS 20,0,4.56516530,-72.76468483,2062450.5163,5026091.79556,
8923,89,12,ACTIVA,1,LAS 20,0,4.56510306,-72.76463890,2062443.6402,5026096.89087,
8924,89,13,ACTIVA,1,LAS 20,0,4.56503351,-72.76458267,2062435.9582,5026103.12881,
8925,89,14,ACTIVA,1,LAS 20,0,4.56495925,-72.76452042,2062427.7546,5026110.03330,
8926,90,1,ACTIVA,1,LAS 20,0,4.56590575,-72.76517016,2062532.3139,5026037.95557,
8927,90,2,ACTIVA,1,LAS 20,0,4.56583130,-72.76511382,2062524.0894,5026044.20558,
8928,90,3,ACTIVA,1,LAS 20,0,4.56576415,-72.76506346,2062516.6710,5026049.79192,
8929,90,4,ACTIVA,1,LAS 20,0,4.56569117,-72.76500164,2062508.6097,5026056.64876,
8930,90,5,ACTIVA,1,LAS 20,0,4.56562034,-72.76494712,2062500.7853,5026062.69634,
8931,90,6,ACTIVA,1,LAS 20,0,4.56555466,-72.76489303,2062493.5301,5026068.69614,
8932,90,7,ACTIVA,1,LAS 20,0,4.56548297,-72.76483422,2062485.6110,5026075.21975,
8933,90,8,ACTIVA,1,LAS 20,0,4.56541128,-72.76477885,2062477.6917,5026081.36256,
8934,90,9,ACTIVA,1,LAS 20,0,4.56534131,-72.76472347,2062469.9622,5026087.50532,
8935,90,10,ACTIVA,1,LAS 20,0,4.56527429,-72.76466991,2062462.5596,5026093.44636,
8936,90,11,ACTIVA,1,LAS 20,0,4.56519859,-72.76460983,2062454.1968,5026100.11038,
8937,90,12,ACTIVA,1,LAS 20,0,4.56513335,-72.76455121,2062446.9902,5026106.61288,
8938,90,13,ACTIVA,1,LAS 20,0,4.56506244,-72.76449551,2062439.1572,5026112.79206,
8939,90,14,ACTIVA,1,LAS 20,0,4.56498797,-72.76443771,2062430.9312,5026119.20306,
8940,90,15,ACTIVA,1,LAS 20,0,4.56492884,-72.76439401,2062424.3995,5026124.05087,
8941,91,1,ACTIVA,1,LAS 20,0,4.56592959,-72.76508778,2062534.9504,5026047.08879,
8942,91,2,ACTIVA,1,LAS 20,0,4.56585814,-72.76503088,2062527.0579,5026053.40108,
8943,91,3,ACTIVA,1,LAS 20,0,4.56579208,-72.76498067,2062519.7604,5026058.97003,
8944,91,4,ACTIVA,1,LAS 20,0,4.56571208,-72.76491580,2062510.9237,5026066.16599,
8945,91,5,ACTIVA,1,LAS 20,0,4.56564949,-72.76485953,2062504.0093,5026072.40785,
8946,91,6,ACTIVA,1,LAS 20,0,4.56558166,-72.76480829,2062496.5162,5026078.09185,
8947,91,7,ACTIVA,1,LAS 20,0,4.56550596,-72.76474825,2062488.1543,5026084.75203,
8948,91,8,ACTIVA,1,LAS 20,0,4.56544273,-72.76469197,2062481.1701,5026090.99392,
8949,91,9,ACTIVA,1,LAS 20,0,4.56537123,-72.76463874,2062473.2719,5026096.89959,
8950,91,10,ACTIVA,1,LAS 20,0,4.56529556,-72.76457682,2062464.9129,5026103.76729,
8951,91,11,ACTIVA,1,LAS 20,0,4.56522798,-72.76452300,2062457.4478,5026109.73733,
8952,91,12,ACTIVA,1,LAS 20,0,4.56516607,-72.76446392,2062450.6090,5026116.29045,
8953,91,13,ACTIVA,1,LAS 20,0,4.56509404,-72.76440808,2062442.6522,5026122.48499,
8954,91,14,ACTIVA,1,LAS 20,0,4.56501513,-72.76435224,2062433.9353,5026128.67978,
